array (
  'object' => 
  CustomerThread::__set_state(array(
     'id' => '15',
     'id_shop' => 1,
     'id_lang' => 1,
     'id_contact' => 0,
     'id_customer' => 4,
     'id_order' => 15,
     'id_product' => NULL,
     'status' => 'open',
     'email' => 'jelmer@ijzershop.nl',
     'token' => '34YCwFg6mVdp',
     'date_add' => '2020-08-21 14:50:17',
     'date_upd' => '2020-08-21 14:50:17',
     'webserviceParameters' => 
    array (
      'fields' => 
      array (
        'id_lang' => 
        array (
          'xlink_resource' => 'languages',
        ),
        'id_shop' => 
        array (
          'xlink_resource' => 'shops',
        ),
        'id_customer' => 
        array (
          'xlink_resource' => 'customers',
        ),
        'id_order' => 
        array (
          'xlink_resource' => 'orders',
        ),
        'id_product' => 
        array (
          'xlink_resource' => 'products',
        ),
      ),
      'associations' => 
      array (
        'customer_messages' => 
        array (
          'resource' => 'customer_message',
          'id' => 
          array (
            'required' => true,
          ),
        ),
      ),
    ),
     'id_shop_list' => 
    array (
    ),
     'get_shop_from_context' => true,
     'table' => 'customer_thread',
     'identifier' => 'id_customer_thread',
     'fieldsRequired' => 
    array (
      0 => 'id_lang',
      1 => 'id_contact',
      2 => 'token',
    ),
     'fieldsSize' => 
    array (
      'email' => 255,
    ),
     'fieldsValidate' => 
    array (
      'id_lang' => 'isUnsignedId',
      'id_contact' => 'isUnsignedId',
      'id_shop' => 'isUnsignedId',
      'id_customer' => 'isUnsignedId',
      'id_order' => 'isUnsignedId',
      'id_product' => 'isUnsignedId',
      'email' => 'isEmail',
      'token' => 'isGenericName',
      'date_add' => 'isDate',
      'date_upd' => 'isDate',
    ),
     'fieldsRequiredLang' => 
    array (
    ),
     'fieldsSizeLang' => 
    array (
    ),
     'fieldsValidateLang' => 
    array (
    ),
     'tables' => 
    array (
    ),
     'image_dir' => NULL,
     'image_format' => 'jpg',
     'translator' => NULL,
     'def' => 
    array (
      'table' => 'customer_thread',
      'primary' => 'id_customer_thread',
      'fields' => 
      array (
        'id_lang' => 
        array (
          'type' => 1,
          'validate' => 'isUnsignedId',
          'required' => true,
        ),
        'id_contact' => 
        array (
          'type' => 1,
          'validate' => 'isUnsignedId',
          'required' => true,
        ),
        'id_shop' => 
        array (
          'type' => 1,
          'validate' => 'isUnsignedId',
        ),
        'id_customer' => 
        array (
          'type' => 1,
          'validate' => 'isUnsignedId',
        ),
        'id_order' => 
        array (
          'type' => 1,
          'validate' => 'isUnsignedId',
        ),
        'id_product' => 
        array (
          'type' => 1,
          'validate' => 'isUnsignedId',
        ),
        'email' => 
        array (
          'type' => 3,
          'validate' => 'isEmail',
          'size' => 255,
        ),
        'token' => 
        array (
          'type' => 3,
          'validate' => 'isGenericName',
          'required' => true,
        ),
        'status' => 
        array (
          'type' => 3,
        ),
        'date_add' => 
        array (
          'type' => 5,
          'validate' => 'isDate',
        ),
        'date_upd' => 
        array (
          'type' => 5,
          'validate' => 'isDate',
        ),
      ),
      'classname' => 'CustomerThread',
    ),
     'update_fields' => NULL,
     'force_id' => false,
  )),
  'cookie' => 
  Cookie::__set_state(array(
     '_content' => 
    array (
      'id_lang' => '1',
      'date_add' => '2020-08-18 12:30:30',
      'id_currency' => 1,
      'session_id' => '41',
      'session_token' => 'c97888c46643019b5d4b7d8d33a6c1d8f9c6b2e6',
      'id_guest' => '40',
      'id_connections' => '1170',
      'id_customer' => '4',
      'customer_lastname' => 'Stoker',
      'customer_firstname' => 'jelmer',
      'passwd' => '$2y$10$oOR6PVnNcuKrENJBlu3Uo.9qPWb5ptFtcRGjP945RI96IeiUiMHRu',
      'logged' => '1',
      'email' => 'jelmer@ijzershop.nl',
      'is_guest' => '',
      'last_visited_category' => '321',
      'check_cgv' => '',
      'id_cart' => '112',
      'checksum' => '2366769192',
    ),
     '_name' => 'PrestaShop-aa41be85723d4a5a2b94511c94520f31',
     '_expire' => 1599742216,
     '_domain' => 'ijzershop176.local',
     '_path' => '/',
     'cipherTool' => 
    PhpEncryption::__set_state(array(
    )),
     '_modified' => false,
     '_allow_writing' => true,
     '_salt' => 'RYitkuu1',
     '_standalone' => false,
     '_secure' => false,
  )),
  'cart' => 
  Cart::__set_state(array(
     'added_to_order' => 'YS-000003',
     'id' => 112,
     'id_shop_group' => '1',
     'id_shop' => '1',
     'id_address_delivery' => '3',
     'id_address_invoice' => '3',
     'id_currency' => '1',
     'id_customer' => '4',
     'id_guest' => '688',
     'id_lang' => '1',
     'recyclable' => '0',
     'gift' => '0',
     'gift_message' => '',
     'mobile_theme' => '0',
     'date_add' => '2020-08-21 14:43:39',
     'secure_key' => 'dfa60599a75dabe329b3f5b034ec8be6',
     'id_carrier' => '6',
     'date_upd' => '2020-08-21 14:44:17',
     'checkedTos' => false,
     'pictures' => NULL,
     'textFields' => NULL,
     'delivery_option' => '{"3":"6,"}',
     'allow_seperated_package' => '0',
     '_products' => 
    array (
      0 => 
      array (
        'id_product_attribute' => '0',
        'id_product' => '1795',
        'cart_quantity' => '4',
        'id_shop' => '1',
        'id_customization' => NULL,
        'name' => 'efwfewfwf',
        'is_virtual' => '0',
        'description_short' => '<p>efewfewf</p>',
        'available_now' => '',
        'available_later' => '',
        'id_category_default' => '6',
        'id_supplier' => '0',
        'id_manufacturer' => '0',
        'manufacturer_name' => NULL,
        'on_sale' => '0',
        'ecotax' => '0.000000',
        'additional_shipping_cost' => '0.00',
        'available_for_order' => '1',
        'show_price' => '1',
        'price' => 600.0,
        'active' => '1',
        'unity' => '',
        'unit_price_ratio' => '0.000000',
        'quantity_available' => '-4',
        'width' => '0.000000',
        'height' => '0.000000',
        'depth' => '0.000000',
        'out_of_stock' => '2',
        'weight' => 0.0,
        'available_date' => '2020-08-21',
        'date_add' => '2020-08-21 11:07:40',
        'date_upd' => '2020-08-21 11:13:45',
        'quantity' => 4,
        'link_rewrite' => 'jbb2a070d4b0ace11b81c843fd5b5c7a',
        'category' => 'Offerte',
        'unique_id' => '0000001795000000000030',
        'id_address_delivery' => '3',
        'advanced_stock_management' => '0',
        'supplier_reference' => NULL,
        'customization_quantity' => NULL,
        'price_attribute' => NULL,
        'ecotax_attr' => NULL,
        'reference' => '',
        'weight_attribute' => NULL,
        'ean13' => '',
        'isbn' => '',
        'upc' => '',
        'minimal_quantity' => '1',
        'wholesale_price' => '0.000000',
        'id_image' => 'nl-default',
        'legend' => NULL,
        'reduction_type' => 0,
        'is_gift' => false,
        'reduction' => 0.0,
        'reduction_without_tax' => 0.0,
        'price_without_reduction' => 726.0,
        'specific_prices' => 
        array (
        ),
        'stock_quantity' => -4,
        'price_without_reduction_without_tax' => 600.0,
        'price_with_reduction' => 726.0,
        'price_with_reduction_without_tax' => 600.0,
        'total' => 2400.0,
        'total_wt' => 2904.0,
        'price_wt' => 726.0,
        'reduction_applies' => false,
        'quantity_discount_applies' => false,
        'allow_oosp' => true,
        'features' => 
        array (
        ),
        'rate' => 21.0,
        'tax_name' => 'BTW NL 21%',
      ),
    ),
     '_taxCalculationMethod' => '0',
     'webserviceParameters' => 
    array (
      'fields' => 
      array (
        'id_address_delivery' => 
        array (
          'xlink_resource' => 'addresses',
        ),
        'id_address_invoice' => 
        array (
          'xlink_resource' => 'addresses',
        ),
        'id_currency' => 
        array (
          'xlink_resource' => 'currencies',
        ),
        'id_customer' => 
        array (
          'xlink_resource' => 'customers',
        ),
        'id_guest' => 
        array (
          'xlink_resource' => 'guests',
        ),
        'id_lang' => 
        array (
          'xlink_resource' => 'languages',
        ),
      ),
      'associations' => 
      array (
        'cart_rows' => 
        array (
          'resource' => 'cart_row',
          'virtual_entity' => true,
          'fields' => 
          array (
            'id_product' => 
            array (
              'required' => true,
              'xlink_resource' => 'products',
            ),
            'id_product_attribute' => 
            array (
              'required' => true,
              'xlink_resource' => 'combinations',
            ),
            'id_address_delivery' => 
            array (
              'required' => true,
              'xlink_resource' => 'addresses',
            ),
            'id_customization' => 
            array (
              'required' => false,
              'xlink_resource' => 'customizations',
            ),
            'quantity' => 
            array (
              'required' => true,
            ),
          ),
        ),
      ),
    ),
     'configuration' => 
    PrestaShop\PrestaShop\Adapter\Configuration::__set_state(array(
       'shop' => NULL,
       'parameters' => NULL,
    )),
     'addressFactory' => 
    PrestaShop\PrestaShop\Adapter\AddressFactory::__set_state(array(
    )),
     'shouldSplitGiftProductsQuantity' => false,
     'shouldExcludeGiftsDiscount' => false,
     'id_shop_list' => 
    array (
    ),
     'get_shop_from_context' => true,
     'table' => 'cart',
     'identifier' => 'id_cart',
     'fieldsRequired' => 
    array (
      0 => 'id_currency',
      1 => 'id_lang',
    ),
     'fieldsSize' => 
    array (
      'secure_key' => 32,
    ),
     'fieldsValidate' => 
    array (
      'id_shop_group' => 'isUnsignedId',
      'id_shop' => 'isUnsignedId',
      'id_address_delivery' => 'isUnsignedId',
      'id_address_invoice' => 'isUnsignedId',
      'id_carrier' => 'isUnsignedId',
      'id_currency' => 'isUnsignedId',
      'id_customer' => 'isUnsignedId',
      'id_guest' => 'isUnsignedId',
      'id_lang' => 'isUnsignedId',
      'recyclable' => 'isBool',
      'gift' => 'isBool',
      'gift_message' => 'isMessage',
      'mobile_theme' => 'isBool',
      'allow_seperated_package' => 'isBool',
      'date_add' => 'isDate',
      'date_upd' => 'isDate',
    ),
     'fieldsRequiredLang' => 
    array (
    ),
     'fieldsSizeLang' => 
    array (
    ),
     'fieldsValidateLang' => 
    array (
    ),
     'tables' => 
    array (
    ),
     'image_dir' => NULL,
     'image_format' => 'jpg',
     'translator' => NULL,
     'def' => 
    array (
      'table' => 'cart',
      'primary' => 'id_cart',
      'fields' => 
      array (
        'id_shop_group' => 
        array (
          'type' => 1,
          'validate' => 'isUnsignedId',
        ),
        'id_shop' => 
        array (
          'type' => 1,
          'validate' => 'isUnsignedId',
        ),
        'id_address_delivery' => 
        array (
          'type' => 1,
          'validate' => 'isUnsignedId',
        ),
        'id_address_invoice' => 
        array (
          'type' => 1,
          'validate' => 'isUnsignedId',
        ),
        'id_carrier' => 
        array (
          'type' => 1,
          'validate' => 'isUnsignedId',
        ),
        'id_currency' => 
        array (
          'type' => 1,
          'validate' => 'isUnsignedId',
          'required' => true,
        ),
        'id_customer' => 
        array (
          'type' => 1,
          'validate' => 'isUnsignedId',
        ),
        'id_guest' => 
        array (
          'type' => 1,
          'validate' => 'isUnsignedId',
        ),
        'id_lang' => 
        array (
          'type' => 1,
          'validate' => 'isUnsignedId',
          'required' => true,
        ),
        'recyclable' => 
        array (
          'type' => 2,
          'validate' => 'isBool',
        ),
        'gift' => 
        array (
          'type' => 2,
          'validate' => 'isBool',
        ),
        'gift_message' => 
        array (
          'type' => 3,
          'validate' => 'isMessage',
        ),
        'mobile_theme' => 
        array (
          'type' => 2,
          'validate' => 'isBool',
        ),
        'delivery_option' => 
        array (
          'type' => 3,
        ),
        'secure_key' => 
        array (
          'type' => 3,
          'size' => 32,
        ),
        'allow_seperated_package' => 
        array (
          'type' => 2,
          'validate' => 'isBool',
        ),
        'date_add' => 
        array (
          'type' => 5,
          'validate' => 'isDate',
        ),
        'date_upd' => 
        array (
          'type' => 5,
          'validate' => 'isDate',
        ),
        'added_to_order' => 
        array (
          'type' => 3,
        ),
      ),
      'classname' => 'Cart',
    ),
     'update_fields' => NULL,
     'force_id' => false,
  )),
  'altern' => 2,
)array (
  'object' => 
  CustomerThread::__set_state(array(
     'id' => '11',
     'id_shop' => 1,
     'id_lang' => 1,
     'id_contact' => 3,
     'id_customer' => 4,
     'id_order' => 0,
     'id_product' => NULL,
     'status' => 'open',
     'email' => 'jelmer@ijzershop.nl',
     'token' => 'A9OdJe9EcOn6',
     'date_add' => '2020-11-18 15:06:30',
     'date_upd' => '2020-11-18 15:06:30',
     'webserviceParameters' => 
    array (
      'fields' => 
      array (
        'id_lang' => 
        array (
          'xlink_resource' => 'languages',
        ),
        'id_shop' => 
        array (
          'xlink_resource' => 'shops',
        ),
        'id_customer' => 
        array (
          'xlink_resource' => 'customers',
        ),
        'id_order' => 
        array (
          'xlink_resource' => 'orders',
        ),
        'id_product' => 
        array (
          'xlink_resource' => 'products',
        ),
      ),
      'associations' => 
      array (
        'customer_messages' => 
        array (
          'resource' => 'customer_message',
          'id' => 
          array (
            'required' => true,
          ),
        ),
      ),
    ),
     'id_shop_list' => 
    array (
    ),
     'get_shop_from_context' => true,
     'table' => 'customer_thread',
     'identifier' => 'id_customer_thread',
     'fieldsRequired' => 
    array (
      0 => 'id_lang',
      1 => 'id_contact',
      2 => 'token',
    ),
     'fieldsSize' => 
    array (
      'email' => 255,
    ),
     'fieldsValidate' => 
    array (
      'id_lang' => 'isUnsignedId',
      'id_contact' => 'isUnsignedId',
      'id_shop' => 'isUnsignedId',
      'id_customer' => 'isUnsignedId',
      'id_order' => 'isUnsignedId',
      'id_product' => 'isUnsignedId',
      'email' => 'isEmail',
      'token' => 'isGenericName',
      'date_add' => 'isDate',
      'date_upd' => 'isDate',
    ),
     'fieldsRequiredLang' => 
    array (
    ),
     'fieldsSizeLang' => 
    array (
    ),
     'fieldsValidateLang' => 
    array (
    ),
     'tables' => 
    array (
    ),
     'image_dir' => NULL,
     'image_format' => 'jpg',
     'translator' => NULL,
     'def' => 
    array (
      'table' => 'customer_thread',
      'primary' => 'id_customer_thread',
      'fields' => 
      array (
        'id_lang' => 
        array (
          'type' => 1,
          'validate' => 'isUnsignedId',
          'required' => true,
        ),
        'id_contact' => 
        array (
          'type' => 1,
          'validate' => 'isUnsignedId',
          'required' => true,
        ),
        'id_shop' => 
        array (
          'type' => 1,
          'validate' => 'isUnsignedId',
        ),
        'id_customer' => 
        array (
          'type' => 1,
          'validate' => 'isUnsignedId',
        ),
        'id_order' => 
        array (
          'type' => 1,
          'validate' => 'isUnsignedId',
        ),
        'id_product' => 
        array (
          'type' => 1,
          'validate' => 'isUnsignedId',
        ),
        'email' => 
        array (
          'type' => 3,
          'validate' => 'isEmail',
          'size' => 255,
        ),
        'token' => 
        array (
          'type' => 3,
          'validate' => 'isGenericName',
          'required' => true,
        ),
        'status' => 
        array (
          'type' => 3,
        ),
        'date_add' => 
        array (
          'type' => 5,
          'validate' => 'isDate',
        ),
        'date_upd' => 
        array (
          'type' => 5,
          'validate' => 'isDate',
        ),
      ),
      'classname' => 'CustomerThread',
    ),
     'update_fields' => NULL,
     'force_id' => false,
  )),
  'cookie' => 
  Cookie::__set_state(array(
     '_content' => 
    array (
      'date_add' => '2020-11-10 18:42:49',
      'id_lang' => '1',
      'id_currency' => 1,
      'last_visited_category' => '321',
      'id_guest' => '40',
      'id_connections' => '3286',
      'id_customer' => '4',
      'customer_lastname' => 'Stoker',
      'customer_firstname' => 'jelmer',
      'passwd' => '$2y$10$oOR6PVnNcuKrENJBlu3Uo.9qPWb5ptFtcRGjP945RI96IeiUiMHRu',
      'logged' => '1',
      'email' => 'jelmer@ijzershop.nl',
      'is_guest' => '',
      'session_id' => '48',
      'session_token' => 'fac4af056d9a9efb79cc6fa671a26b2d3807155d',
      'check_cgv' => '',
      'contactFormToken' => '2ba75a52e906fac392e396185735c613',
      'contactFormTokenTTL' => '1605708694',
      'checksum' => '722894455',
    ),
     '_name' => 'PrestaShop-9925338615c11a6aca71d3176cc43bff',
     '_expire' => 1607436389,
     '_domain' => 'ijzershop176.local',
     '_path' => '/',
     'cipherTool' => 
    PhpEncryption::__set_state(array(
    )),
     '_modified' => false,
     '_allow_writing' => true,
     '_salt' => 'RYitkuu1',
     '_standalone' => false,
     '_secure' => false,
  )),
  'cart' => 
  Cart::__set_state(array(
     'added_to_order' => NULL,
     'id' => NULL,
     'id_shop_group' => 1,
     'id_shop' => 1,
     'id_address_delivery' => 14,
     'id_address_invoice' => 14,
     'id_currency' => 1,
     'id_customer' => 4,
     'id_guest' => 40,
     'id_lang' => 1,
     'recyclable' => 0,
     'gift' => 0,
     'gift_message' => NULL,
     'mobile_theme' => NULL,
     'date_add' => NULL,
     'secure_key' => NULL,
     'id_carrier' => 0,
     'date_upd' => NULL,
     'checkedTos' => false,
     'pictures' => NULL,
     'textFields' => NULL,
     'delivery_option' => NULL,
     'allow_seperated_package' => false,
     '_products' => NULL,
     '_taxCalculationMethod' => '0',
     'webserviceParameters' => 
    array (
      'fields' => 
      array (
        'id_address_delivery' => 
        array (
          'xlink_resource' => 'addresses',
        ),
        'id_address_invoice' => 
        array (
          'xlink_resource' => 'addresses',
        ),
        'id_currency' => 
        array (
          'xlink_resource' => 'currencies',
        ),
        'id_customer' => 
        array (
          'xlink_resource' => 'customers',
        ),
        'id_guest' => 
        array (
          'xlink_resource' => 'guests',
        ),
        'id_lang' => 
        array (
          'xlink_resource' => 'languages',
        ),
      ),
      'associations' => 
      array (
        'cart_rows' => 
        array (
          'resource' => 'cart_row',
          'virtual_entity' => true,
          'fields' => 
          array (
            'id_product' => 
            array (
              'required' => true,
              'xlink_resource' => 'products',
            ),
            'id_product_attribute' => 
            array (
              'required' => true,
              'xlink_resource' => 'combinations',
            ),
            'id_address_delivery' => 
            array (
              'required' => true,
              'xlink_resource' => 'addresses',
            ),
            'id_customization' => 
            array (
              'required' => false,
              'xlink_resource' => 'customizations',
            ),
            'quantity' => 
            array (
              'required' => true,
            ),
          ),
        ),
      ),
    ),
     'configuration' => 
    PrestaShop\PrestaShop\Adapter\Configuration::__set_state(array(
       'shop' => NULL,
       'parameters' => NULL,
    )),
     'addressFactory' => 
    PrestaShop\PrestaShop\Adapter\AddressFactory::__set_state(array(
    )),
     'shouldSplitGiftProductsQuantity' => false,
     'shouldExcludeGiftsDiscount' => false,
     'id_shop_list' => 
    array (
    ),
     'get_shop_from_context' => true,
     'table' => 'cart',
     'identifier' => 'id_cart',
     'fieldsRequired' => 
    array (
      0 => 'id_currency',
      1 => 'id_lang',
    ),
     'fieldsSize' => 
    array (
      'secure_key' => 32,
    ),
     'fieldsValidate' => 
    array (
      'id_shop_group' => 'isUnsignedId',
      'id_shop' => 'isUnsignedId',
      'id_address_delivery' => 'isUnsignedId',
      'id_address_invoice' => 'isUnsignedId',
      'id_carrier' => 'isUnsignedId',
      'id_currency' => 'isUnsignedId',
      'id_customer' => 'isUnsignedId',
      'id_guest' => 'isUnsignedId',
      'id_lang' => 'isUnsignedId',
      'recyclable' => 'isBool',
      'gift' => 'isBool',
      'gift_message' => 'isMessage',
      'mobile_theme' => 'isBool',
      'allow_seperated_package' => 'isBool',
      'date_add' => 'isDate',
      'date_upd' => 'isDate',
    ),
     'fieldsRequiredLang' => 
    array (
    ),
     'fieldsSizeLang' => 
    array (
    ),
     'fieldsValidateLang' => 
    array (
    ),
     'tables' => 
    array (
    ),
     'image_dir' => NULL,
     'image_format' => 'jpg',
     'translator' => NULL,
     'def' => 
    array (
      'table' => 'cart',
      'primary' => 'id_cart',
      'fields' => 
      array (
        'id_shop_group' => 
        array (
          'type' => 1,
          'validate' => 'isUnsignedId',
        ),
        'id_shop' => 
        array (
          'type' => 1,
          'validate' => 'isUnsignedId',
        ),
        'id_address_delivery' => 
        array (
          'type' => 1,
          'validate' => 'isUnsignedId',
        ),
        'id_address_invoice' => 
        array (
          'type' => 1,
          'validate' => 'isUnsignedId',
        ),
        'id_carrier' => 
        array (
          'type' => 1,
          'validate' => 'isUnsignedId',
        ),
        'id_currency' => 
        array (
          'type' => 1,
          'validate' => 'isUnsignedId',
          'required' => true,
        ),
        'id_customer' => 
        array (
          'type' => 1,
          'validate' => 'isUnsignedId',
        ),
        'id_guest' => 
        array (
          'type' => 1,
          'validate' => 'isUnsignedId',
        ),
        'id_lang' => 
        array (
          'type' => 1,
          'validate' => 'isUnsignedId',
          'required' => true,
        ),
        'recyclable' => 
        array (
          'type' => 2,
          'validate' => 'isBool',
        ),
        'gift' => 
        array (
          'type' => 2,
          'validate' => 'isBool',
        ),
        'gift_message' => 
        array (
          'type' => 3,
          'validate' => 'isMessage',
        ),
        'mobile_theme' => 
        array (
          'type' => 2,
          'validate' => 'isBool',
        ),
        'delivery_option' => 
        array (
          'type' => 3,
        ),
        'secure_key' => 
        array (
          'type' => 3,
          'size' => 32,
        ),
        'allow_seperated_package' => 
        array (
          'type' => 2,
          'validate' => 'isBool',
        ),
        'date_add' => 
        array (
          'type' => 5,
          'validate' => 'isDate',
        ),
        'date_upd' => 
        array (
          'type' => 5,
          'validate' => 'isDate',
        ),
        'added_to_order' => 
        array (
          'type' => 3,
        ),
      ),
      'classname' => 'Cart',
    ),
     'update_fields' => NULL,
     'force_id' => false,
  )),
  'altern' => 3,
)array (
  'object' => 
  CustomerThread::__set_state(array(
     'id' => '12',
     'id_shop' => 1,
     'id_lang' => 1,
     'id_contact' => 2,
     'id_customer' => 4,
     'id_order' => 9,
     'id_product' => NULL,
     'status' => 'open',
     'email' => 'jelmerstoker@gmail.com',
     'token' => 'xgAKqKLomjmJ',
     'date_add' => '2020-11-18 15:07:16',
     'date_upd' => '2020-11-18 15:07:16',
     'webserviceParameters' => 
    array (
      'fields' => 
      array (
        'id_lang' => 
        array (
          'xlink_resource' => 'languages',
        ),
        'id_shop' => 
        array (
          'xlink_resource' => 'shops',
        ),
        'id_customer' => 
        array (
          'xlink_resource' => 'customers',
        ),
        'id_order' => 
        array (
          'xlink_resource' => 'orders',
        ),
        'id_product' => 
        array (
          'xlink_resource' => 'products',
        ),
      ),
      'associations' => 
      array (
        'customer_messages' => 
        array (
          'resource' => 'customer_message',
          'id' => 
          array (
            'required' => true,
          ),
        ),
      ),
    ),
     'id_shop_list' => 
    array (
    ),
     'get_shop_from_context' => true,
     'table' => 'customer_thread',
     'identifier' => 'id_customer_thread',
     'fieldsRequired' => 
    array (
      0 => 'id_lang',
      1 => 'id_contact',
      2 => 'token',
    ),
     'fieldsSize' => 
    array (
      'email' => 255,
    ),
     'fieldsValidate' => 
    array (
      'id_lang' => 'isUnsignedId',
      'id_contact' => 'isUnsignedId',
      'id_shop' => 'isUnsignedId',
      'id_customer' => 'isUnsignedId',
      'id_order' => 'isUnsignedId',
      'id_product' => 'isUnsignedId',
      'email' => 'isEmail',
      'token' => 'isGenericName',
      'date_add' => 'isDate',
      'date_upd' => 'isDate',
    ),
     'fieldsRequiredLang' => 
    array (
    ),
     'fieldsSizeLang' => 
    array (
    ),
     'fieldsValidateLang' => 
    array (
    ),
     'tables' => 
    array (
    ),
     'image_dir' => NULL,
     'image_format' => 'jpg',
     'translator' => NULL,
     'def' => 
    array (
      'table' => 'customer_thread',
      'primary' => 'id_customer_thread',
      'fields' => 
      array (
        'id_lang' => 
        array (
          'type' => 1,
          'validate' => 'isUnsignedId',
          'required' => true,
        ),
        'id_contact' => 
        array (
          'type' => 1,
          'validate' => 'isUnsignedId',
          'required' => true,
        ),
        'id_shop' => 
        array (
          'type' => 1,
          'validate' => 'isUnsignedId',
        ),
        'id_customer' => 
        array (
          'type' => 1,
          'validate' => 'isUnsignedId',
        ),
        'id_order' => 
        array (
          'type' => 1,
          'validate' => 'isUnsignedId',
        ),
        'id_product' => 
        array (
          'type' => 1,
          'validate' => 'isUnsignedId',
        ),
        'email' => 
        array (
          'type' => 3,
          'validate' => 'isEmail',
          'size' => 255,
        ),
        'token' => 
        array (
          'type' => 3,
          'validate' => 'isGenericName',
          'required' => true,
        ),
        'status' => 
        array (
          'type' => 3,
        ),
        'date_add' => 
        array (
          'type' => 5,
          'validate' => 'isDate',
        ),
        'date_upd' => 
        array (
          'type' => 5,
          'validate' => 'isDate',
        ),
      ),
      'classname' => 'CustomerThread',
    ),
     'update_fields' => NULL,
     'force_id' => false,
  )),
  'cookie' => 
  Cookie::__set_state(array(
     '_content' => 
    array (
      'date_add' => '2020-11-10 18:42:49',
      'id_lang' => '1',
      'id_currency' => 1,
      'last_visited_category' => '321',
      'id_guest' => '40',
      'id_connections' => '3286',
      'id_customer' => '4',
      'customer_lastname' => 'Stoker',
      'customer_firstname' => 'jelmer',
      'passwd' => '$2y$10$oOR6PVnNcuKrENJBlu3Uo.9qPWb5ptFtcRGjP945RI96IeiUiMHRu',
      'logged' => '1',
      'email' => 'jelmer@ijzershop.nl',
      'is_guest' => '',
      'session_id' => '48',
      'session_token' => 'fac4af056d9a9efb79cc6fa671a26b2d3807155d',
      'check_cgv' => '',
      'contactFormToken' => '2ba75a52e906fac392e396185735c613',
      'contactFormTokenTTL' => '1605708694',
      'checksum' => '722894455',
    ),
     '_name' => 'PrestaShop-9925338615c11a6aca71d3176cc43bff',
     '_expire' => 1607436434,
     '_domain' => 'ijzershop176.local',
     '_path' => '/',
     'cipherTool' => 
    PhpEncryption::__set_state(array(
    )),
     '_modified' => false,
     '_allow_writing' => true,
     '_salt' => 'RYitkuu1',
     '_standalone' => false,
     '_secure' => false,
  )),
  'cart' => 
  Cart::__set_state(array(
     'added_to_order' => NULL,
     'id' => NULL,
     'id_shop_group' => 1,
     'id_shop' => 1,
     'id_address_delivery' => 14,
     'id_address_invoice' => 14,
     'id_currency' => 1,
     'id_customer' => 4,
     'id_guest' => 40,
     'id_lang' => 1,
     'recyclable' => 0,
     'gift' => 0,
     'gift_message' => NULL,
     'mobile_theme' => NULL,
     'date_add' => NULL,
     'secure_key' => NULL,
     'id_carrier' => 0,
     'date_upd' => NULL,
     'checkedTos' => false,
     'pictures' => NULL,
     'textFields' => NULL,
     'delivery_option' => NULL,
     'allow_seperated_package' => false,
     '_products' => NULL,
     '_taxCalculationMethod' => '0',
     'webserviceParameters' => 
    array (
      'fields' => 
      array (
        'id_address_delivery' => 
        array (
          'xlink_resource' => 'addresses',
        ),
        'id_address_invoice' => 
        array (
          'xlink_resource' => 'addresses',
        ),
        'id_currency' => 
        array (
          'xlink_resource' => 'currencies',
        ),
        'id_customer' => 
        array (
          'xlink_resource' => 'customers',
        ),
        'id_guest' => 
        array (
          'xlink_resource' => 'guests',
        ),
        'id_lang' => 
        array (
          'xlink_resource' => 'languages',
        ),
      ),
      'associations' => 
      array (
        'cart_rows' => 
        array (
          'resource' => 'cart_row',
          'virtual_entity' => true,
          'fields' => 
          array (
            'id_product' => 
            array (
              'required' => true,
              'xlink_resource' => 'products',
            ),
            'id_product_attribute' => 
            array (
              'required' => true,
              'xlink_resource' => 'combinations',
            ),
            'id_address_delivery' => 
            array (
              'required' => true,
              'xlink_resource' => 'addresses',
            ),
            'id_customization' => 
            array (
              'required' => false,
              'xlink_resource' => 'customizations',
            ),
            'quantity' => 
            array (
              'required' => true,
            ),
          ),
        ),
      ),
    ),
     'configuration' => 
    PrestaShop\PrestaShop\Adapter\Configuration::__set_state(array(
       'shop' => NULL,
       'parameters' => NULL,
    )),
     'addressFactory' => 
    PrestaShop\PrestaShop\Adapter\AddressFactory::__set_state(array(
    )),
     'shouldSplitGiftProductsQuantity' => false,
     'shouldExcludeGiftsDiscount' => false,
     'id_shop_list' => 
    array (
    ),
     'get_shop_from_context' => true,
     'table' => 'cart',
     'identifier' => 'id_cart',
     'fieldsRequired' => 
    array (
      0 => 'id_currency',
      1 => 'id_lang',
    ),
     'fieldsSize' => 
    array (
      'secure_key' => 32,
    ),
     'fieldsValidate' => 
    array (
      'id_shop_group' => 'isUnsignedId',
      'id_shop' => 'isUnsignedId',
      'id_address_delivery' => 'isUnsignedId',
      'id_address_invoice' => 'isUnsignedId',
      'id_carrier' => 'isUnsignedId',
      'id_currency' => 'isUnsignedId',
      'id_customer' => 'isUnsignedId',
      'id_guest' => 'isUnsignedId',
      'id_lang' => 'isUnsignedId',
      'recyclable' => 'isBool',
      'gift' => 'isBool',
      'gift_message' => 'isMessage',
      'mobile_theme' => 'isBool',
      'allow_seperated_package' => 'isBool',
      'date_add' => 'isDate',
      'date_upd' => 'isDate',
    ),
     'fieldsRequiredLang' => 
    array (
    ),
     'fieldsSizeLang' => 
    array (
    ),
     'fieldsValidateLang' => 
    array (
    ),
     'tables' => 
    array (
    ),
     'image_dir' => NULL,
     'image_format' => 'jpg',
     'translator' => NULL,
     'def' => 
    array (
      'table' => 'cart',
      'primary' => 'id_cart',
      'fields' => 
      array (
        'id_shop_group' => 
        array (
          'type' => 1,
          'validate' => 'isUnsignedId',
        ),
        'id_shop' => 
        array (
          'type' => 1,
          'validate' => 'isUnsignedId',
        ),
        'id_address_delivery' => 
        array (
          'type' => 1,
          'validate' => 'isUnsignedId',
        ),
        'id_address_invoice' => 
        array (
          'type' => 1,
          'validate' => 'isUnsignedId',
        ),
        'id_carrier' => 
        array (
          'type' => 1,
          'validate' => 'isUnsignedId',
        ),
        'id_currency' => 
        array (
          'type' => 1,
          'validate' => 'isUnsignedId',
          'required' => true,
        ),
        'id_customer' => 
        array (
          'type' => 1,
          'validate' => 'isUnsignedId',
        ),
        'id_guest' => 
        array (
          'type' => 1,
          'validate' => 'isUnsignedId',
        ),
        'id_lang' => 
        array (
          'type' => 1,
          'validate' => 'isUnsignedId',
          'required' => true,
        ),
        'recyclable' => 
        array (
          'type' => 2,
          'validate' => 'isBool',
        ),
        'gift' => 
        array (
          'type' => 2,
          'validate' => 'isBool',
        ),
        'gift_message' => 
        array (
          'type' => 3,
          'validate' => 'isMessage',
        ),
        'mobile_theme' => 
        array (
          'type' => 2,
          'validate' => 'isBool',
        ),
        'delivery_option' => 
        array (
          'type' => 3,
        ),
        'secure_key' => 
        array (
          'type' => 3,
          'size' => 32,
        ),
        'allow_seperated_package' => 
        array (
          'type' => 2,
          'validate' => 'isBool',
        ),
        'date_add' => 
        array (
          'type' => 5,
          'validate' => 'isDate',
        ),
        'date_upd' => 
        array (
          'type' => 5,
          'validate' => 'isDate',
        ),
        'added_to_order' => 
        array (
          'type' => 3,
        ),
      ),
      'classname' => 'Cart',
    ),
     'update_fields' => NULL,
     'force_id' => false,
  )),
  'altern' => 3,
)array (
  'object' => 
  CustomerThread::__set_state(array(
     'id' => '13',
     'id_shop' => 1,
     'id_lang' => 1,
     'id_contact' => 0,
     'id_customer' => 4,
     'id_order' => 72,
     'id_product' => NULL,
     'status' => 'open',
     'email' => 'jelmer@ijzershop.nl',
     'token' => 'szBbUg4QRHBr',
     'date_add' => '2021-02-05 15:38:29',
     'date_upd' => '2021-02-05 15:38:29',
     'webserviceParameters' => 
    array (
      'fields' => 
      array (
        'id_lang' => 
        array (
          'xlink_resource' => 'languages',
        ),
        'id_shop' => 
        array (
          'xlink_resource' => 'shops',
        ),
        'id_customer' => 
        array (
          'xlink_resource' => 'customers',
        ),
        'id_order' => 
        array (
          'xlink_resource' => 'orders',
        ),
        'id_product' => 
        array (
          'xlink_resource' => 'products',
        ),
      ),
      'associations' => 
      array (
        'customer_messages' => 
        array (
          'resource' => 'customer_message',
          'id' => 
          array (
            'required' => true,
          ),
        ),
      ),
    ),
     'id_shop_list' => 
    array (
    ),
     'get_shop_from_context' => true,
     'table' => 'customer_thread',
     'identifier' => 'id_customer_thread',
     'fieldsRequired' => 
    array (
      0 => 'id_lang',
      1 => 'id_contact',
      2 => 'token',
    ),
     'fieldsSize' => 
    array (
      'email' => 255,
    ),
     'fieldsValidate' => 
    array (
      'id_lang' => 'isUnsignedId',
      'id_contact' => 'isUnsignedId',
      'id_shop' => 'isUnsignedId',
      'id_customer' => 'isUnsignedId',
      'id_order' => 'isUnsignedId',
      'id_product' => 'isUnsignedId',
      'email' => 'isEmail',
      'token' => 'isGenericName',
      'date_add' => 'isDate',
      'date_upd' => 'isDate',
    ),
     'fieldsRequiredLang' => 
    array (
    ),
     'fieldsSizeLang' => 
    array (
    ),
     'fieldsValidateLang' => 
    array (
    ),
     'tables' => 
    array (
    ),
     'image_dir' => NULL,
     'image_format' => 'jpg',
     'translator' => NULL,
     'def' => 
    array (
      'table' => 'customer_thread',
      'primary' => 'id_customer_thread',
      'fields' => 
      array (
        'id_lang' => 
        array (
          'type' => 1,
          'validate' => 'isUnsignedId',
          'required' => true,
        ),
        'id_contact' => 
        array (
          'type' => 1,
          'validate' => 'isUnsignedId',
          'required' => true,
        ),
        'id_shop' => 
        array (
          'type' => 1,
          'validate' => 'isUnsignedId',
        ),
        'id_customer' => 
        array (
          'type' => 1,
          'validate' => 'isUnsignedId',
        ),
        'id_order' => 
        array (
          'type' => 1,
          'validate' => 'isUnsignedId',
        ),
        'id_product' => 
        array (
          'type' => 1,
          'validate' => 'isUnsignedId',
        ),
        'email' => 
        array (
          'type' => 3,
          'validate' => 'isEmail',
          'size' => 255,
        ),
        'token' => 
        array (
          'type' => 3,
          'validate' => 'isGenericName',
          'required' => true,
        ),
        'status' => 
        array (
          'type' => 3,
        ),
        'date_add' => 
        array (
          'type' => 5,
          'validate' => 'isDate',
        ),
        'date_upd' => 
        array (
          'type' => 5,
          'validate' => 'isDate',
        ),
      ),
      'classname' => 'CustomerThread',
    ),
     'update_fields' => NULL,
     'force_id' => false,
  )),
  'cookie' => 
  Cookie::__set_state(array(
     '_content' => 
    array (
      'date_add' => '2021-01-27 08:18:58',
      'id_lang' => '1',
      'id_currency' => 1,
      'last_visited_category' => '321',
      'session_id' => '65',
      'session_token' => '2ad22079cfe70f1216974562cd750113f50c401b',
      'cart_toggle' => 'true',
      'id_guest' => '40',
      'id_connections' => '3448',
      'id_customer' => '4',
      'customer_lastname' => 'Stoker',
      'customer_firstname' => 'jelmer',
      'passwd' => '$2y$10$oOR6PVnNcuKrENJBlu3Uo.9qPWb5ptFtcRGjP945RI96IeiUiMHRu',
      'logged' => '1',
      'email' => 'jelmer@ijzershop.nl',
      'is_guest' => '',
      'check_cgv' => '',
      'id_cart' => '236',
      'checksum' => '3949474711',
    ),
     '_name' => 'PrestaShop-88a0479099143bf4330d9cd2b528aabb',
     '_expire' => 1614263907,
     '_domain' => 'ijzershop176.local',
     '_path' => '/',
     'cipherTool' => 
    PhpEncryption::__set_state(array(
    )),
     '_modified' => false,
     '_allow_writing' => true,
     '_salt' => 'RYitkuu1',
     '_standalone' => false,
     '_secure' => false,
  )),
  'cart' => 
  Cart::__set_state(array(
     'added_to_order' => '',
     'id' => 236,
     'id_shop_group' => '1',
     'id_shop' => '1',
     'id_address_delivery' => '14',
     'id_address_invoice' => '14',
     'id_currency' => '1',
     'id_customer' => '4',
     'id_guest' => '40',
     'id_lang' => '1',
     'recyclable' => '0',
     'gift' => '0',
     'gift_message' => '',
     'mobile_theme' => '0',
     'date_add' => '2021-02-05 15:37:01',
     'secure_key' => 'dfa60599a75dabe329b3f5b034ec8be6',
     'id_carrier' => '9',
     'date_upd' => '2021-02-05 15:38:11',
     'checkedTos' => false,
     'pictures' => NULL,
     'textFields' => NULL,
     'delivery_option' => '{"14":"9,"}',
     'allow_seperated_package' => '0',
     '_products' => 
    array (
      0 => 
      array (
        'id_product_attribute' => '75',
        'id_product' => '1040',
        'cart_quantity' => '1',
        'id_shop' => '1',
        'id_customization' => NULL,
        'name' => 'stalen koker 15 x 15 x 2mm',
        'is_virtual' => '0',
        'description_short' => '<p>gebeitst (lichte kleur), (hoogte x breedte x wanddikte), lengte 2 meter</p>',
        'available_now' => '',
        'available_later' => '',
        'id_category_default' => '321',
        'id_supplier' => '0',
        'id_manufacturer' => '0',
        'manufacturer_name' => NULL,
        'on_sale' => '0',
        'ecotax' => '0.000000',
        'additional_shipping_cost' => '0.00',
        'available_for_order' => '1',
        'show_price' => '1',
        'price' => 4.76,
        'active' => '1',
        'unity' => '',
        'unit_price_ratio' => '0.000000',
        'quantity_available' => '84',
        'width' => '0.000000',
        'height' => '0.000000',
        'depth' => '0.000000',
        'out_of_stock' => '2',
        'weight' => 2.24,
        'available_date' => '0000-00-00',
        'date_add' => '2020-06-12 14:19:47',
        'date_upd' => '2021-01-29 11:16:16',
        'quantity' => 1,
        'link_rewrite' => 'stalen-koker-15-x-15-x-2mm',
        'category' => 'stalen-koker-vierkant',
        'unique_id' => '00000010400000000075140',
        'id_address_delivery' => '14',
        'advanced_stock_management' => '0',
        'supplier_reference' => NULL,
        'customization_quantity' => NULL,
        'price_attribute' => '0.000000',
        'ecotax_attr' => '0.000000',
        'reference' => 'L1',
        'weight_attribute' => 2.24,
        'ean13' => '',
        'isbn' => '',
        'upc' => '',
        'minimal_quantity' => '1',
        'wholesale_price' => '35.000000',
        'id_image' => '1040-1090',
        'legend' => 'stalen koker 15x15x2 kopen "stalen profielen kopen"',
        'reduction_type' => 0,
        'is_gift' => false,
        'reduction' => 0.0,
        'reduction_without_tax' => 0.0,
        'price_without_reduction' => 5.7596,
        'specific_prices' => false,
        'stock_quantity' => 84,
        'price_without_reduction_without_tax' => 4.76,
        'price_with_reduction' => 5.7596,
        'price_with_reduction_without_tax' => 4.76,
        'total' => 4.76,
        'total_wt' => 5.76,
        'price_wt' => 5.7596,
        'reduction_applies' => false,
        'quantity_discount_applies' => false,
        'allow_oosp' => 1,
        'features' => 
        array (
          0 => 
          array (
            'id_feature' => '4',
            'id_product' => '1040',
            'id_feature_value' => '13',
          ),
          1 => 
          array (
            'id_feature' => '9',
            'id_product' => '1040',
            'id_feature_value' => '126',
          ),
          2 => 
          array (
            'id_feature' => '10',
            'id_product' => '1040',
            'id_feature_value' => '33',
          ),
        ),
        'attributes' => 'Zagen : A',
        'attributes_small' => 'A',
        'rate' => 21.0,
        'tax_name' => 'BTW NL 21%',
      ),
    ),
     '_taxCalculationMethod' => '0',
     'webserviceParameters' => 
    array (
      'fields' => 
      array (
        'id_address_delivery' => 
        array (
          'xlink_resource' => 'addresses',
        ),
        'id_address_invoice' => 
        array (
          'xlink_resource' => 'addresses',
        ),
        'id_currency' => 
        array (
          'xlink_resource' => 'currencies',
        ),
        'id_customer' => 
        array (
          'xlink_resource' => 'customers',
        ),
        'id_guest' => 
        array (
          'xlink_resource' => 'guests',
        ),
        'id_lang' => 
        array (
          'xlink_resource' => 'languages',
        ),
      ),
      'associations' => 
      array (
        'cart_rows' => 
        array (
          'resource' => 'cart_row',
          'virtual_entity' => true,
          'fields' => 
          array (
            'id_product' => 
            array (
              'required' => true,
              'xlink_resource' => 'products',
            ),
            'id_product_attribute' => 
            array (
              'required' => true,
              'xlink_resource' => 'combinations',
            ),
            'id_address_delivery' => 
            array (
              'required' => true,
              'xlink_resource' => 'addresses',
            ),
            'id_customization' => 
            array (
              'required' => false,
              'xlink_resource' => 'customizations',
            ),
            'quantity' => 
            array (
              'required' => true,
            ),
          ),
        ),
      ),
    ),
     'configuration' => 
    PrestaShop\PrestaShop\Adapter\Configuration::__set_state(array(
       'shop' => NULL,
       'parameters' => NULL,
    )),
     'addressFactory' => 
    PrestaShop\PrestaShop\Adapter\AddressFactory::__set_state(array(
    )),
     'shouldSplitGiftProductsQuantity' => false,
     'shouldExcludeGiftsDiscount' => false,
     'id_shop_list' => 
    array (
    ),
     'get_shop_from_context' => true,
     'table' => 'cart',
     'identifier' => 'id_cart',
     'fieldsRequired' => 
    array (
      0 => 'id_currency',
      1 => 'id_lang',
    ),
     'fieldsSize' => 
    array (
      'secure_key' => 32,
    ),
     'fieldsValidate' => 
    array (
      'id_shop_group' => 'isUnsignedId',
      'id_shop' => 'isUnsignedId',
      'id_address_delivery' => 'isUnsignedId',
      'id_address_invoice' => 'isUnsignedId',
      'id_carrier' => 'isUnsignedId',
      'id_currency' => 'isUnsignedId',
      'id_customer' => 'isUnsignedId',
      'id_guest' => 'isUnsignedId',
      'id_lang' => 'isUnsignedId',
      'recyclable' => 'isBool',
      'gift' => 'isBool',
      'gift_message' => 'isMessage',
      'mobile_theme' => 'isBool',
      'allow_seperated_package' => 'isBool',
      'date_add' => 'isDate',
      'date_upd' => 'isDate',
    ),
     'fieldsRequiredLang' => 
    array (
    ),
     'fieldsSizeLang' => 
    array (
    ),
     'fieldsValidateLang' => 
    array (
    ),
     'tables' => 
    array (
    ),
     'image_dir' => NULL,
     'image_format' => 'jpg',
     'translator' => NULL,
     'def' => 
    array (
      'table' => 'cart',
      'primary' => 'id_cart',
      'fields' => 
      array (
        'id_shop_group' => 
        array (
          'type' => 1,
          'validate' => 'isUnsignedId',
        ),
        'id_shop' => 
        array (
          'type' => 1,
          'validate' => 'isUnsignedId',
        ),
        'id_address_delivery' => 
        array (
          'type' => 1,
          'validate' => 'isUnsignedId',
        ),
        'id_address_invoice' => 
        array (
          'type' => 1,
          'validate' => 'isUnsignedId',
        ),
        'id_carrier' => 
        array (
          'type' => 1,
          'validate' => 'isUnsignedId',
        ),
        'id_currency' => 
        array (
          'type' => 1,
          'validate' => 'isUnsignedId',
          'required' => true,
        ),
        'id_customer' => 
        array (
          'type' => 1,
          'validate' => 'isUnsignedId',
        ),
        'id_guest' => 
        array (
          'type' => 1,
          'validate' => 'isUnsignedId',
        ),
        'id_lang' => 
        array (
          'type' => 1,
          'validate' => 'isUnsignedId',
          'required' => true,
        ),
        'recyclable' => 
        array (
          'type' => 2,
          'validate' => 'isBool',
        ),
        'gift' => 
        array (
          'type' => 2,
          'validate' => 'isBool',
        ),
        'gift_message' => 
        array (
          'type' => 3,
          'validate' => 'isMessage',
        ),
        'mobile_theme' => 
        array (
          'type' => 2,
          'validate' => 'isBool',
        ),
        'delivery_option' => 
        array (
          'type' => 3,
        ),
        'secure_key' => 
        array (
          'type' => 3,
          'size' => 32,
        ),
        'allow_seperated_package' => 
        array (
          'type' => 2,
          'validate' => 'isBool',
        ),
        'date_add' => 
        array (
          'type' => 5,
          'validate' => 'isDate',
        ),
        'date_upd' => 
        array (
          'type' => 5,
          'validate' => 'isDate',
        ),
        'added_to_order' => 
        array (
          'type' => 3,
        ),
      ),
      'classname' => 'Cart',
    ),
     'update_fields' => NULL,
     'force_id' => false,
  )),
  'altern' => 2,
)array (
  'object' => 
  CustomerThread::__set_state(array(
     'id' => '14',
     'id_shop' => 1,
     'id_lang' => 1,
     'id_contact' => 0,
     'id_customer' => 4,
     'id_order' => 75,
     'id_product' => NULL,
     'status' => 'open',
     'email' => 'jelmer@ijzershop.nl',
     'token' => 'S8ghm28U2Hh5',
     'date_add' => '2021-02-11 09:38:49',
     'date_upd' => '2021-02-11 09:38:49',
     'webserviceParameters' => 
    array (
      'fields' => 
      array (
        'id_lang' => 
        array (
          'xlink_resource' => 'languages',
        ),
        'id_shop' => 
        array (
          'xlink_resource' => 'shops',
        ),
        'id_customer' => 
        array (
          'xlink_resource' => 'customers',
        ),
        'id_order' => 
        array (
          'xlink_resource' => 'orders',
        ),
        'id_product' => 
        array (
          'xlink_resource' => 'products',
        ),
      ),
      'associations' => 
      array (
        'customer_messages' => 
        array (
          'resource' => 'customer_message',
          'id' => 
          array (
            'required' => true,
          ),
        ),
      ),
    ),
     'id_shop_list' => 
    array (
    ),
     'get_shop_from_context' => true,
     'table' => 'customer_thread',
     'identifier' => 'id_customer_thread',
     'fieldsRequired' => 
    array (
      0 => 'id_lang',
      1 => 'id_contact',
      2 => 'token',
    ),
     'fieldsSize' => 
    array (
      'email' => 255,
    ),
     'fieldsValidate' => 
    array (
      'id_lang' => 'isUnsignedId',
      'id_contact' => 'isUnsignedId',
      'id_shop' => 'isUnsignedId',
      'id_customer' => 'isUnsignedId',
      'id_order' => 'isUnsignedId',
      'id_product' => 'isUnsignedId',
      'email' => 'isEmail',
      'token' => 'isGenericName',
      'date_add' => 'isDate',
      'date_upd' => 'isDate',
    ),
     'fieldsRequiredLang' => 
    array (
    ),
     'fieldsSizeLang' => 
    array (
    ),
     'fieldsValidateLang' => 
    array (
    ),
     'tables' => 
    array (
    ),
     'image_dir' => NULL,
     'image_format' => 'jpg',
     'translator' => NULL,
     'def' => 
    array (
      'table' => 'customer_thread',
      'primary' => 'id_customer_thread',
      'fields' => 
      array (
        'id_lang' => 
        array (
          'type' => 1,
          'validate' => 'isUnsignedId',
          'required' => true,
        ),
        'id_contact' => 
        array (
          'type' => 1,
          'validate' => 'isUnsignedId',
          'required' => true,
        ),
        'id_shop' => 
        array (
          'type' => 1,
          'validate' => 'isUnsignedId',
        ),
        'id_customer' => 
        array (
          'type' => 1,
          'validate' => 'isUnsignedId',
        ),
        'id_order' => 
        array (
          'type' => 1,
          'validate' => 'isUnsignedId',
        ),
        'id_product' => 
        array (
          'type' => 1,
          'validate' => 'isUnsignedId',
        ),
        'email' => 
        array (
          'type' => 3,
          'validate' => 'isEmail',
          'size' => 255,
        ),
        'token' => 
        array (
          'type' => 3,
          'validate' => 'isGenericName',
          'required' => true,
        ),
        'status' => 
        array (
          'type' => 3,
        ),
        'date_add' => 
        array (
          'type' => 5,
          'validate' => 'isDate',
        ),
        'date_upd' => 
        array (
          'type' => 5,
          'validate' => 'isDate',
        ),
      ),
      'classname' => 'CustomerThread',
    ),
     'update_fields' => NULL,
     'force_id' => false,
  )),
  'cookie' => 
  Cookie::__set_state(array(
     '_content' => 
    array (
      'date_add' => '2021-01-27 08:18:58',
      'id_lang' => '1',
      'id_currency' => 1,
      'last_visited_category' => '377',
      'session_id' => '65',
      'session_token' => '2ad22079cfe70f1216974562cd750113f50c401b',
      'cart_toggle' => 'true',
      'id_guest' => '40',
      'id_connections' => '3449',
      'id_customer' => '4',
      'customer_lastname' => 'Stoker',
      'customer_firstname' => 'jelmer',
      'passwd' => '$2y$10$oOR6PVnNcuKrENJBlu3Uo.9qPWb5ptFtcRGjP945RI96IeiUiMHRu',
      'logged' => '1',
      'email' => 'jelmer@ijzershop.nl',
      'is_guest' => '',
      'check_cgv' => '1',
      'id_cart' => '240',
      'checksum' => '2483363926',
    ),
     '_name' => 'PrestaShop-88a0479099143bf4330d9cd2b528aabb',
     '_expire' => 1614760711,
     '_domain' => 'ijzershop176.local',
     '_path' => '/',
     'cipherTool' => 
    PhpEncryption::__set_state(array(
    )),
     '_modified' => false,
     '_allow_writing' => true,
     '_salt' => 'RYitkuu1',
     '_standalone' => false,
     '_secure' => false,
  )),
  'cart' => 
  Cart::__set_state(array(
     'added_to_order' => '',
     'id' => 240,
     'id_shop_group' => '1',
     'id_shop' => '1',
     'id_address_delivery' => '14',
     'id_address_invoice' => '14',
     'id_currency' => '1',
     'id_customer' => '4',
     'id_guest' => '40',
     'id_lang' => '1',
     'recyclable' => '0',
     'gift' => '0',
     'gift_message' => '',
     'mobile_theme' => '0',
     'date_add' => '2021-02-11 09:35:20',
     'secure_key' => 'dfa60599a75dabe329b3f5b034ec8be6',
     'id_carrier' => '9',
     'date_upd' => '2021-02-11 09:38:22',
     'checkedTos' => false,
     'pictures' => NULL,
     'textFields' => NULL,
     'delivery_option' => '{"14":"9,"}',
     'allow_seperated_package' => '0',
     '_products' => 
    array (
      0 => 
      array (
        'id_product_attribute' => '75',
        'id_product' => '1040',
        'cart_quantity' => '1',
        'id_shop' => '1',
        'id_customization' => NULL,
        'name' => 'stalen koker 15 x 15 x 2mm',
        'is_virtual' => '0',
        'description_short' => '<p>gebeitst (lichte kleur), (hoogte x breedte x wanddikte), lengte 2 meter</p>',
        'available_now' => '',
        'available_later' => '',
        'id_category_default' => '321',
        'id_supplier' => '0',
        'id_manufacturer' => '0',
        'manufacturer_name' => NULL,
        'on_sale' => '0',
        'ecotax' => '0.000000',
        'additional_shipping_cost' => '0.00',
        'available_for_order' => '1',
        'show_price' => '1',
        'price' => 4.76,
        'active' => '1',
        'unity' => '',
        'unit_price_ratio' => '0.000000',
        'quantity_available' => '81',
        'width' => '0.000000',
        'height' => '0.000000',
        'depth' => '0.000000',
        'out_of_stock' => '2',
        'weight' => 2.24,
        'available_date' => '0000-00-00',
        'date_add' => '2020-06-12 14:19:47',
        'date_upd' => '2021-01-29 11:16:16',
        'quantity' => 1,
        'link_rewrite' => 'stalen-koker-15-x-15-x-2mm',
        'category' => 'stalen-koker-vierkant',
        'unique_id' => '00000010400000000075140',
        'id_address_delivery' => '14',
        'advanced_stock_management' => '0',
        'supplier_reference' => NULL,
        'customization_quantity' => NULL,
        'price_attribute' => '0.000000',
        'ecotax_attr' => '0.000000',
        'reference' => 'L1',
        'weight_attribute' => 2.24,
        'ean13' => '',
        'isbn' => '',
        'upc' => '',
        'minimal_quantity' => '1',
        'wholesale_price' => '35.000000',
        'id_image' => '1040-1090',
        'legend' => 'stalen koker 15x15x2 kopen "stalen profielen kopen"',
        'reduction_type' => 0,
        'is_gift' => false,
        'reduction' => 0.0,
        'reduction_without_tax' => 0.0,
        'price_without_reduction' => 5.7596,
        'specific_prices' => false,
        'stock_quantity' => 81,
        'price_without_reduction_without_tax' => 4.76,
        'price_with_reduction' => 5.7596,
        'price_with_reduction_without_tax' => 4.76,
        'total' => 4.76,
        'total_wt' => 5.76,
        'price_wt' => 5.7596,
        'reduction_applies' => false,
        'quantity_discount_applies' => false,
        'allow_oosp' => 1,
        'features' => 
        array (
          0 => 
          array (
            'id_feature' => '4',
            'id_product' => '1040',
            'id_feature_value' => '13',
          ),
          1 => 
          array (
            'id_feature' => '9',
            'id_product' => '1040',
            'id_feature_value' => '126',
          ),
          2 => 
          array (
            'id_feature' => '10',
            'id_product' => '1040',
            'id_feature_value' => '33',
          ),
        ),
        'attributes' => 'Zagen : A',
        'attributes_small' => 'A',
        'rate' => 21.0,
        'tax_name' => 'BTW NL 21%',
      ),
      1 => 
      array (
        'id_product_attribute' => '0',
        'id_product' => '663',
        'cart_quantity' => '1',
        'id_shop' => '1',
        'id_customization' => NULL,
        'name' => 'verzinkte verzonkenkopbout M6 x 10',
        'is_virtual' => '0',
        'description_short' => '(schroefdraad x lengte steel tot rand kop), binnenzeskant',
        'available_now' => '',
        'available_later' => '',
        'id_category_default' => '227',
        'id_supplier' => '0',
        'id_manufacturer' => '0',
        'manufacturer_name' => NULL,
        'on_sale' => '0',
        'ecotax' => '0.000000',
        'additional_shipping_cost' => '0.00',
        'available_for_order' => '1',
        'show_price' => '1',
        'price' => 0.16,
        'active' => '1',
        'unity' => '',
        'unit_price_ratio' => '0.000000',
        'quantity_available' => '0',
        'width' => '0.000000',
        'height' => '0.000000',
        'depth' => '0.000000',
        'out_of_stock' => '2',
        'weight' => 0.0,
        'available_date' => NULL,
        'date_add' => '2020-06-12 14:19:31',
        'date_upd' => '2020-06-12 14:19:31',
        'quantity' => 1,
        'link_rewrite' => 'verzinkte-verzonkenkopbout-m6-x-10',
        'category' => 'm6',
        'unique_id' => '00000006630000000000140',
        'id_address_delivery' => '14',
        'advanced_stock_management' => '0',
        'supplier_reference' => NULL,
        'customization_quantity' => NULL,
        'price_attribute' => NULL,
        'ecotax_attr' => NULL,
        'reference' => 'B2',
        'weight_attribute' => NULL,
        'ean13' => '',
        'isbn' => '',
        'upc' => '',
        'minimal_quantity' => '1',
        'wholesale_price' => '0.000000',
        'id_image' => '663-685',
        'legend' => 'verzinkte verzonkenkopbout M6 x 10',
        'reduction_type' => 0,
        'is_gift' => false,
        'reduction' => 0.0,
        'reduction_without_tax' => 0.0,
        'price_without_reduction' => 0.1936,
        'specific_prices' => false,
        'stock_quantity' => 0,
        'price_without_reduction_without_tax' => 0.16,
        'price_with_reduction' => 0.1936,
        'price_with_reduction_without_tax' => 0.16,
        'total' => 0.16,
        'total_wt' => 0.19,
        'price_wt' => 0.1936,
        'reduction_applies' => false,
        'quantity_discount_applies' => false,
        'allow_oosp' => 1,
        'features' => 
        array (
        ),
        'rate' => 21.0,
        'tax_name' => 'BTW NL 21%',
      ),
      2 => 
      array (
        'id_product_attribute' => '0',
        'id_product' => '665',
        'cart_quantity' => '1',
        'id_shop' => '1',
        'id_customization' => NULL,
        'name' => 'verzinkte verzonkenkopbout M6 x 30',
        'is_virtual' => '0',
        'description_short' => '(schroefdraad x lengte steel tot rand kop), binnenzeskant',
        'available_now' => '',
        'available_later' => '',
        'id_category_default' => '227',
        'id_supplier' => '0',
        'id_manufacturer' => '0',
        'manufacturer_name' => NULL,
        'on_sale' => '0',
        'ecotax' => '0.000000',
        'additional_shipping_cost' => '0.00',
        'available_for_order' => '1',
        'show_price' => '1',
        'price' => 0.21,
        'active' => '1',
        'unity' => '',
        'unit_price_ratio' => '0.000000',
        'quantity_available' => '0',
        'width' => '0.000000',
        'height' => '0.000000',
        'depth' => '0.000000',
        'out_of_stock' => '2',
        'weight' => 0.0,
        'available_date' => NULL,
        'date_add' => '2020-06-12 14:19:31',
        'date_upd' => '2020-06-12 14:19:31',
        'quantity' => 1,
        'link_rewrite' => 'verzinkte-verzonkenkopbout-m6-x-30',
        'category' => 'm6',
        'unique_id' => '00000006650000000000140',
        'id_address_delivery' => '14',
        'advanced_stock_management' => '0',
        'supplier_reference' => NULL,
        'customization_quantity' => NULL,
        'price_attribute' => NULL,
        'ecotax_attr' => NULL,
        'reference' => 'B2',
        'weight_attribute' => NULL,
        'ean13' => '',
        'isbn' => '',
        'upc' => '',
        'minimal_quantity' => '1',
        'wholesale_price' => '0.000000',
        'id_image' => '665-687',
        'legend' => 'verzinkte verzonkenkopbout M6 x 30',
        'reduction_type' => 0,
        'is_gift' => false,
        'reduction' => 0.0,
        'reduction_without_tax' => 0.0,
        'price_without_reduction' => 0.2541,
        'specific_prices' => false,
        'stock_quantity' => 0,
        'price_without_reduction_without_tax' => 0.21,
        'price_with_reduction' => 0.2541,
        'price_with_reduction_without_tax' => 0.21,
        'total' => 0.21,
        'total_wt' => 0.25,
        'price_wt' => 0.2541,
        'reduction_applies' => false,
        'quantity_discount_applies' => false,
        'allow_oosp' => 1,
        'features' => 
        array (
        ),
        'rate' => 21.0,
        'tax_name' => 'BTW NL 21%',
      ),
      3 => 
      array (
        'id_product_attribute' => '0',
        'id_product' => '907',
        'cart_quantity' => '1',
        'id_shop' => '1',
        'id_customization' => NULL,
        'name' => 'Vierkant aanlasplaat 100 x 100 x 4mm, 8x gat 7mm',
        'is_virtual' => '0',
        'description_short' => '<p>(plaat H x B x D) gaten Ø7mm</p>',
        'available_now' => '',
        'available_later' => '',
        'id_category_default' => '243',
        'id_supplier' => '0',
        'id_manufacturer' => '0',
        'manufacturer_name' => NULL,
        'on_sale' => '0',
        'ecotax' => '0.000000',
        'additional_shipping_cost' => '0.00',
        'available_for_order' => '1',
        'show_price' => '1',
        'price' => 4.67,
        'active' => '1',
        'unity' => '',
        'unit_price_ratio' => '0.000000',
        'quantity_available' => '0',
        'width' => '0.000000',
        'height' => '0.000000',
        'depth' => '0.000000',
        'out_of_stock' => '2',
        'weight' => 0.0,
        'available_date' => NULL,
        'date_add' => '2020-06-12 14:19:38',
        'date_upd' => '2020-06-12 14:19:38',
        'quantity' => 1,
        'link_rewrite' => 'vierkant-aanlasplaat-klein',
        'category' => 'vierkant-aanlasplaat',
        'unique_id' => '00000009070000000000140',
        'id_address_delivery' => '14',
        'advanced_stock_management' => '0',
        'supplier_reference' => NULL,
        'customization_quantity' => NULL,
        'price_attribute' => NULL,
        'ecotax_attr' => NULL,
        'reference' => 'F',
        'weight_attribute' => NULL,
        'ean13' => '',
        'isbn' => '',
        'upc' => '',
        'minimal_quantity' => '1',
        'wholesale_price' => '1.180000',
        'id_image' => '907-933',
        'legend' => 'Vierkant aanlasplaat (klein)',
        'reduction_type' => 0,
        'is_gift' => false,
        'reduction' => 0.0,
        'reduction_without_tax' => 0.0,
        'price_without_reduction' => 5.6507,
        'specific_prices' => 
        array (
        ),
        'stock_quantity' => 0,
        'price_without_reduction_without_tax' => 4.67,
        'price_with_reduction' => 5.6507,
        'price_with_reduction_without_tax' => 4.67,
        'total' => 4.67,
        'total_wt' => 5.65,
        'price_wt' => 5.6507,
        'reduction_applies' => false,
        'quantity_discount_applies' => false,
        'allow_oosp' => 1,
        'features' => 
        array (
        ),
        'rate' => 21.0,
        'tax_name' => 'BTW NL 21%',
      ),
      4 => 
      array (
        'id_product_attribute' => '0',
        'id_product' => '909',
        'cart_quantity' => '1',
        'id_shop' => '1',
        'id_customization' => NULL,
        'name' => 'Vierkant aanlasplaat 200 x 200 x 8mm, 8x gat 11mm',
        'is_virtual' => '0',
        'description_short' => '<p>(plaat H x B x D) gaten Ø11mm</p>',
        'available_now' => '',
        'available_later' => '',
        'id_category_default' => '243',
        'id_supplier' => '0',
        'id_manufacturer' => '0',
        'manufacturer_name' => NULL,
        'on_sale' => '0',
        'ecotax' => '0.000000',
        'additional_shipping_cost' => '0.00',
        'available_for_order' => '1',
        'show_price' => '1',
        'price' => 9.09,
        'active' => '1',
        'unity' => '',
        'unit_price_ratio' => '0.000000',
        'quantity_available' => '0',
        'width' => '0.000000',
        'height' => '0.000000',
        'depth' => '0.000000',
        'out_of_stock' => '2',
        'weight' => 0.0,
        'available_date' => NULL,
        'date_add' => '2020-06-12 14:19:38',
        'date_upd' => '2020-06-12 14:19:38',
        'quantity' => 1,
        'link_rewrite' => 'vierkant-aanlasplaat-groot',
        'category' => 'vierkant-aanlasplaat',
        'unique_id' => '00000009090000000000140',
        'id_address_delivery' => '14',
        'advanced_stock_management' => '0',
        'supplier_reference' => NULL,
        'customization_quantity' => NULL,
        'price_attribute' => NULL,
        'ecotax_attr' => NULL,
        'reference' => 'F',
        'weight_attribute' => NULL,
        'ean13' => '',
        'isbn' => '',
        'upc' => '',
        'minimal_quantity' => '1',
        'wholesale_price' => '0.000000',
        'id_image' => '909-935',
        'legend' => 'Vierkant aanlasplaat (groot)',
        'reduction_type' => 0,
        'is_gift' => false,
        'reduction' => 0.0,
        'reduction_without_tax' => 0.0,
        'price_without_reduction' => 10.9989,
        'specific_prices' => 
        array (
        ),
        'stock_quantity' => 0,
        'price_without_reduction_without_tax' => 9.09,
        'price_with_reduction' => 10.9989,
        'price_with_reduction_without_tax' => 9.09,
        'total' => 9.09,
        'total_wt' => 11.0,
        'price_wt' => 10.9989,
        'reduction_applies' => false,
        'quantity_discount_applies' => false,
        'allow_oosp' => 1,
        'features' => 
        array (
        ),
        'rate' => 21.0,
        'tax_name' => 'BTW NL 21%',
      ),
      5 => 
      array (
        'id_product_attribute' => '0',
        'id_product' => '38',
        'cart_quantity' => '1',
        'id_shop' => '1',
        'id_customization' => NULL,
        'name' => 'doorslijpschijf 125mm',
        'is_virtual' => '0',
        'description_short' => '(diameter)',
        'available_now' => '',
        'available_later' => '',
        'id_category_default' => '45',
        'id_supplier' => '0',
        'id_manufacturer' => '0',
        'manufacturer_name' => NULL,
        'on_sale' => '0',
        'ecotax' => '0.000000',
        'additional_shipping_cost' => '0.00',
        'available_for_order' => '1',
        'show_price' => '1',
        'price' => 2.11,
        'active' => '1',
        'unity' => '',
        'unit_price_ratio' => '0.000000',
        'quantity_available' => '0',
        'width' => '0.000000',
        'height' => '0.000000',
        'depth' => '0.000000',
        'out_of_stock' => '2',
        'weight' => 0.0,
        'available_date' => NULL,
        'date_add' => '2020-06-12 14:19:10',
        'date_upd' => '2020-06-12 14:19:10',
        'quantity' => 1,
        'link_rewrite' => 'doorslijpschijf-125mm',
        'category' => 'doorslijpschijf',
        'unique_id' => '00000000380000000000140',
        'id_address_delivery' => '14',
        'advanced_stock_management' => '0',
        'supplier_reference' => NULL,
        'customization_quantity' => NULL,
        'price_attribute' => NULL,
        'ecotax_attr' => NULL,
        'reference' => 'A4',
        'weight_attribute' => NULL,
        'ean13' => '',
        'isbn' => '',
        'upc' => '',
        'minimal_quantity' => '1',
        'wholesale_price' => '0.000000',
        'id_image' => '38-45',
        'legend' => 'doorslijpschijf 125mm',
        'reduction_type' => 0,
        'is_gift' => false,
        'reduction' => 0.0,
        'reduction_without_tax' => 0.0,
        'price_without_reduction' => 2.5531,
        'specific_prices' => false,
        'stock_quantity' => 0,
        'price_without_reduction_without_tax' => 2.11,
        'price_with_reduction' => 2.5531,
        'price_with_reduction_without_tax' => 2.11,
        'total' => 2.11,
        'total_wt' => 2.55,
        'price_wt' => 2.5531,
        'reduction_applies' => false,
        'quantity_discount_applies' => false,
        'allow_oosp' => 1,
        'features' => 
        array (
        ),
        'rate' => 21.0,
        'tax_name' => 'BTW NL 21%',
      ),
      6 => 
      array (
        'id_product_attribute' => '0',
        'id_product' => '1033',
        'cart_quantity' => '1',
        'id_shop' => '1',
        'id_customization' => NULL,
        'name' => 'aluminium blok 50x50x100mmm',
        'is_virtual' => '0',
        'description_short' => '<p>lengte x breedte x hoogte</p>',
        'available_now' => '',
        'available_later' => '',
        'id_category_default' => '289',
        'id_supplier' => '0',
        'id_manufacturer' => '0',
        'manufacturer_name' => NULL,
        'on_sale' => '0',
        'ecotax' => '0.000000',
        'additional_shipping_cost' => '0.00',
        'available_for_order' => '1',
        'show_price' => '1',
        'price' => 8.23,
        'active' => '1',
        'unity' => '',
        'unit_price_ratio' => '0.000000',
        'quantity_available' => '0',
        'width' => '0.000000',
        'height' => '0.000000',
        'depth' => '0.000000',
        'out_of_stock' => '2',
        'weight' => 0.68,
        'available_date' => NULL,
        'date_add' => '2020-06-12 14:19:47',
        'date_upd' => '2020-06-12 14:19:47',
        'quantity' => 1,
        'link_rewrite' => 'aluminium-freesblok-200x100x50',
        'category' => 'aluminium-blok',
        'unique_id' => '00000010330000000000140',
        'id_address_delivery' => '14',
        'advanced_stock_management' => '0',
        'supplier_reference' => NULL,
        'customization_quantity' => NULL,
        'price_attribute' => NULL,
        'ecotax_attr' => NULL,
        'reference' => 'F',
        'weight_attribute' => NULL,
        'ean13' => '',
        'isbn' => '',
        'upc' => '',
        'minimal_quantity' => '1',
        'wholesale_price' => '0.000000',
        'id_image' => '1033-1083',
        'legend' => 'aluminium blok 50x50x100mmm',
        'reduction_type' => 0,
        'is_gift' => false,
        'reduction' => 0.0,
        'reduction_without_tax' => 0.0,
        'price_without_reduction' => 9.9583,
        'specific_prices' => 
        array (
        ),
        'stock_quantity' => 0,
        'price_without_reduction_without_tax' => 8.23,
        'price_with_reduction' => 9.9583,
        'price_with_reduction_without_tax' => 8.23,
        'total' => 8.23,
        'total_wt' => 9.96,
        'price_wt' => 9.9583,
        'reduction_applies' => false,
        'quantity_discount_applies' => false,
        'allow_oosp' => 1,
        'features' => 
        array (
        ),
        'rate' => 21.0,
        'tax_name' => 'BTW NL 21%',
      ),
      7 => 
      array (
        'id_product_attribute' => '0',
        'id_product' => '995',
        'cart_quantity' => '1',
        'id_shop' => '1',
        'id_customization' => NULL,
        'name' => 'aluminium blok 200x100x50mm',
        'is_virtual' => '0',
        'description_short' => '<p>lengte x breedte x hoogte</p>',
        'available_now' => '',
        'available_later' => '',
        'id_category_default' => '289',
        'id_supplier' => '0',
        'id_manufacturer' => '0',
        'manufacturer_name' => NULL,
        'on_sale' => '0',
        'ecotax' => '0.000000',
        'additional_shipping_cost' => '0.00',
        'available_for_order' => '1',
        'show_price' => '1',
        'price' => 27.25,
        'active' => '1',
        'unity' => '',
        'unit_price_ratio' => '0.000000',
        'quantity_available' => '0',
        'width' => '0.000000',
        'height' => '0.000000',
        'depth' => '0.000000',
        'out_of_stock' => '2',
        'weight' => 2.74,
        'available_date' => NULL,
        'date_add' => '2020-06-12 14:19:46',
        'date_upd' => '2020-06-12 14:19:46',
        'quantity' => 1,
        'link_rewrite' => 'aluminium-freesblok-200x100x50',
        'category' => 'aluminium-blok',
        'unique_id' => '00000009950000000000140',
        'id_address_delivery' => '14',
        'advanced_stock_management' => '0',
        'supplier_reference' => NULL,
        'customization_quantity' => NULL,
        'price_attribute' => NULL,
        'ecotax_attr' => NULL,
        'reference' => 'F',
        'weight_attribute' => NULL,
        'ean13' => '',
        'isbn' => '',
        'upc' => '',
        'minimal_quantity' => '1',
        'wholesale_price' => '0.000000',
        'id_image' => '995-1026',
        'legend' => 'aluminium blok 200x100x50mm',
        'reduction_type' => 0,
        'is_gift' => false,
        'reduction' => 0.0,
        'reduction_without_tax' => 0.0,
        'price_without_reduction' => 32.9725,
        'specific_prices' => 
        array (
        ),
        'stock_quantity' => 0,
        'price_without_reduction_without_tax' => 27.25,
        'price_with_reduction' => 32.9725,
        'price_with_reduction_without_tax' => 27.25,
        'total' => 27.25,
        'total_wt' => 32.97,
        'price_wt' => 32.9725,
        'reduction_applies' => false,
        'quantity_discount_applies' => false,
        'allow_oosp' => 1,
        'features' => 
        array (
        ),
        'rate' => 21.0,
        'tax_name' => 'BTW NL 21%',
      ),
      8 => 
      array (
        'id_product_attribute' => '0',
        'id_product' => '1548',
        'cart_quantity' => '1',
        'id_shop' => '1',
        'id_customization' => NULL,
        'name' => 'Corten grasprofiel 200x35x25x2mm',
        'is_virtual' => '0',
        'description_short' => '<p>(hoogte x breedte x hoogte x wanddikte), lengte 1000 mm</p>',
        'available_now' => '',
        'available_later' => '',
        'id_category_default' => '324',
        'id_supplier' => '0',
        'id_manufacturer' => '0',
        'manufacturer_name' => NULL,
        'on_sale' => '0',
        'ecotax' => '0.000000',
        'additional_shipping_cost' => '0.00',
        'available_for_order' => '1',
        'show_price' => '1',
        'price' => 18.39,
        'active' => '1',
        'unity' => '',
        'unit_price_ratio' => '0.000000',
        'quantity_available' => '0',
        'width' => '0.000000',
        'height' => '0.000000',
        'depth' => '0.000000',
        'out_of_stock' => '2',
        'weight' => 0.0,
        'available_date' => NULL,
        'date_add' => '2020-06-12 14:20:31',
        'date_upd' => '2020-08-14 14:40:28',
        'quantity' => 1,
        'link_rewrite' => 'corten-grasprofiel-200x35x25x2mm',
        'category' => 'corten-graskantprofiel',
        'unique_id' => '00000015480000000000140',
        'id_address_delivery' => '14',
        'advanced_stock_management' => '0',
        'supplier_reference' => NULL,
        'customization_quantity' => NULL,
        'price_attribute' => NULL,
        'ecotax_attr' => NULL,
        'reference' => 'L2',
        'weight_attribute' => NULL,
        'ean13' => '',
        'isbn' => '',
        'upc' => '',
        'minimal_quantity' => '1',
        'wholesale_price' => '0.000000',
        'id_image' => '1548-1612',
        'legend' => 'Corten grasprofiel 200x35x25x2mm',
        'reduction_type' => 0,
        'is_gift' => false,
        'reduction' => 0.0,
        'reduction_without_tax' => 0.0,
        'price_without_reduction' => 22.2519,
        'specific_prices' => 
        array (
        ),
        'stock_quantity' => 0,
        'price_without_reduction_without_tax' => 18.39,
        'price_with_reduction' => 22.2519,
        'price_with_reduction_without_tax' => 18.39,
        'total' => 18.39,
        'total_wt' => 22.25,
        'price_wt' => 22.2519,
        'reduction_applies' => false,
        'quantity_discount_applies' => false,
        'allow_oosp' => 1,
        'features' => 
        array (
        ),
        'rate' => 21.0,
        'tax_name' => 'BTW NL 21%',
      ),
      9 => 
      array (
        'id_product_attribute' => '0',
        'id_product' => '1547',
        'cart_quantity' => '1',
        'id_shop' => '1',
        'id_customization' => NULL,
        'name' => 'Corten grasprofiel 200x20x20x2mm',
        'is_virtual' => '0',
        'description_short' => '<p>(hoogte x breedte x hoogte x wanddikte), lengte 1000mm</p>',
        'available_now' => '',
        'available_later' => '',
        'id_category_default' => '324',
        'id_supplier' => '0',
        'id_manufacturer' => '0',
        'manufacturer_name' => NULL,
        'on_sale' => '0',
        'ecotax' => '0.000000',
        'additional_shipping_cost' => '0.00',
        'available_for_order' => '1',
        'show_price' => '1',
        'price' => 15.75,
        'active' => '1',
        'unity' => '',
        'unit_price_ratio' => '0.000000',
        'quantity_available' => '0',
        'width' => '0.000000',
        'height' => '0.000000',
        'depth' => '0.000000',
        'out_of_stock' => '2',
        'weight' => 0.0,
        'available_date' => NULL,
        'date_add' => '2020-06-12 14:20:31',
        'date_upd' => '2020-08-14 14:40:28',
        'quantity' => 1,
        'link_rewrite' => 'corten-grasprofiel-200x20x20x2mm',
        'category' => 'corten-graskantprofiel',
        'unique_id' => '00000015470000000000140',
        'id_address_delivery' => '14',
        'advanced_stock_management' => '0',
        'supplier_reference' => NULL,
        'customization_quantity' => NULL,
        'price_attribute' => NULL,
        'ecotax_attr' => NULL,
        'reference' => 'L2',
        'weight_attribute' => NULL,
        'ean13' => '',
        'isbn' => '',
        'upc' => '',
        'minimal_quantity' => '1',
        'wholesale_price' => '0.000000',
        'id_image' => '1547-1610',
        'legend' => 'Corten grasprofiel 200x20x20x2mm',
        'reduction_type' => 0,
        'is_gift' => false,
        'reduction' => 0.0,
        'reduction_without_tax' => 0.0,
        'price_without_reduction' => 19.0575,
        'specific_prices' => 
        array (
        ),
        'stock_quantity' => 0,
        'price_without_reduction_without_tax' => 15.75,
        'price_with_reduction' => 19.0575,
        'price_with_reduction_without_tax' => 15.75,
        'total' => 15.75,
        'total_wt' => 19.06,
        'price_wt' => 19.0575,
        'reduction_applies' => false,
        'quantity_discount_applies' => false,
        'allow_oosp' => 1,
        'features' => 
        array (
        ),
        'rate' => 21.0,
        'tax_name' => 'BTW NL 21%',
      ),
      10 => 
      array (
        'id_product_attribute' => '0',
        'id_product' => '714',
        'cart_quantity' => '1',
        'id_shop' => '1',
        'id_customization' => NULL,
        'name' => 'insteekdop rond 45mm',
        'is_virtual' => '0',
        'description_short' => '(voor: buisdiameter 45mm, wanddikte 1-3mm)',
        'available_now' => '',
        'available_later' => '',
        'id_category_default' => '186',
        'id_supplier' => '0',
        'id_manufacturer' => '0',
        'manufacturer_name' => NULL,
        'on_sale' => '0',
        'ecotax' => '0.000000',
        'additional_shipping_cost' => '0.00',
        'available_for_order' => '1',
        'show_price' => '1',
        'price' => 0.79,
        'active' => '1',
        'unity' => '',
        'unit_price_ratio' => '0.000000',
        'quantity_available' => '0',
        'width' => '0.000000',
        'height' => '0.000000',
        'depth' => '0.000000',
        'out_of_stock' => '2',
        'weight' => 0.0,
        'available_date' => NULL,
        'date_add' => '2020-06-12 14:19:32',
        'date_upd' => '2020-06-12 14:19:32',
        'quantity' => 1,
        'link_rewrite' => 'insteekdop-rond-45mm',
        'category' => 'ronde-insteekdop',
        'unique_id' => '00000007140000000000140',
        'id_address_delivery' => '14',
        'advanced_stock_management' => '0',
        'supplier_reference' => NULL,
        'customization_quantity' => NULL,
        'price_attribute' => NULL,
        'ecotax_attr' => NULL,
        'reference' => 'E',
        'weight_attribute' => NULL,
        'ean13' => '',
        'isbn' => '',
        'upc' => '',
        'minimal_quantity' => '1',
        'wholesale_price' => '0.000000',
        'id_image' => '714-736',
        'legend' => 'insteekdop rond 45mm',
        'reduction_type' => 0,
        'is_gift' => false,
        'reduction' => 0.0,
        'reduction_without_tax' => 0.0,
        'price_without_reduction' => 0.9559,
        'specific_prices' => 
        array (
        ),
        'stock_quantity' => 0,
        'price_without_reduction_without_tax' => 0.79,
        'price_with_reduction' => 0.9559,
        'price_with_reduction_without_tax' => 0.79,
        'total' => 0.79,
        'total_wt' => 0.96,
        'price_wt' => 0.9559,
        'reduction_applies' => false,
        'quantity_discount_applies' => false,
        'allow_oosp' => 1,
        'features' => 
        array (
        ),
        'rate' => 21.0,
        'tax_name' => 'BTW NL 21%',
      ),
      11 => 
      array (
        'id_product_attribute' => '0',
        'id_product' => '838',
        'cart_quantity' => '1',
        'id_shop' => '1',
        'id_customization' => NULL,
        'name' => 'insteekdop rond 48,3mm',
        'is_virtual' => '0',
        'description_short' => '<p>(voor: buisdiameter 48,3mm, wanddikte 1,5-2,5mm)</p>',
        'available_now' => '',
        'available_later' => '',
        'id_category_default' => '186',
        'id_supplier' => '0',
        'id_manufacturer' => '0',
        'manufacturer_name' => NULL,
        'on_sale' => '0',
        'ecotax' => '0.000000',
        'additional_shipping_cost' => '0.00',
        'available_for_order' => '1',
        'show_price' => '1',
        'price' => 0.82,
        'active' => '1',
        'unity' => '',
        'unit_price_ratio' => '0.000000',
        'quantity_available' => '0',
        'width' => '0.000000',
        'height' => '0.000000',
        'depth' => '0.000000',
        'out_of_stock' => '2',
        'weight' => 0.0,
        'available_date' => NULL,
        'date_add' => '2020-06-12 14:19:36',
        'date_upd' => '2020-06-12 14:19:36',
        'quantity' => 1,
        'link_rewrite' => 'insteekdop-rond-483mm',
        'category' => 'ronde-insteekdop',
        'unique_id' => '00000008380000000000140',
        'id_address_delivery' => '14',
        'advanced_stock_management' => '0',
        'supplier_reference' => NULL,
        'customization_quantity' => NULL,
        'price_attribute' => NULL,
        'ecotax_attr' => NULL,
        'reference' => 'E',
        'weight_attribute' => NULL,
        'ean13' => '',
        'isbn' => '',
        'upc' => '',
        'minimal_quantity' => '1',
        'wholesale_price' => '0.000000',
        'id_image' => '838-862',
        'legend' => 'insteekdop rond 48,3mm',
        'reduction_type' => 0,
        'is_gift' => false,
        'reduction' => 0.0,
        'reduction_without_tax' => 0.0,
        'price_without_reduction' => 0.9922,
        'specific_prices' => 
        array (
        ),
        'stock_quantity' => 0,
        'price_without_reduction_without_tax' => 0.82,
        'price_with_reduction' => 0.9922,
        'price_with_reduction_without_tax' => 0.82,
        'total' => 0.82,
        'total_wt' => 0.99,
        'price_wt' => 0.9922,
        'reduction_applies' => false,
        'quantity_discount_applies' => false,
        'allow_oosp' => 1,
        'features' => 
        array (
        ),
        'rate' => 21.0,
        'tax_name' => 'BTW NL 21%',
      ),
      12 => 
      array (
        'id_product_attribute' => '0',
        'id_product' => '712',
        'cart_quantity' => '1',
        'id_shop' => '1',
        'id_customization' => NULL,
        'name' => 'insteekdop rond 34mm',
        'is_virtual' => '0',
        'description_short' => '(voor: buisdiameter 35mm, wanddikte 1-3mm)',
        'available_now' => '',
        'available_later' => '',
        'id_category_default' => '186',
        'id_supplier' => '0',
        'id_manufacturer' => '0',
        'manufacturer_name' => NULL,
        'on_sale' => '0',
        'ecotax' => '0.000000',
        'additional_shipping_cost' => '0.00',
        'available_for_order' => '1',
        'show_price' => '1',
        'price' => 0.37,
        'active' => '1',
        'unity' => '',
        'unit_price_ratio' => '0.000000',
        'quantity_available' => '0',
        'width' => '0.000000',
        'height' => '0.000000',
        'depth' => '0.000000',
        'out_of_stock' => '2',
        'weight' => 0.0,
        'available_date' => NULL,
        'date_add' => '2020-06-12 14:19:32',
        'date_upd' => '2020-06-12 14:19:32',
        'quantity' => 1,
        'link_rewrite' => 'insteekdop-rond-34mm',
        'category' => 'ronde-insteekdop',
        'unique_id' => '00000007120000000000140',
        'id_address_delivery' => '14',
        'advanced_stock_management' => '0',
        'supplier_reference' => NULL,
        'customization_quantity' => NULL,
        'price_attribute' => NULL,
        'ecotax_attr' => NULL,
        'reference' => 'E',
        'weight_attribute' => NULL,
        'ean13' => '',
        'isbn' => '',
        'upc' => '',
        'minimal_quantity' => '1',
        'wholesale_price' => '0.000000',
        'id_image' => '712-734',
        'legend' => 'insteekdop rond 34mm',
        'reduction_type' => 0,
        'is_gift' => false,
        'reduction' => 0.0,
        'reduction_without_tax' => 0.0,
        'price_without_reduction' => 0.4477,
        'specific_prices' => 
        array (
        ),
        'stock_quantity' => 0,
        'price_without_reduction_without_tax' => 0.37,
        'price_with_reduction' => 0.4477,
        'price_with_reduction_without_tax' => 0.37,
        'total' => 0.37,
        'total_wt' => 0.45,
        'price_wt' => 0.4477,
        'reduction_applies' => false,
        'quantity_discount_applies' => false,
        'allow_oosp' => 1,
        'features' => 
        array (
        ),
        'rate' => 21.0,
        'tax_name' => 'BTW NL 21%',
      ),
      13 => 
      array (
        'id_product_attribute' => '3038',
        'id_product' => '1531',
        'cart_quantity' => '1',
        'id_shop' => '1',
        'id_customization' => NULL,
        'name' => 'nylon massief rond 20mm, lengte 1000mm',
        'is_virtual' => '0',
        'description_short' => '',
        'available_now' => '',
        'available_later' => '',
        'id_category_default' => '377',
        'id_supplier' => '0',
        'id_manufacturer' => '0',
        'manufacturer_name' => NULL,
        'on_sale' => '0',
        'ecotax' => '0.000000',
        'additional_shipping_cost' => '0.00',
        'available_for_order' => '1',
        'show_price' => '1',
        'price' => 7.69,
        'active' => '1',
        'unity' => '',
        'unit_price_ratio' => '0.000000',
        'quantity_available' => '-1',
        'width' => '0.000000',
        'height' => '0.000000',
        'depth' => '0.000000',
        'out_of_stock' => '2',
        'weight' => 0.0,
        'available_date' => NULL,
        'date_add' => '2020-06-12 14:20:30',
        'date_upd' => '2020-08-14 14:40:29',
        'quantity' => 1,
        'link_rewrite' => 'pom-massief-rond-20mm',
        'category' => 'nylon-massief-rond',
        'unique_id' => '00000015310000003038140',
        'id_address_delivery' => '14',
        'advanced_stock_management' => '0',
        'supplier_reference' => NULL,
        'customization_quantity' => NULL,
        'price_attribute' => '0.000000',
        'ecotax_attr' => '0.000000',
        'reference' => 'C',
        'weight_attribute' => 0.0,
        'ean13' => '',
        'isbn' => '',
        'upc' => '',
        'minimal_quantity' => '1',
        'wholesale_price' => '0.000000',
        'id_image' => '1531-1594',
        'legend' => 'nylon massief rond 20mm, lengte 1000mm',
        'reduction_type' => 0,
        'is_gift' => false,
        'reduction' => 0.0,
        'reduction_without_tax' => 0.0,
        'price_without_reduction' => 9.3049,
        'specific_prices' => false,
        'stock_quantity' => -1,
        'price_without_reduction_without_tax' => 7.69,
        'price_with_reduction' => 9.3049,
        'price_with_reduction_without_tax' => 7.69,
        'total' => 7.69,
        'total_wt' => 9.3,
        'price_wt' => 9.3049,
        'reduction_applies' => false,
        'quantity_discount_applies' => false,
        'allow_oosp' => 1,
        'features' => 
        array (
          0 => 
          array (
            'id_feature' => '4',
            'id_product' => '1531',
            'id_feature_value' => '2',
          ),
        ),
        'attributes' => 'Zagen : A',
        'attributes_small' => 'A',
        'rate' => 21.0,
        'tax_name' => 'BTW NL 21%',
      ),
      14 => 
      array (
        'id_product_attribute' => '3044',
        'id_product' => '1533',
        'cart_quantity' => '1',
        'id_shop' => '1',
        'id_customization' => NULL,
        'name' => 'nylon massief rond 40mm, lengte 1000mm',
        'is_virtual' => '0',
        'description_short' => '',
        'available_now' => '',
        'available_later' => '',
        'id_category_default' => '377',
        'id_supplier' => '0',
        'id_manufacturer' => '0',
        'manufacturer_name' => NULL,
        'on_sale' => '1',
        'ecotax' => '0.000000',
        'additional_shipping_cost' => '0.00',
        'available_for_order' => '1',
        'show_price' => '1',
        'price' => 26.4,
        'active' => '1',
        'unity' => '',
        'unit_price_ratio' => '0.000000',
        'quantity_available' => '0',
        'width' => '0.000000',
        'height' => '0.000000',
        'depth' => '0.000000',
        'out_of_stock' => '2',
        'weight' => 0.0,
        'available_date' => NULL,
        'date_add' => '2020-06-12 14:20:30',
        'date_upd' => '2020-08-14 14:40:29',
        'quantity' => 1,
        'link_rewrite' => 'pom-massief-rond-30mm',
        'category' => 'nylon-massief-rond',
        'unique_id' => '00000015330000003044140',
        'id_address_delivery' => '14',
        'advanced_stock_management' => '0',
        'supplier_reference' => NULL,
        'customization_quantity' => NULL,
        'price_attribute' => '0.000000',
        'ecotax_attr' => '0.000000',
        'reference' => 'C',
        'weight_attribute' => 0.0,
        'ean13' => '',
        'isbn' => '',
        'upc' => '',
        'minimal_quantity' => '1',
        'wholesale_price' => '0.000000',
        'id_image' => '1533-1596',
        'legend' => 'nylon massief rond 40mm, lengte 1000mm',
        'reduction_type' => 0,
        'is_gift' => false,
        'reduction' => 0.0,
        'reduction_without_tax' => 0.0,
        'price_without_reduction' => 31.944,
        'specific_prices' => false,
        'stock_quantity' => 0,
        'price_without_reduction_without_tax' => 26.4,
        'price_with_reduction' => 31.944,
        'price_with_reduction_without_tax' => 26.4,
        'total' => 26.4,
        'total_wt' => 31.94,
        'price_wt' => 31.944,
        'reduction_applies' => false,
        'quantity_discount_applies' => false,
        'allow_oosp' => 1,
        'features' => 
        array (
          0 => 
          array (
            'id_feature' => '4',
            'id_product' => '1533',
            'id_feature_value' => '2',
          ),
        ),
        'attributes' => 'Zagen : A',
        'attributes_small' => 'A',
        'rate' => 21.0,
        'tax_name' => 'BTW NL 21%',
      ),
      15 => 
      array (
        'id_product_attribute' => '3035',
        'id_product' => '1530',
        'cart_quantity' => '1',
        'id_shop' => '1',
        'id_customization' => NULL,
        'name' => 'nylon massief rond 50mm, lengte 1000mm',
        'is_virtual' => '0',
        'description_short' => '',
        'available_now' => '',
        'available_later' => '',
        'id_category_default' => '377',
        'id_supplier' => '0',
        'id_manufacturer' => '0',
        'manufacturer_name' => NULL,
        'on_sale' => '0',
        'ecotax' => '0.000000',
        'additional_shipping_cost' => '0.00',
        'available_for_order' => '1',
        'show_price' => '1',
        'price' => 40.69,
        'active' => '1',
        'unity' => '',
        'unit_price_ratio' => '0.000000',
        'quantity_available' => '0',
        'width' => '0.000000',
        'height' => '0.000000',
        'depth' => '0.000000',
        'out_of_stock' => '2',
        'weight' => 0.0,
        'available_date' => NULL,
        'date_add' => '2020-06-12 14:20:29',
        'date_upd' => '2020-08-14 14:40:29',
        'quantity' => 1,
        'link_rewrite' => 'pom-massief-rond-30mm',
        'category' => 'nylon-massief-rond',
        'unique_id' => '00000015300000003035140',
        'id_address_delivery' => '14',
        'advanced_stock_management' => '0',
        'supplier_reference' => NULL,
        'customization_quantity' => NULL,
        'price_attribute' => '0.000000',
        'ecotax_attr' => '0.000000',
        'reference' => 'C',
        'weight_attribute' => 0.0,
        'ean13' => '',
        'isbn' => '',
        'upc' => '',
        'minimal_quantity' => '1',
        'wholesale_price' => '0.000000',
        'id_image' => '1530-1593',
        'legend' => 'nylon massief rond 50mm, lengte 1000mm',
        'reduction_type' => 0,
        'is_gift' => false,
        'reduction' => 0.0,
        'reduction_without_tax' => 0.0,
        'price_without_reduction' => 49.2349,
        'specific_prices' => false,
        'stock_quantity' => 0,
        'price_without_reduction_without_tax' => 40.69,
        'price_with_reduction' => 49.2349,
        'price_with_reduction_without_tax' => 40.69,
        'total' => 40.69,
        'total_wt' => 49.23,
        'price_wt' => 49.2349,
        'reduction_applies' => false,
        'quantity_discount_applies' => false,
        'allow_oosp' => 1,
        'features' => 
        array (
          0 => 
          array (
            'id_feature' => '4',
            'id_product' => '1530',
            'id_feature_value' => '2',
          ),
        ),
        'attributes' => 'Zagen : A',
        'attributes_small' => 'A',
        'rate' => 21.0,
        'tax_name' => 'BTW NL 21%',
      ),
    ),
     '_taxCalculationMethod' => '0',
     'webserviceParameters' => 
    array (
      'fields' => 
      array (
        'id_address_delivery' => 
        array (
          'xlink_resource' => 'addresses',
        ),
        'id_address_invoice' => 
        array (
          'xlink_resource' => 'addresses',
        ),
        'id_currency' => 
        array (
          'xlink_resource' => 'currencies',
        ),
        'id_customer' => 
        array (
          'xlink_resource' => 'customers',
        ),
        'id_guest' => 
        array (
          'xlink_resource' => 'guests',
        ),
        'id_lang' => 
        array (
          'xlink_resource' => 'languages',
        ),
      ),
      'associations' => 
      array (
        'cart_rows' => 
        array (
          'resource' => 'cart_row',
          'virtual_entity' => true,
          'fields' => 
          array (
            'id_product' => 
            array (
              'required' => true,
              'xlink_resource' => 'products',
            ),
            'id_product_attribute' => 
            array (
              'required' => true,
              'xlink_resource' => 'combinations',
            ),
            'id_address_delivery' => 
            array (
              'required' => true,
              'xlink_resource' => 'addresses',
            ),
            'id_customization' => 
            array (
              'required' => false,
              'xlink_resource' => 'customizations',
            ),
            'quantity' => 
            array (
              'required' => true,
            ),
          ),
        ),
      ),
    ),
     'configuration' => 
    PrestaShop\PrestaShop\Adapter\Configuration::__set_state(array(
       'shop' => NULL,
       'parameters' => NULL,
    )),
     'addressFactory' => 
    PrestaShop\PrestaShop\Adapter\AddressFactory::__set_state(array(
    )),
     'shouldSplitGiftProductsQuantity' => false,
     'shouldExcludeGiftsDiscount' => false,
     'id_shop_list' => 
    array (
    ),
     'get_shop_from_context' => true,
     'table' => 'cart',
     'identifier' => 'id_cart',
     'fieldsRequired' => 
    array (
      0 => 'id_currency',
      1 => 'id_lang',
    ),
     'fieldsSize' => 
    array (
      'secure_key' => 32,
    ),
     'fieldsValidate' => 
    array (
      'id_shop_group' => 'isUnsignedId',
      'id_shop' => 'isUnsignedId',
      'id_address_delivery' => 'isUnsignedId',
      'id_address_invoice' => 'isUnsignedId',
      'id_carrier' => 'isUnsignedId',
      'id_currency' => 'isUnsignedId',
      'id_customer' => 'isUnsignedId',
      'id_guest' => 'isUnsignedId',
      'id_lang' => 'isUnsignedId',
      'recyclable' => 'isBool',
      'gift' => 'isBool',
      'gift_message' => 'isMessage',
      'mobile_theme' => 'isBool',
      'allow_seperated_package' => 'isBool',
      'date_add' => 'isDate',
      'date_upd' => 'isDate',
    ),
     'fieldsRequiredLang' => 
    array (
    ),
     'fieldsSizeLang' => 
    array (
    ),
     'fieldsValidateLang' => 
    array (
    ),
     'tables' => 
    array (
    ),
     'image_dir' => NULL,
     'image_format' => 'jpg',
     'translator' => NULL,
     'def' => 
    array (
      'table' => 'cart',
      'primary' => 'id_cart',
      'fields' => 
      array (
        'id_shop_group' => 
        array (
          'type' => 1,
          'validate' => 'isUnsignedId',
        ),
        'id_shop' => 
        array (
          'type' => 1,
          'validate' => 'isUnsignedId',
        ),
        'id_address_delivery' => 
        array (
          'type' => 1,
          'validate' => 'isUnsignedId',
        ),
        'id_address_invoice' => 
        array (
          'type' => 1,
          'validate' => 'isUnsignedId',
        ),
        'id_carrier' => 
        array (
          'type' => 1,
          'validate' => 'isUnsignedId',
        ),
        'id_currency' => 
        array (
          'type' => 1,
          'validate' => 'isUnsignedId',
          'required' => true,
        ),
        'id_customer' => 
        array (
          'type' => 1,
          'validate' => 'isUnsignedId',
        ),
        'id_guest' => 
        array (
          'type' => 1,
          'validate' => 'isUnsignedId',
        ),
        'id_lang' => 
        array (
          'type' => 1,
          'validate' => 'isUnsignedId',
          'required' => true,
        ),
        'recyclable' => 
        array (
          'type' => 2,
          'validate' => 'isBool',
        ),
        'gift' => 
        array (
          'type' => 2,
          'validate' => 'isBool',
        ),
        'gift_message' => 
        array (
          'type' => 3,
          'validate' => 'isMessage',
        ),
        'mobile_theme' => 
        array (
          'type' => 2,
          'validate' => 'isBool',
        ),
        'delivery_option' => 
        array (
          'type' => 3,
        ),
        'secure_key' => 
        array (
          'type' => 3,
          'size' => 32,
        ),
        'allow_seperated_package' => 
        array (
          'type' => 2,
          'validate' => 'isBool',
        ),
        'date_add' => 
        array (
          'type' => 5,
          'validate' => 'isDate',
        ),
        'date_upd' => 
        array (
          'type' => 5,
          'validate' => 'isDate',
        ),
        'added_to_order' => 
        array (
          'type' => 3,
        ),
      ),
      'classname' => 'Cart',
    ),
     'update_fields' => NULL,
     'force_id' => false,
  )),
  'altern' => 2,
)array (
  'object' => 
  CustomerThread::__set_state(array(
     'id' => '15',
     'id_shop' => 1,
     'id_lang' => 1,
     'id_contact' => 0,
     'id_customer' => 59,
     'id_order' => 133,
     'id_product' => NULL,
     'status' => 'open',
     'email' => 'stoker@stokstylez.nl',
     'token' => 'AQv5tvrfLQLK',
     'date_add' => '2021-04-23 09:00:47',
     'date_upd' => '2021-04-23 09:00:47',
     'webserviceParameters' => 
    array (
      'fields' => 
      array (
        'id_lang' => 
        array (
          'xlink_resource' => 'languages',
        ),
        'id_shop' => 
        array (
          'xlink_resource' => 'shops',
        ),
        'id_customer' => 
        array (
          'xlink_resource' => 'customers',
        ),
        'id_order' => 
        array (
          'xlink_resource' => 'orders',
        ),
        'id_product' => 
        array (
          'xlink_resource' => 'products',
        ),
      ),
      'associations' => 
      array (
        'customer_messages' => 
        array (
          'resource' => 'customer_message',
          'id' => 
          array (
            'required' => true,
          ),
        ),
      ),
    ),
     'id_shop_list' => 
    array (
    ),
     'get_shop_from_context' => true,
     'table' => 'customer_thread',
     'identifier' => 'id_customer_thread',
     'fieldsRequired' => 
    array (
      0 => 'id_lang',
      1 => 'id_contact',
      2 => 'token',
    ),
     'fieldsSize' => 
    array (
      'email' => 255,
    ),
     'fieldsValidate' => 
    array (
      'id_lang' => 'isUnsignedId',
      'id_contact' => 'isUnsignedId',
      'id_shop' => 'isUnsignedId',
      'id_customer' => 'isUnsignedId',
      'id_order' => 'isUnsignedId',
      'id_product' => 'isUnsignedId',
      'email' => 'isEmail',
      'token' => 'isGenericName',
      'date_add' => 'isDate',
      'date_upd' => 'isDate',
    ),
     'fieldsRequiredLang' => 
    array (
    ),
     'fieldsSizeLang' => 
    array (
    ),
     'fieldsValidateLang' => 
    array (
    ),
     'tables' => 
    array (
    ),
     'image_dir' => NULL,
     'image_format' => 'jpg',
     'translator' => NULL,
     'def' => 
    array (
      'table' => 'customer_thread',
      'primary' => 'id_customer_thread',
      'fields' => 
      array (
        'id_lang' => 
        array (
          'type' => 1,
          'validate' => 'isUnsignedId',
          'required' => true,
        ),
        'id_contact' => 
        array (
          'type' => 1,
          'validate' => 'isUnsignedId',
          'required' => true,
        ),
        'id_shop' => 
        array (
          'type' => 1,
          'validate' => 'isUnsignedId',
        ),
        'id_customer' => 
        array (
          'type' => 1,
          'validate' => 'isUnsignedId',
        ),
        'id_order' => 
        array (
          'type' => 1,
          'validate' => 'isUnsignedId',
        ),
        'id_product' => 
        array (
          'type' => 1,
          'validate' => 'isUnsignedId',
        ),
        'email' => 
        array (
          'type' => 3,
          'validate' => 'isEmail',
          'size' => 255,
        ),
        'token' => 
        array (
          'type' => 3,
          'validate' => 'isGenericName',
          'required' => true,
        ),
        'status' => 
        array (
          'type' => 3,
        ),
        'date_add' => 
        array (
          'type' => 5,
          'validate' => 'isDate',
        ),
        'date_upd' => 
        array (
          'type' => 5,
          'validate' => 'isDate',
        ),
      ),
      'classname' => 'CustomerThread',
    ),
     'update_fields' => NULL,
     'force_id' => false,
  )),
  'cookie' => 
  Cookie::__set_state(array(
     '_content' => 
    array (
      'date_add' => '2021-01-27 08:18:58',
      'id_lang' => '1',
      'id_currency' => 1,
      'last_visited_category' => '321',
      'session_id' => '81',
      'session_token' => '7048cb31a86d9222e96488f3a99eb1be5a80c680',
      'cart_toggle' => 'true',
      'supercheckout_temp_address_delivery' => '45',
      'isSameInvoiceAddress' => '1',
      'supercheckout_temp_address_invoice' => '0',
      'supercheckout_accepted_consent' => '[]',
      'supercheckout_default_policy' => 'Ik ga akkoord met de voorwaarden van de dienst en zal onvoorwaardelijk opvolgen.',
      'supercheckout_perm_address_delivery' => '45',
      'supercheckout_perm_address_invoice' => '45',
      'check_cgv' => '',
      'id_guest' => '1',
      'id_connections' => '3553',
      'id_cart' => '337',
      'address_selector' => 'existing',
      'id_customer' => '59',
      'customer_lastname' => 'ewffwef',
      'customer_firstname' => 'wefewfwef',
      'logged' => '1',
      'is_guest' => '1',
      'passwd' => '5396ab066bff5fac4d92e8e2b1499d00',
      'email' => 'stoker@stokstylez.nl',
      'checksum' => '1017114815',
    ),
     '_name' => 'PrestaShop-88a0479099143bf4330d9cd2b528aabb',
     '_expire' => 1620889246,
     '_domain' => 'ijzershop176.local',
     '_path' => '/',
     'cipherTool' => 
    PhpEncryption::__set_state(array(
    )),
     '_modified' => false,
     '_allow_writing' => true,
     '_salt' => 'RYitkuu1',
     '_standalone' => false,
     '_secure' => false,
  )),
  'cart' => 
  Cart::__set_state(array(
     'added_to_order' => '',
     'id' => 337,
     'id_shop_group' => '1',
     'id_shop' => '1',
     'id_address_delivery' => '45',
     'id_address_invoice' => '45',
     'id_currency' => '1',
     'id_customer' => '59',
     'id_guest' => '2826',
     'id_lang' => '1',
     'recyclable' => '0',
     'gift' => '0',
     'gift_message' => '',
     'mobile_theme' => '0',
     'date_add' => '2021-04-23 08:42:31',
     'secure_key' => 'eb9b457cfe9f858b31b2e102f6fdf274',
     'id_carrier' => '8',
     'date_upd' => '2021-04-23 09:00:46',
     'checkedTos' => false,
     'pictures' => NULL,
     'textFields' => NULL,
     'delivery_option' => '{"45":"8,"}',
     'allow_seperated_package' => '0',
     '_products' => 
    array (
      0 => 
      array (
        'id_product_attribute' => '75',
        'id_product' => '1040',
        'cart_quantity' => '1',
        'id_shop' => '1',
        'id_customization' => NULL,
        'name' => 'stalen koker 15 x 15 x 2mm',
        'is_virtual' => '0',
        'description_short' => '<p>gebeitst (lichte kleur), (hoogte x breedte x wanddikte), lengte 2 meter</p>',
        'available_now' => '',
        'available_later' => '',
        'id_category_default' => '321',
        'id_supplier' => '0',
        'id_manufacturer' => '0',
        'manufacturer_name' => NULL,
        'on_sale' => '0',
        'ecotax' => '0.000000',
        'additional_shipping_cost' => '0.00',
        'available_for_order' => '1',
        'show_price' => '1',
        'price' => 4.76,
        'active' => '1',
        'unity' => '',
        'unit_price_ratio' => '0.000000',
        'quantity_available' => '19',
        'width' => '0.000000',
        'height' => '0.000000',
        'depth' => '0.000000',
        'out_of_stock' => '2',
        'weight' => 2.24,
        'available_date' => '0000-00-00',
        'date_add' => '2020-06-12 14:19:47',
        'date_upd' => '2021-01-29 11:16:16',
        'quantity' => 1,
        'link_rewrite' => 'stalen-koker-15-x-15-x-2mm',
        'category' => 'stalen-koker-vierkant',
        'unique_id' => '00000010400000000075450',
        'id_address_delivery' => '45',
        'advanced_stock_management' => '0',
        'supplier_reference' => NULL,
        'customization_quantity' => NULL,
        'price_attribute' => '0.000000',
        'ecotax_attr' => '0.000000',
        'reference' => 'L1',
        'weight_attribute' => 2.24,
        'ean13' => '',
        'isbn' => '',
        'upc' => '',
        'minimal_quantity' => '1',
        'wholesale_price' => '35.000000',
        'id_image' => '1040-1090',
        'legend' => 'stalen koker 15x15x2 kopen "stalen profielen kopen"',
        'reduction_type' => 0,
        'is_gift' => false,
        'reduction' => 0.0,
        'reduction_without_tax' => 0.0,
        'price_without_reduction' => 5.7596,
        'specific_prices' => false,
        'stock_quantity' => 19,
        'price_without_reduction_without_tax' => 4.76,
        'price_with_reduction' => 5.7596,
        'price_with_reduction_without_tax' => 4.76,
        'total' => 5.0,
        'total_wt' => 6.0,
        'price_wt' => 5.7596,
        'reduction_applies' => false,
        'quantity_discount_applies' => false,
        'allow_oosp' => 1,
        'features' => 
        array (
          0 => 
          array (
            'id_feature' => '4',
            'id_product' => '1040',
            'id_feature_value' => '13',
          ),
          1 => 
          array (
            'id_feature' => '9',
            'id_product' => '1040',
            'id_feature_value' => '126',
          ),
          2 => 
          array (
            'id_feature' => '10',
            'id_product' => '1040',
            'id_feature_value' => '33',
          ),
        ),
        'attributes' => 'Zagen : A',
        'attributes_small' => 'A',
        'rate' => 21.0,
        'tax_name' => 'BTW NL 21%',
      ),
    ),
     '_taxCalculationMethod' => '0',
     'webserviceParameters' => 
    array (
      'fields' => 
      array (
        'id_address_delivery' => 
        array (
          'xlink_resource' => 'addresses',
        ),
        'id_address_invoice' => 
        array (
          'xlink_resource' => 'addresses',
        ),
        'id_currency' => 
        array (
          'xlink_resource' => 'currencies',
        ),
        'id_customer' => 
        array (
          'xlink_resource' => 'customers',
        ),
        'id_guest' => 
        array (
          'xlink_resource' => 'guests',
        ),
        'id_lang' => 
        array (
          'xlink_resource' => 'languages',
        ),
      ),
      'associations' => 
      array (
        'cart_rows' => 
        array (
          'resource' => 'cart_row',
          'virtual_entity' => true,
          'fields' => 
          array (
            'id_product' => 
            array (
              'required' => true,
              'xlink_resource' => 'products',
            ),
            'id_product_attribute' => 
            array (
              'required' => true,
              'xlink_resource' => 'combinations',
            ),
            'id_address_delivery' => 
            array (
              'required' => true,
              'xlink_resource' => 'addresses',
            ),
            'id_customization' => 
            array (
              'required' => false,
              'xlink_resource' => 'customizations',
            ),
            'quantity' => 
            array (
              'required' => true,
            ),
          ),
        ),
      ),
    ),
     'configuration' => 
    PrestaShop\PrestaShop\Adapter\Configuration::__set_state(array(
       'shop' => NULL,
       'parameters' => NULL,
    )),
     'addressFactory' => 
    PrestaShop\PrestaShop\Adapter\AddressFactory::__set_state(array(
    )),
     'shouldSplitGiftProductsQuantity' => false,
     'shouldExcludeGiftsDiscount' => false,
     'id_shop_list' => 
    array (
    ),
     'get_shop_from_context' => true,
     'table' => 'cart',
     'identifier' => 'id_cart',
     'fieldsRequired' => 
    array (
      0 => 'id_currency',
      1 => 'id_lang',
    ),
     'fieldsSize' => 
    array (
      'secure_key' => 32,
    ),
     'fieldsValidate' => 
    array (
      'id_shop_group' => 'isUnsignedId',
      'id_shop' => 'isUnsignedId',
      'id_address_delivery' => 'isUnsignedId',
      'id_address_invoice' => 'isUnsignedId',
      'id_carrier' => 'isUnsignedId',
      'id_currency' => 'isUnsignedId',
      'id_customer' => 'isUnsignedId',
      'id_guest' => 'isUnsignedId',
      'id_lang' => 'isUnsignedId',
      'recyclable' => 'isBool',
      'gift' => 'isBool',
      'gift_message' => 'isMessage',
      'mobile_theme' => 'isBool',
      'allow_seperated_package' => 'isBool',
      'date_add' => 'isDate',
      'date_upd' => 'isDate',
    ),
     'fieldsRequiredLang' => 
    array (
    ),
     'fieldsSizeLang' => 
    array (
    ),
     'fieldsValidateLang' => 
    array (
    ),
     'tables' => 
    array (
    ),
     'image_dir' => NULL,
     'image_format' => 'jpg',
     'translator' => NULL,
     'def' => 
    array (
      'table' => 'cart',
      'primary' => 'id_cart',
      'fields' => 
      array (
        'id_shop_group' => 
        array (
          'type' => 1,
          'validate' => 'isUnsignedId',
        ),
        'id_shop' => 
        array (
          'type' => 1,
          'validate' => 'isUnsignedId',
        ),
        'id_address_delivery' => 
        array (
          'type' => 1,
          'validate' => 'isUnsignedId',
        ),
        'id_address_invoice' => 
        array (
          'type' => 1,
          'validate' => 'isUnsignedId',
        ),
        'id_carrier' => 
        array (
          'type' => 1,
          'validate' => 'isUnsignedId',
        ),
        'id_currency' => 
        array (
          'type' => 1,
          'validate' => 'isUnsignedId',
          'required' => true,
        ),
        'id_customer' => 
        array (
          'type' => 1,
          'validate' => 'isUnsignedId',
        ),
        'id_guest' => 
        array (
          'type' => 1,
          'validate' => 'isUnsignedId',
        ),
        'id_lang' => 
        array (
          'type' => 1,
          'validate' => 'isUnsignedId',
          'required' => true,
        ),
        'recyclable' => 
        array (
          'type' => 2,
          'validate' => 'isBool',
        ),
        'gift' => 
        array (
          'type' => 2,
          'validate' => 'isBool',
        ),
        'gift_message' => 
        array (
          'type' => 3,
          'validate' => 'isMessage',
        ),
        'mobile_theme' => 
        array (
          'type' => 2,
          'validate' => 'isBool',
        ),
        'delivery_option' => 
        array (
          'type' => 3,
        ),
        'secure_key' => 
        array (
          'type' => 3,
          'size' => 32,
        ),
        'allow_seperated_package' => 
        array (
          'type' => 2,
          'validate' => 'isBool',
        ),
        'date_add' => 
        array (
          'type' => 5,
          'validate' => 'isDate',
        ),
        'date_upd' => 
        array (
          'type' => 5,
          'validate' => 'isDate',
        ),
        'added_to_order' => 
        array (
          'type' => 3,
        ),
      ),
      'classname' => 'Cart',
    ),
     'update_fields' => NULL,
     'force_id' => false,
  )),
  'altern' => 2,
)array (
  'object' => 
  CustomerThread::__set_state(array(
     'id' => '16',
     'id_shop' => 1,
     'id_lang' => 1,
     'id_contact' => 0,
     'id_customer' => 61,
     'id_order' => 135,
     'id_product' => NULL,
     'status' => 'open',
     'email' => 'jelmerqwdqwdwqdstoker@gmail.com',
     'token' => 'JeSzL6wGE74w',
     'date_add' => '2021-04-23 09:47:55',
     'date_upd' => '2021-04-23 09:47:55',
     'webserviceParameters' => 
    array (
      'fields' => 
      array (
        'id_lang' => 
        array (
          'xlink_resource' => 'languages',
        ),
        'id_shop' => 
        array (
          'xlink_resource' => 'shops',
        ),
        'id_customer' => 
        array (
          'xlink_resource' => 'customers',
        ),
        'id_order' => 
        array (
          'xlink_resource' => 'orders',
        ),
        'id_product' => 
        array (
          'xlink_resource' => 'products',
        ),
      ),
      'associations' => 
      array (
        'customer_messages' => 
        array (
          'resource' => 'customer_message',
          'id' => 
          array (
            'required' => true,
          ),
        ),
      ),
    ),
     'id_shop_list' => 
    array (
    ),
     'get_shop_from_context' => true,
     'table' => 'customer_thread',
     'identifier' => 'id_customer_thread',
     'fieldsRequired' => 
    array (
      0 => 'id_lang',
      1 => 'id_contact',
      2 => 'token',
    ),
     'fieldsSize' => 
    array (
      'email' => 255,
    ),
     'fieldsValidate' => 
    array (
      'id_lang' => 'isUnsignedId',
      'id_contact' => 'isUnsignedId',
      'id_shop' => 'isUnsignedId',
      'id_customer' => 'isUnsignedId',
      'id_order' => 'isUnsignedId',
      'id_product' => 'isUnsignedId',
      'email' => 'isEmail',
      'token' => 'isGenericName',
      'date_add' => 'isDate',
      'date_upd' => 'isDate',
    ),
     'fieldsRequiredLang' => 
    array (
    ),
     'fieldsSizeLang' => 
    array (
    ),
     'fieldsValidateLang' => 
    array (
    ),
     'tables' => 
    array (
    ),
     'image_dir' => NULL,
     'image_format' => 'jpg',
     'translator' => NULL,
     'def' => 
    array (
      'table' => 'customer_thread',
      'primary' => 'id_customer_thread',
      'fields' => 
      array (
        'id_lang' => 
        array (
          'type' => 1,
          'validate' => 'isUnsignedId',
          'required' => true,
        ),
        'id_contact' => 
        array (
          'type' => 1,
          'validate' => 'isUnsignedId',
          'required' => true,
        ),
        'id_shop' => 
        array (
          'type' => 1,
          'validate' => 'isUnsignedId',
        ),
        'id_customer' => 
        array (
          'type' => 1,
          'validate' => 'isUnsignedId',
        ),
        'id_order' => 
        array (
          'type' => 1,
          'validate' => 'isUnsignedId',
        ),
        'id_product' => 
        array (
          'type' => 1,
          'validate' => 'isUnsignedId',
        ),
        'email' => 
        array (
          'type' => 3,
          'validate' => 'isEmail',
          'size' => 255,
        ),
        'token' => 
        array (
          'type' => 3,
          'validate' => 'isGenericName',
          'required' => true,
        ),
        'status' => 
        array (
          'type' => 3,
        ),
        'date_add' => 
        array (
          'type' => 5,
          'validate' => 'isDate',
        ),
        'date_upd' => 
        array (
          'type' => 5,
          'validate' => 'isDate',
        ),
      ),
      'classname' => 'CustomerThread',
    ),
     'update_fields' => NULL,
     'force_id' => false,
  )),
  'cookie' => 
  Cookie::__set_state(array(
     '_content' => 
    array (
      'date_add' => '2021-01-27 08:18:58',
      'id_lang' => '1',
      'id_currency' => 1,
      'last_visited_category' => '321',
      'session_id' => '83',
      'session_token' => '093a1b0b4e5869927b2b69be3d37c5051cfbdfba',
      'cart_toggle' => 'true',
      'supercheckout_temp_address_delivery' => '47',
      'isSameInvoiceAddress' => '1',
      'supercheckout_temp_address_invoice' => '0',
      'supercheckout_accepted_consent' => '[]',
      'supercheckout_default_policy' => 'Ik ga akkoord met de voorwaarden van de dienst en zal onvoorwaardelijk opvolgen.',
      'supercheckout_perm_address_delivery' => '47',
      'supercheckout_perm_address_invoice' => '47',
      'check_cgv' => '',
      'id_guest' => '1',
      'id_connections' => '3555',
      'id_cart' => '341',
      'address_selector' => 'existing',
      'id_customer' => '61',
      'customer_lastname' => 'qwdqwdqwdqw',
      'customer_firstname' => 'wdqwdwqd',
      'logged' => '1',
      'is_guest' => '1',
      'passwd' => 'a5dc5ee8ccb180e0605c67b77116f376',
      'email' => 'jelmerqwdqwdwqdstoker@gmail.com',
      'checksum' => '2346451732',
    ),
     '_name' => 'PrestaShop-88a0479099143bf4330d9cd2b528aabb',
     '_expire' => 1620892074,
     '_domain' => 'ijzershop176.local',
     '_path' => '/',
     'cipherTool' => 
    PhpEncryption::__set_state(array(
    )),
     '_modified' => false,
     '_allow_writing' => true,
     '_salt' => 'RYitkuu1',
     '_standalone' => false,
     '_secure' => false,
  )),
  'cart' => 
  Cart::__set_state(array(
     'added_to_order' => '',
     'id' => 341,
     'id_shop_group' => '1',
     'id_shop' => '1',
     'id_address_delivery' => '47',
     'id_address_invoice' => '47',
     'id_currency' => '1',
     'id_customer' => '61',
     'id_guest' => '2828',
     'id_lang' => '1',
     'recyclable' => '0',
     'gift' => '0',
     'gift_message' => '',
     'mobile_theme' => '0',
     'date_add' => '2021-04-23 09:47:15',
     'secure_key' => '66ea61a00276730d30e794609008d6e1',
     'id_carrier' => '8',
     'date_upd' => '2021-04-23 09:47:54',
     'checkedTos' => false,
     'pictures' => NULL,
     'textFields' => NULL,
     'delivery_option' => '{"47":"8,"}',
     'allow_seperated_package' => '0',
     '_products' => 
    array (
      0 => 
      array (
        'id_product_attribute' => '75',
        'id_product' => '1040',
        'cart_quantity' => '1',
        'id_shop' => '1',
        'id_customization' => NULL,
        'name' => 'stalen koker 15 x 15 x 2mm',
        'is_virtual' => '0',
        'description_short' => '<p>gebeitst (lichte kleur), (hoogte x breedte x wanddikte), lengte 2 meter</p>',
        'available_now' => '',
        'available_later' => '',
        'id_category_default' => '321',
        'id_supplier' => '0',
        'id_manufacturer' => '0',
        'manufacturer_name' => NULL,
        'on_sale' => '0',
        'ecotax' => '0.000000',
        'additional_shipping_cost' => '0.00',
        'available_for_order' => '1',
        'show_price' => '1',
        'price' => 4.76,
        'active' => '1',
        'unity' => '',
        'unit_price_ratio' => '0.000000',
        'quantity_available' => '18',
        'width' => '0.000000',
        'height' => '0.000000',
        'depth' => '0.000000',
        'out_of_stock' => '2',
        'weight' => 2.24,
        'available_date' => '0000-00-00',
        'date_add' => '2020-06-12 14:19:47',
        'date_upd' => '2021-01-29 11:16:16',
        'quantity' => 1,
        'link_rewrite' => 'stalen-koker-15-x-15-x-2mm',
        'category' => 'stalen-koker-vierkant',
        'unique_id' => '00000010400000000075470',
        'id_address_delivery' => '47',
        'advanced_stock_management' => '0',
        'supplier_reference' => NULL,
        'customization_quantity' => NULL,
        'price_attribute' => '0.000000',
        'ecotax_attr' => '0.000000',
        'reference' => 'L1',
        'weight_attribute' => 2.24,
        'ean13' => '',
        'isbn' => '',
        'upc' => '',
        'minimal_quantity' => '1',
        'wholesale_price' => '35.000000',
        'id_image' => '1040-1090',
        'legend' => 'stalen koker 15x15x2 kopen "stalen profielen kopen"',
        'reduction_type' => 0,
        'is_gift' => false,
        'reduction' => 0.0,
        'reduction_without_tax' => 0.0,
        'price_without_reduction' => 5.7596,
        'specific_prices' => false,
        'stock_quantity' => 18,
        'price_without_reduction_without_tax' => 4.76,
        'price_with_reduction' => 5.7596,
        'price_with_reduction_without_tax' => 4.76,
        'total' => 5.0,
        'total_wt' => 6.0,
        'price_wt' => 5.7596,
        'reduction_applies' => false,
        'quantity_discount_applies' => false,
        'allow_oosp' => 1,
        'features' => 
        array (
          0 => 
          array (
            'id_feature' => '4',
            'id_product' => '1040',
            'id_feature_value' => '13',
          ),
          1 => 
          array (
            'id_feature' => '9',
            'id_product' => '1040',
            'id_feature_value' => '126',
          ),
          2 => 
          array (
            'id_feature' => '10',
            'id_product' => '1040',
            'id_feature_value' => '33',
          ),
        ),
        'attributes' => 'Zagen : A',
        'attributes_small' => 'A',
        'rate' => 21.0,
        'tax_name' => 'BTW NL 21%',
      ),
    ),
     '_taxCalculationMethod' => '0',
     'webserviceParameters' => 
    array (
      'fields' => 
      array (
        'id_address_delivery' => 
        array (
          'xlink_resource' => 'addresses',
        ),
        'id_address_invoice' => 
        array (
          'xlink_resource' => 'addresses',
        ),
        'id_currency' => 
        array (
          'xlink_resource' => 'currencies',
        ),
        'id_customer' => 
        array (
          'xlink_resource' => 'customers',
        ),
        'id_guest' => 
        array (
          'xlink_resource' => 'guests',
        ),
        'id_lang' => 
        array (
          'xlink_resource' => 'languages',
        ),
      ),
      'associations' => 
      array (
        'cart_rows' => 
        array (
          'resource' => 'cart_row',
          'virtual_entity' => true,
          'fields' => 
          array (
            'id_product' => 
            array (
              'required' => true,
              'xlink_resource' => 'products',
            ),
            'id_product_attribute' => 
            array (
              'required' => true,
              'xlink_resource' => 'combinations',
            ),
            'id_address_delivery' => 
            array (
              'required' => true,
              'xlink_resource' => 'addresses',
            ),
            'id_customization' => 
            array (
              'required' => false,
              'xlink_resource' => 'customizations',
            ),
            'quantity' => 
            array (
              'required' => true,
            ),
          ),
        ),
      ),
    ),
     'configuration' => 
    PrestaShop\PrestaShop\Adapter\Configuration::__set_state(array(
       'shop' => NULL,
       'parameters' => NULL,
    )),
     'addressFactory' => 
    PrestaShop\PrestaShop\Adapter\AddressFactory::__set_state(array(
    )),
     'shouldSplitGiftProductsQuantity' => false,
     'shouldExcludeGiftsDiscount' => false,
     'id_shop_list' => 
    array (
    ),
     'get_shop_from_context' => true,
     'table' => 'cart',
     'identifier' => 'id_cart',
     'fieldsRequired' => 
    array (
      0 => 'id_currency',
      1 => 'id_lang',
    ),
     'fieldsSize' => 
    array (
      'secure_key' => 32,
    ),
     'fieldsValidate' => 
    array (
      'id_shop_group' => 'isUnsignedId',
      'id_shop' => 'isUnsignedId',
      'id_address_delivery' => 'isUnsignedId',
      'id_address_invoice' => 'isUnsignedId',
      'id_carrier' => 'isUnsignedId',
      'id_currency' => 'isUnsignedId',
      'id_customer' => 'isUnsignedId',
      'id_guest' => 'isUnsignedId',
      'id_lang' => 'isUnsignedId',
      'recyclable' => 'isBool',
      'gift' => 'isBool',
      'gift_message' => 'isMessage',
      'mobile_theme' => 'isBool',
      'allow_seperated_package' => 'isBool',
      'date_add' => 'isDate',
      'date_upd' => 'isDate',
    ),
     'fieldsRequiredLang' => 
    array (
    ),
     'fieldsSizeLang' => 
    array (
    ),
     'fieldsValidateLang' => 
    array (
    ),
     'tables' => 
    array (
    ),
     'image_dir' => NULL,
     'image_format' => 'jpg',
     'translator' => NULL,
     'def' => 
    array (
      'table' => 'cart',
      'primary' => 'id_cart',
      'fields' => 
      array (
        'id_shop_group' => 
        array (
          'type' => 1,
          'validate' => 'isUnsignedId',
        ),
        'id_shop' => 
        array (
          'type' => 1,
          'validate' => 'isUnsignedId',
        ),
        'id_address_delivery' => 
        array (
          'type' => 1,
          'validate' => 'isUnsignedId',
        ),
        'id_address_invoice' => 
        array (
          'type' => 1,
          'validate' => 'isUnsignedId',
        ),
        'id_carrier' => 
        array (
          'type' => 1,
          'validate' => 'isUnsignedId',
        ),
        'id_currency' => 
        array (
          'type' => 1,
          'validate' => 'isUnsignedId',
          'required' => true,
        ),
        'id_customer' => 
        array (
          'type' => 1,
          'validate' => 'isUnsignedId',
        ),
        'id_guest' => 
        array (
          'type' => 1,
          'validate' => 'isUnsignedId',
        ),
        'id_lang' => 
        array (
          'type' => 1,
          'validate' => 'isUnsignedId',
          'required' => true,
        ),
        'recyclable' => 
        array (
          'type' => 2,
          'validate' => 'isBool',
        ),
        'gift' => 
        array (
          'type' => 2,
          'validate' => 'isBool',
        ),
        'gift_message' => 
        array (
          'type' => 3,
          'validate' => 'isMessage',
        ),
        'mobile_theme' => 
        array (
          'type' => 2,
          'validate' => 'isBool',
        ),
        'delivery_option' => 
        array (
          'type' => 3,
        ),
        'secure_key' => 
        array (
          'type' => 3,
          'size' => 32,
        ),
        'allow_seperated_package' => 
        array (
          'type' => 2,
          'validate' => 'isBool',
        ),
        'date_add' => 
        array (
          'type' => 5,
          'validate' => 'isDate',
        ),
        'date_upd' => 
        array (
          'type' => 5,
          'validate' => 'isDate',
        ),
        'added_to_order' => 
        array (
          'type' => 3,
        ),
      ),
      'classname' => 'Cart',
    ),
     'update_fields' => NULL,
     'force_id' => false,
  )),
  'altern' => 2,
)array (
  'object' => 
  CustomerThread::__set_state(array(
     'id' => '17',
     'id_shop' => 1,
     'id_lang' => 1,
     'id_contact' => 0,
     'id_customer' => 4,
     'id_order' => 141,
     'id_product' => NULL,
     'status' => 'open',
     'email' => 'jelmer@ijzershop.nl',
     'token' => 'BBaauE8cvXFa',
     'date_add' => '2021-04-23 14:05:33',
     'date_upd' => '2021-04-23 14:05:33',
     'webserviceParameters' => 
    array (
      'fields' => 
      array (
        'id_lang' => 
        array (
          'xlink_resource' => 'languages',
        ),
        'id_shop' => 
        array (
          'xlink_resource' => 'shops',
        ),
        'id_customer' => 
        array (
          'xlink_resource' => 'customers',
        ),
        'id_order' => 
        array (
          'xlink_resource' => 'orders',
        ),
        'id_product' => 
        array (
          'xlink_resource' => 'products',
        ),
      ),
      'associations' => 
      array (
        'customer_messages' => 
        array (
          'resource' => 'customer_message',
          'id' => 
          array (
            'required' => true,
          ),
        ),
      ),
    ),
     'id_shop_list' => 
    array (
    ),
     'get_shop_from_context' => true,
     'table' => 'customer_thread',
     'identifier' => 'id_customer_thread',
     'fieldsRequired' => 
    array (
      0 => 'id_lang',
      1 => 'id_contact',
      2 => 'token',
    ),
     'fieldsSize' => 
    array (
      'email' => 255,
    ),
     'fieldsValidate' => 
    array (
      'id_lang' => 'isUnsignedId',
      'id_contact' => 'isUnsignedId',
      'id_shop' => 'isUnsignedId',
      'id_customer' => 'isUnsignedId',
      'id_order' => 'isUnsignedId',
      'id_product' => 'isUnsignedId',
      'email' => 'isEmail',
      'token' => 'isGenericName',
      'date_add' => 'isDate',
      'date_upd' => 'isDate',
    ),
     'fieldsRequiredLang' => 
    array (
    ),
     'fieldsSizeLang' => 
    array (
    ),
     'fieldsValidateLang' => 
    array (
    ),
     'tables' => 
    array (
    ),
     'image_dir' => NULL,
     'image_format' => 'jpg',
     'translator' => NULL,
     'def' => 
    array (
      'table' => 'customer_thread',
      'primary' => 'id_customer_thread',
      'fields' => 
      array (
        'id_lang' => 
        array (
          'type' => 1,
          'validate' => 'isUnsignedId',
          'required' => true,
        ),
        'id_contact' => 
        array (
          'type' => 1,
          'validate' => 'isUnsignedId',
          'required' => true,
        ),
        'id_shop' => 
        array (
          'type' => 1,
          'validate' => 'isUnsignedId',
        ),
        'id_customer' => 
        array (
          'type' => 1,
          'validate' => 'isUnsignedId',
        ),
        'id_order' => 
        array (
          'type' => 1,
          'validate' => 'isUnsignedId',
        ),
        'id_product' => 
        array (
          'type' => 1,
          'validate' => 'isUnsignedId',
        ),
        'email' => 
        array (
          'type' => 3,
          'validate' => 'isEmail',
          'size' => 255,
        ),
        'token' => 
        array (
          'type' => 3,
          'validate' => 'isGenericName',
          'required' => true,
        ),
        'status' => 
        array (
          'type' => 3,
        ),
        'date_add' => 
        array (
          'type' => 5,
          'validate' => 'isDate',
        ),
        'date_upd' => 
        array (
          'type' => 5,
          'validate' => 'isDate',
        ),
      ),
      'classname' => 'CustomerThread',
    ),
     'update_fields' => NULL,
     'force_id' => false,
  )),
  'cookie' => 
  Cookie::__set_state(array(
     '_content' => 
    array (
      'date_add' => '2021-01-27 08:18:58',
      'id_lang' => '1',
      'id_currency' => 1,
      'last_visited_category' => '321',
      'session_id' => '89',
      'session_token' => 'a3b6d8462919f2410c1a1558935272d1509edff8',
      'cart_toggle' => 'true',
      'supercheckout_temp_address_delivery' => '52',
      'isSameInvoiceAddress' => '1',
      'supercheckout_temp_address_invoice' => '0',
      'supercheckout_accepted_consent' => '[]',
      'supercheckout_default_policy' => 'Ik ga akkoord met de voorwaarden van de dienst en zal onvoorwaardelijk opvolgen.',
      'supercheckout_perm_address_delivery' => '39',
      'supercheckout_perm_address_invoice' => '39',
      'check_cgv' => '',
      'id_guest' => '40',
      'id_connections' => '3561',
      'id_cart' => '348',
      'id_customer' => '4',
      'customer_lastname' => 'Stoker',
      'customer_firstname' => 'jelmer',
      'passwd' => '$2y$10$oOR6PVnNcuKrENJBlu3Uo.9qPWb5ptFtcRGjP945RI96IeiUiMHRu',
      'logged' => '1',
      'email' => 'jelmer@ijzershop.nl',
      'is_guest' => '',
      'address_selector' => 'existing',
      'checksum' => '3476273840',
    ),
     '_name' => 'PrestaShop-88a0479099143bf4330d9cd2b528aabb',
     '_expire' => 1620907531,
     '_domain' => 'ijzershop176.local',
     '_path' => '/',
     'cipherTool' => 
    PhpEncryption::__set_state(array(
    )),
     '_modified' => false,
     '_allow_writing' => true,
     '_salt' => 'RYitkuu1',
     '_standalone' => false,
     '_secure' => false,
  )),
  'cart' => 
  Cart::__set_state(array(
     'added_to_order' => 'YS-000007',
     'id' => 348,
     'id_shop_group' => '1',
     'id_shop' => '1',
     'id_address_delivery' => '39',
     'id_address_invoice' => '39',
     'id_currency' => '1',
     'id_customer' => '4',
     'id_guest' => '2834',
     'id_lang' => '1',
     'recyclable' => '0',
     'gift' => '0',
     'gift_message' => '',
     'mobile_theme' => '0',
     'date_add' => '2021-04-23 10:47:43',
     'secure_key' => 'dfa60599a75dabe329b3f5b034ec8be6',
     'id_carrier' => '8',
     'date_upd' => '2021-04-23 14:05:31',
     'checkedTos' => false,
     'pictures' => NULL,
     'textFields' => NULL,
     'delivery_option' => '{"39":"8,"}',
     'allow_seperated_package' => '0',
     '_products' => 
    array (
      0 => 
      array (
        'id_product_attribute' => '75',
        'id_product' => '1040',
        'cart_quantity' => '1',
        'id_shop' => '1',
        'id_customization' => NULL,
        'name' => 'stalen koker 15 x 15 x 2mm',
        'is_virtual' => '0',
        'description_short' => '<p>gebeitst (lichte kleur), (hoogte x breedte x wanddikte), lengte 2 meter</p>',
        'available_now' => '',
        'available_later' => '',
        'id_category_default' => '321',
        'id_supplier' => '0',
        'id_manufacturer' => '0',
        'manufacturer_name' => NULL,
        'on_sale' => '0',
        'ecotax' => '0.000000',
        'additional_shipping_cost' => '0.00',
        'available_for_order' => '1',
        'show_price' => '1',
        'price' => 4.76,
        'active' => '1',
        'unity' => '',
        'unit_price_ratio' => '0.000000',
        'quantity_available' => '12',
        'width' => '0.000000',
        'height' => '0.000000',
        'depth' => '0.000000',
        'out_of_stock' => '2',
        'weight' => 2.24,
        'available_date' => '0000-00-00',
        'date_add' => '2020-06-12 14:19:47',
        'date_upd' => '2021-01-29 11:16:16',
        'quantity' => 1,
        'link_rewrite' => 'stalen-koker-15-x-15-x-2mm',
        'category' => 'stalen-koker-vierkant',
        'unique_id' => '00000010400000000075390',
        'id_address_delivery' => '39',
        'advanced_stock_management' => '0',
        'supplier_reference' => NULL,
        'customization_quantity' => NULL,
        'price_attribute' => '0.000000',
        'ecotax_attr' => '0.000000',
        'reference' => 'L1',
        'weight_attribute' => 2.24,
        'ean13' => '',
        'isbn' => '',
        'upc' => '',
        'minimal_quantity' => '1',
        'wholesale_price' => '35.000000',
        'id_image' => '1040-1090',
        'legend' => 'stalen koker 15x15x2 kopen "stalen profielen kopen"',
        'reduction_type' => 0,
        'is_gift' => false,
        'reduction' => 0.0,
        'reduction_without_tax' => 0.0,
        'price_without_reduction' => 5.7596,
        'specific_prices' => false,
        'stock_quantity' => 12,
        'price_without_reduction_without_tax' => 4.76,
        'price_with_reduction' => 5.7596,
        'price_with_reduction_without_tax' => 4.76,
        'total' => 5.0,
        'total_wt' => 6.0,
        'price_wt' => 5.7596,
        'reduction_applies' => false,
        'quantity_discount_applies' => false,
        'allow_oosp' => 1,
        'features' => 
        array (
          0 => 
          array (
            'id_feature' => '4',
            'id_product' => '1040',
            'id_feature_value' => '13',
          ),
          1 => 
          array (
            'id_feature' => '9',
            'id_product' => '1040',
            'id_feature_value' => '126',
          ),
          2 => 
          array (
            'id_feature' => '10',
            'id_product' => '1040',
            'id_feature_value' => '33',
          ),
        ),
        'attributes' => 'Zagen : A',
        'attributes_small' => 'A',
        'rate' => 21.0,
        'tax_name' => 'BTW NL 21%',
      ),
    ),
     '_taxCalculationMethod' => '0',
     'webserviceParameters' => 
    array (
      'fields' => 
      array (
        'id_address_delivery' => 
        array (
          'xlink_resource' => 'addresses',
        ),
        'id_address_invoice' => 
        array (
          'xlink_resource' => 'addresses',
        ),
        'id_currency' => 
        array (
          'xlink_resource' => 'currencies',
        ),
        'id_customer' => 
        array (
          'xlink_resource' => 'customers',
        ),
        'id_guest' => 
        array (
          'xlink_resource' => 'guests',
        ),
        'id_lang' => 
        array (
          'xlink_resource' => 'languages',
        ),
      ),
      'associations' => 
      array (
        'cart_rows' => 
        array (
          'resource' => 'cart_row',
          'virtual_entity' => true,
          'fields' => 
          array (
            'id_product' => 
            array (
              'required' => true,
              'xlink_resource' => 'products',
            ),
            'id_product_attribute' => 
            array (
              'required' => true,
              'xlink_resource' => 'combinations',
            ),
            'id_address_delivery' => 
            array (
              'required' => true,
              'xlink_resource' => 'addresses',
            ),
            'id_customization' => 
            array (
              'required' => false,
              'xlink_resource' => 'customizations',
            ),
            'quantity' => 
            array (
              'required' => true,
            ),
          ),
        ),
      ),
    ),
     'configuration' => 
    PrestaShop\PrestaShop\Adapter\Configuration::__set_state(array(
       'shop' => NULL,
       'parameters' => NULL,
    )),
     'addressFactory' => 
    PrestaShop\PrestaShop\Adapter\AddressFactory::__set_state(array(
    )),
     'shouldSplitGiftProductsQuantity' => false,
     'shouldExcludeGiftsDiscount' => false,
     'id_shop_list' => 
    array (
    ),
     'get_shop_from_context' => true,
     'table' => 'cart',
     'identifier' => 'id_cart',
     'fieldsRequired' => 
    array (
      0 => 'id_currency',
      1 => 'id_lang',
    ),
     'fieldsSize' => 
    array (
      'secure_key' => 32,
    ),
     'fieldsValidate' => 
    array (
      'id_shop_group' => 'isUnsignedId',
      'id_shop' => 'isUnsignedId',
      'id_address_delivery' => 'isUnsignedId',
      'id_address_invoice' => 'isUnsignedId',
      'id_carrier' => 'isUnsignedId',
      'id_currency' => 'isUnsignedId',
      'id_customer' => 'isUnsignedId',
      'id_guest' => 'isUnsignedId',
      'id_lang' => 'isUnsignedId',
      'recyclable' => 'isBool',
      'gift' => 'isBool',
      'gift_message' => 'isMessage',
      'mobile_theme' => 'isBool',
      'allow_seperated_package' => 'isBool',
      'date_add' => 'isDate',
      'date_upd' => 'isDate',
    ),
     'fieldsRequiredLang' => 
    array (
    ),
     'fieldsSizeLang' => 
    array (
    ),
     'fieldsValidateLang' => 
    array (
    ),
     'tables' => 
    array (
    ),
     'image_dir' => NULL,
     'image_format' => 'jpg',
     'translator' => NULL,
     'def' => 
    array (
      'table' => 'cart',
      'primary' => 'id_cart',
      'fields' => 
      array (
        'id_shop_group' => 
        array (
          'type' => 1,
          'validate' => 'isUnsignedId',
        ),
        'id_shop' => 
        array (
          'type' => 1,
          'validate' => 'isUnsignedId',
        ),
        'id_address_delivery' => 
        array (
          'type' => 1,
          'validate' => 'isUnsignedId',
        ),
        'id_address_invoice' => 
        array (
          'type' => 1,
          'validate' => 'isUnsignedId',
        ),
        'id_carrier' => 
        array (
          'type' => 1,
          'validate' => 'isUnsignedId',
        ),
        'id_currency' => 
        array (
          'type' => 1,
          'validate' => 'isUnsignedId',
          'required' => true,
        ),
        'id_customer' => 
        array (
          'type' => 1,
          'validate' => 'isUnsignedId',
        ),
        'id_guest' => 
        array (
          'type' => 1,
          'validate' => 'isUnsignedId',
        ),
        'id_lang' => 
        array (
          'type' => 1,
          'validate' => 'isUnsignedId',
          'required' => true,
        ),
        'recyclable' => 
        array (
          'type' => 2,
          'validate' => 'isBool',
        ),
        'gift' => 
        array (
          'type' => 2,
          'validate' => 'isBool',
        ),
        'gift_message' => 
        array (
          'type' => 3,
          'validate' => 'isMessage',
        ),
        'mobile_theme' => 
        array (
          'type' => 2,
          'validate' => 'isBool',
        ),
        'delivery_option' => 
        array (
          'type' => 3,
        ),
        'secure_key' => 
        array (
          'type' => 3,
          'size' => 32,
        ),
        'allow_seperated_package' => 
        array (
          'type' => 2,
          'validate' => 'isBool',
        ),
        'date_add' => 
        array (
          'type' => 5,
          'validate' => 'isDate',
        ),
        'date_upd' => 
        array (
          'type' => 5,
          'validate' => 'isDate',
        ),
        'added_to_order' => 
        array (
          'type' => 3,
        ),
      ),
      'classname' => 'Cart',
    ),
     'update_fields' => NULL,
     'force_id' => false,
  )),
  'altern' => 2,
)array (
  'object' => 
  CustomerThread::__set_state(array(
     'id' => '18',
     'id_shop' => 1,
     'id_lang' => 1,
     'id_contact' => 0,
     'id_customer' => 68,
     'id_order' => 143,
     'id_product' => NULL,
     'status' => 'open',
     'email' => 'stoker@stokstylez.nl',
     'token' => 'QZbiIu612Ieg',
     'date_add' => '2021-04-28 08:23:31',
     'date_upd' => '2021-04-28 08:23:31',
     'webserviceParameters' => 
    array (
      'fields' => 
      array (
        'id_lang' => 
        array (
          'xlink_resource' => 'languages',
        ),
        'id_shop' => 
        array (
          'xlink_resource' => 'shops',
        ),
        'id_customer' => 
        array (
          'xlink_resource' => 'customers',
        ),
        'id_order' => 
        array (
          'xlink_resource' => 'orders',
        ),
        'id_product' => 
        array (
          'xlink_resource' => 'products',
        ),
      ),
      'associations' => 
      array (
        'customer_messages' => 
        array (
          'resource' => 'customer_message',
          'id' => 
          array (
            'required' => true,
          ),
        ),
      ),
    ),
     'id_shop_list' => 
    array (
    ),
     'get_shop_from_context' => true,
     'table' => 'customer_thread',
     'identifier' => 'id_customer_thread',
     'fieldsRequired' => 
    array (
      0 => 'id_lang',
      1 => 'id_contact',
      2 => 'token',
    ),
     'fieldsSize' => 
    array (
      'email' => 255,
    ),
     'fieldsValidate' => 
    array (
      'id_lang' => 'isUnsignedId',
      'id_contact' => 'isUnsignedId',
      'id_shop' => 'isUnsignedId',
      'id_customer' => 'isUnsignedId',
      'id_order' => 'isUnsignedId',
      'id_product' => 'isUnsignedId',
      'email' => 'isEmail',
      'token' => 'isGenericName',
      'date_add' => 'isDate',
      'date_upd' => 'isDate',
    ),
     'fieldsRequiredLang' => 
    array (
    ),
     'fieldsSizeLang' => 
    array (
    ),
     'fieldsValidateLang' => 
    array (
    ),
     'tables' => 
    array (
    ),
     'image_dir' => NULL,
     'image_format' => 'jpg',
     'translator' => NULL,
     'def' => 
    array (
      'table' => 'customer_thread',
      'primary' => 'id_customer_thread',
      'fields' => 
      array (
        'id_lang' => 
        array (
          'type' => 1,
          'validate' => 'isUnsignedId',
          'required' => true,
        ),
        'id_contact' => 
        array (
          'type' => 1,
          'validate' => 'isUnsignedId',
          'required' => true,
        ),
        'id_shop' => 
        array (
          'type' => 1,
          'validate' => 'isUnsignedId',
        ),
        'id_customer' => 
        array (
          'type' => 1,
          'validate' => 'isUnsignedId',
        ),
        'id_order' => 
        array (
          'type' => 1,
          'validate' => 'isUnsignedId',
        ),
        'id_product' => 
        array (
          'type' => 1,
          'validate' => 'isUnsignedId',
        ),
        'email' => 
        array (
          'type' => 3,
          'validate' => 'isEmail',
          'size' => 255,
        ),
        'token' => 
        array (
          'type' => 3,
          'validate' => 'isGenericName',
          'required' => true,
        ),
        'status' => 
        array (
          'type' => 3,
        ),
        'date_add' => 
        array (
          'type' => 5,
          'validate' => 'isDate',
        ),
        'date_upd' => 
        array (
          'type' => 5,
          'validate' => 'isDate',
        ),
      ),
      'classname' => 'CustomerThread',
    ),
     'update_fields' => NULL,
     'force_id' => false,
  )),
  'cookie' => 
  Cookie::__set_state(array(
     '_content' => 
    array (
      'date_add' => '2021-01-27 08:18:58',
      'id_lang' => '1',
      'id_currency' => 1,
      'last_visited_category' => '321',
      'session_id' => '92',
      'session_token' => 'ece9b6993c03193762a24ff7eec5453796c5cf62',
      'cart_toggle' => 'true',
      'supercheckout_temp_address_delivery' => '53',
      'isSameInvoiceAddress' => '1',
      'supercheckout_temp_address_invoice' => '0',
      'supercheckout_accepted_consent' => '[]',
      'supercheckout_default_policy' => 'Ik ga akkoord met de voorwaarden van de dienst en zal onvoorwaardelijk opvolgen.',
      'supercheckout_perm_address_delivery' => '53',
      'supercheckout_perm_address_invoice' => '53',
      'id_guest' => '1',
      'id_connections' => '3568',
      'id_cart' => '354',
      'address_selector' => 'existing',
      'id_customer' => '68',
      'customer_lastname' => 'Stoker',
      'customer_firstname' => 'jelmer',
      'logged' => '1',
      'is_guest' => '1',
      'passwd' => '2eec7dbd29804ad4531de8a45e9c2a8a',
      'email' => 'stoker@stokstylez.nl',
      'checksum' => '1726589972',
    ),
     '_name' => 'PrestaShop-88a0479099143bf4330d9cd2b528aabb',
     '_expire' => 1621319008,
     '_domain' => 'ijzershop176.local',
     '_path' => '/',
     'cipherTool' => 
    PhpEncryption::__set_state(array(
    )),
     '_modified' => false,
     '_allow_writing' => true,
     '_salt' => 'RYitkuu1',
     '_standalone' => false,
     '_secure' => false,
  )),
  'cart' => 
  Cart::__set_state(array(
     'added_to_order' => '',
     'id' => 354,
     'id_shop_group' => '1',
     'id_shop' => '1',
     'id_address_delivery' => '53',
     'id_address_invoice' => '53',
     'id_currency' => '1',
     'id_customer' => '68',
     'id_guest' => '2837',
     'id_lang' => '1',
     'recyclable' => '0',
     'gift' => '0',
     'gift_message' => '',
     'mobile_theme' => '0',
     'date_add' => '2021-04-28 08:19:08',
     'secure_key' => '9715f3d5d7b2684ed849bf4c658f9f96',
     'id_carrier' => '10',
     'date_upd' => '2021-04-28 08:23:28',
     'checkedTos' => false,
     'pictures' => NULL,
     'textFields' => NULL,
     'delivery_option' => '{"53":"10,"}',
     'allow_seperated_package' => '0',
     '_products' => 
    array (
      0 => 
      array (
        'id_product_attribute' => '75',
        'id_product' => '1040',
        'cart_quantity' => '1',
        'id_shop' => '1',
        'id_customization' => NULL,
        'name' => 'stalen koker 15 x 15 x 2mm',
        'is_virtual' => '0',
        'description_short' => '<p>gebeitst (lichte kleur), (hoogte x breedte x wanddikte), lengte 2 meter</p>',
        'available_now' => '',
        'available_later' => '',
        'id_category_default' => '321',
        'id_supplier' => '0',
        'id_manufacturer' => '0',
        'manufacturer_name' => NULL,
        'on_sale' => '0',
        'ecotax' => '0.000000',
        'additional_shipping_cost' => '0.00',
        'available_for_order' => '1',
        'show_price' => '1',
        'price' => 4.76,
        'active' => '1',
        'unity' => '',
        'unit_price_ratio' => '0.000000',
        'quantity_available' => '11',
        'width' => '0.000000',
        'height' => '0.000000',
        'depth' => '0.000000',
        'out_of_stock' => '2',
        'weight' => 2.24,
        'available_date' => '0000-00-00',
        'date_add' => '2020-06-12 14:19:47',
        'date_upd' => '2021-01-29 11:16:16',
        'quantity' => 1,
        'link_rewrite' => 'stalen-koker-15-x-15-x-2mm',
        'category' => 'stalen-koker-vierkant',
        'unique_id' => '00000010400000000075530',
        'id_address_delivery' => '53',
        'advanced_stock_management' => '0',
        'supplier_reference' => NULL,
        'customization_quantity' => NULL,
        'price_attribute' => '0.000000',
        'ecotax_attr' => '0.000000',
        'reference' => 'L1',
        'weight_attribute' => 2.24,
        'ean13' => '',
        'isbn' => '',
        'upc' => '',
        'minimal_quantity' => '1',
        'wholesale_price' => '35.000000',
        'id_image' => '1040-1090',
        'legend' => 'stalen koker 15x15x2 kopen "stalen profielen kopen"',
        'reduction_type' => 0,
        'is_gift' => false,
        'reduction' => 0,
        'reduction_without_tax' => 0,
        'price_without_reduction' => 5.7596,
        'specific_prices' => false,
        'stock_quantity' => 11,
        'price_without_reduction_without_tax' => 4.76,
        'price_with_reduction' => 5.7596,
        'price_with_reduction_without_tax' => 4.76,
        'total' => 4.76,
        'total_wt' => 5.76,
        'price_wt' => 5.7596,
        'reduction_applies' => false,
        'quantity_discount_applies' => false,
        'allow_oosp' => 1,
        'features' => 
        array (
          0 => 
          array (
            'id_feature' => '4',
            'id_product' => '1040',
            'id_feature_value' => '13',
          ),
          1 => 
          array (
            'id_feature' => '9',
            'id_product' => '1040',
            'id_feature_value' => '126',
          ),
          2 => 
          array (
            'id_feature' => '10',
            'id_product' => '1040',
            'id_feature_value' => '33',
          ),
        ),
        'attributes' => 'Zagen : A',
        'attributes_small' => 'A',
        'rate' => 21.0,
        'tax_name' => 'BTW NL 21%',
      ),
      1 => 
      array (
        'id_product_attribute' => '2666',
        'id_product' => '1440',
        'cart_quantity' => '1',
        'id_shop' => '1',
        'id_customization' => NULL,
        'name' => 'stalen koker 20 x 20 x 2mm',
        'is_virtual' => '0',
        'description_short' => '<p>(hoogte x breedte x wanddikte), lengte 2 meter</p>',
        'available_now' => '',
        'available_later' => '',
        'id_category_default' => '321',
        'id_supplier' => '0',
        'id_manufacturer' => '0',
        'manufacturer_name' => NULL,
        'on_sale' => '0',
        'ecotax' => '0.000000',
        'additional_shipping_cost' => '0.00',
        'available_for_order' => '1',
        'show_price' => '1',
        'price' => 5.39,
        'active' => '1',
        'unity' => '',
        'unit_price_ratio' => '0.000000',
        'quantity_available' => '-12',
        'width' => '0.000000',
        'height' => '0.000000',
        'depth' => '0.000000',
        'out_of_stock' => '2',
        'weight' => 2.24,
        'available_date' => NULL,
        'date_add' => '2020-06-12 14:20:24',
        'date_upd' => '2020-08-14 14:40:30',
        'quantity' => 1,
        'link_rewrite' => 'stalen-koker-20-x-20-x-2mm',
        'category' => 'stalen-koker-vierkant',
        'unique_id' => '00000014400000002666530',
        'id_address_delivery' => '53',
        'advanced_stock_management' => '0',
        'supplier_reference' => NULL,
        'customization_quantity' => NULL,
        'price_attribute' => '0.000000',
        'ecotax_attr' => '0.000000',
        'reference' => 'L1',
        'weight_attribute' => 2.24,
        'ean13' => '',
        'isbn' => '',
        'upc' => '',
        'minimal_quantity' => '1',
        'wholesale_price' => '5.120000',
        'id_image' => '1440-1504',
        'legend' => 'stalen koker 20 x 20 x 2mm "stalen profielen kopen"',
        'reduction_type' => 0,
        'is_gift' => false,
        'reduction' => 0,
        'reduction_without_tax' => 0,
        'price_without_reduction' => 6.5219,
        'specific_prices' => false,
        'stock_quantity' => -12,
        'price_without_reduction_without_tax' => 5.39,
        'price_with_reduction' => 6.5219,
        'price_with_reduction_without_tax' => 5.39,
        'total' => 5.39,
        'total_wt' => 6.53,
        'price_wt' => 6.5219,
        'reduction_applies' => false,
        'quantity_discount_applies' => false,
        'allow_oosp' => 1,
        'features' => 
        array (
          0 => 
          array (
            'id_feature' => '4',
            'id_product' => '1440',
            'id_feature_value' => '13',
          ),
          1 => 
          array (
            'id_feature' => '9',
            'id_product' => '1440',
            'id_feature_value' => '127',
          ),
          2 => 
          array (
            'id_feature' => '10',
            'id_product' => '1440',
            'id_feature_value' => '33',
          ),
        ),
        'attributes' => 'Zagen : A',
        'attributes_small' => 'A',
        'rate' => 21.0,
        'tax_name' => 'BTW NL 21%',
      ),
    ),
     '_taxCalculationMethod' => '0',
     'webserviceParameters' => 
    array (
      'fields' => 
      array (
        'id_address_delivery' => 
        array (
          'xlink_resource' => 'addresses',
        ),
        'id_address_invoice' => 
        array (
          'xlink_resource' => 'addresses',
        ),
        'id_currency' => 
        array (
          'xlink_resource' => 'currencies',
        ),
        'id_customer' => 
        array (
          'xlink_resource' => 'customers',
        ),
        'id_guest' => 
        array (
          'xlink_resource' => 'guests',
        ),
        'id_lang' => 
        array (
          'xlink_resource' => 'languages',
        ),
      ),
      'associations' => 
      array (
        'cart_rows' => 
        array (
          'resource' => 'cart_row',
          'virtual_entity' => true,
          'fields' => 
          array (
            'id_product' => 
            array (
              'required' => true,
              'xlink_resource' => 'products',
            ),
            'id_product_attribute' => 
            array (
              'required' => true,
              'xlink_resource' => 'combinations',
            ),
            'id_address_delivery' => 
            array (
              'required' => true,
              'xlink_resource' => 'addresses',
            ),
            'id_customization' => 
            array (
              'required' => false,
              'xlink_resource' => 'customizations',
            ),
            'quantity' => 
            array (
              'required' => true,
            ),
          ),
        ),
      ),
    ),
     'configuration' => 
    PrestaShop\PrestaShop\Adapter\Configuration::__set_state(array(
       'shop' => NULL,
       'parameters' => NULL,
    )),
     'addressFactory' => 
    PrestaShop\PrestaShop\Adapter\AddressFactory::__set_state(array(
    )),
     'shouldSplitGiftProductsQuantity' => false,
     'shouldExcludeGiftsDiscount' => false,
     'id_shop_list' => 
    array (
    ),
     'get_shop_from_context' => true,
     'table' => 'cart',
     'identifier' => 'id_cart',
     'fieldsRequired' => 
    array (
      0 => 'id_currency',
      1 => 'id_lang',
    ),
     'fieldsSize' => 
    array (
      'secure_key' => 32,
    ),
     'fieldsValidate' => 
    array (
      'id_shop_group' => 'isUnsignedId',
      'id_shop' => 'isUnsignedId',
      'id_address_delivery' => 'isUnsignedId',
      'id_address_invoice' => 'isUnsignedId',
      'id_carrier' => 'isUnsignedId',
      'id_currency' => 'isUnsignedId',
      'id_customer' => 'isUnsignedId',
      'id_guest' => 'isUnsignedId',
      'id_lang' => 'isUnsignedId',
      'recyclable' => 'isBool',
      'gift' => 'isBool',
      'gift_message' => 'isMessage',
      'mobile_theme' => 'isBool',
      'allow_seperated_package' => 'isBool',
      'date_add' => 'isDate',
      'date_upd' => 'isDate',
    ),
     'fieldsRequiredLang' => 
    array (
    ),
     'fieldsSizeLang' => 
    array (
    ),
     'fieldsValidateLang' => 
    array (
    ),
     'tables' => 
    array (
    ),
     'image_dir' => NULL,
     'image_format' => 'jpg',
     'translator' => NULL,
     'def' => 
    array (
      'table' => 'cart',
      'primary' => 'id_cart',
      'fields' => 
      array (
        'id_shop_group' => 
        array (
          'type' => 1,
          'validate' => 'isUnsignedId',
        ),
        'id_shop' => 
        array (
          'type' => 1,
          'validate' => 'isUnsignedId',
        ),
        'id_address_delivery' => 
        array (
          'type' => 1,
          'validate' => 'isUnsignedId',
        ),
        'id_address_invoice' => 
        array (
          'type' => 1,
          'validate' => 'isUnsignedId',
        ),
        'id_carrier' => 
        array (
          'type' => 1,
          'validate' => 'isUnsignedId',
        ),
        'id_currency' => 
        array (
          'type' => 1,
          'validate' => 'isUnsignedId',
          'required' => true,
        ),
        'id_customer' => 
        array (
          'type' => 1,
          'validate' => 'isUnsignedId',
        ),
        'id_guest' => 
        array (
          'type' => 1,
          'validate' => 'isUnsignedId',
        ),
        'id_lang' => 
        array (
          'type' => 1,
          'validate' => 'isUnsignedId',
          'required' => true,
        ),
        'recyclable' => 
        array (
          'type' => 2,
          'validate' => 'isBool',
        ),
        'gift' => 
        array (
          'type' => 2,
          'validate' => 'isBool',
        ),
        'gift_message' => 
        array (
          'type' => 3,
          'validate' => 'isMessage',
        ),
        'mobile_theme' => 
        array (
          'type' => 2,
          'validate' => 'isBool',
        ),
        'delivery_option' => 
        array (
          'type' => 3,
        ),
        'secure_key' => 
        array (
          'type' => 3,
          'size' => 32,
        ),
        'allow_seperated_package' => 
        array (
          'type' => 2,
          'validate' => 'isBool',
        ),
        'date_add' => 
        array (
          'type' => 5,
          'validate' => 'isDate',
        ),
        'date_upd' => 
        array (
          'type' => 5,
          'validate' => 'isDate',
        ),
        'added_to_order' => 
        array (
          'type' => 3,
        ),
      ),
      'classname' => 'Cart',
    ),
     'update_fields' => NULL,
     'force_id' => false,
  )),
  'altern' => 2,
)array (
  'object' => 
  CustomerThread::__set_state(array(
     'id' => '19',
     'id_shop' => 1,
     'id_lang' => 1,
     'id_contact' => 0,
     'id_customer' => 4,
     'id_order' => 151,
     'id_product' => NULL,
     'status' => 'open',
     'email' => 'jelmer@ijzershop.nl',
     'token' => '23mvLkX1wUob',
     'date_add' => '2021-04-28 13:37:16',
     'date_upd' => '2021-04-28 13:37:16',
     'webserviceParameters' => 
    array (
      'fields' => 
      array (
        'id_lang' => 
        array (
          'xlink_resource' => 'languages',
        ),
        'id_shop' => 
        array (
          'xlink_resource' => 'shops',
        ),
        'id_customer' => 
        array (
          'xlink_resource' => 'customers',
        ),
        'id_order' => 
        array (
          'xlink_resource' => 'orders',
        ),
        'id_product' => 
        array (
          'xlink_resource' => 'products',
        ),
      ),
      'associations' => 
      array (
        'customer_messages' => 
        array (
          'resource' => 'customer_message',
          'id' => 
          array (
            'required' => true,
          ),
        ),
      ),
    ),
     'id_shop_list' => 
    array (
    ),
     'get_shop_from_context' => true,
     'table' => 'customer_thread',
     'identifier' => 'id_customer_thread',
     'fieldsRequired' => 
    array (
      0 => 'id_lang',
      1 => 'id_contact',
      2 => 'token',
    ),
     'fieldsSize' => 
    array (
      'email' => 255,
    ),
     'fieldsValidate' => 
    array (
      'id_lang' => 'isUnsignedId',
      'id_contact' => 'isUnsignedId',
      'id_shop' => 'isUnsignedId',
      'id_customer' => 'isUnsignedId',
      'id_order' => 'isUnsignedId',
      'id_product' => 'isUnsignedId',
      'email' => 'isEmail',
      'token' => 'isGenericName',
      'date_add' => 'isDate',
      'date_upd' => 'isDate',
    ),
     'fieldsRequiredLang' => 
    array (
    ),
     'fieldsSizeLang' => 
    array (
    ),
     'fieldsValidateLang' => 
    array (
    ),
     'tables' => 
    array (
    ),
     'image_dir' => NULL,
     'image_format' => 'jpg',
     'translator' => NULL,
     'def' => 
    array (
      'table' => 'customer_thread',
      'primary' => 'id_customer_thread',
      'fields' => 
      array (
        'id_lang' => 
        array (
          'type' => 1,
          'validate' => 'isUnsignedId',
          'required' => true,
        ),
        'id_contact' => 
        array (
          'type' => 1,
          'validate' => 'isUnsignedId',
          'required' => true,
        ),
        'id_shop' => 
        array (
          'type' => 1,
          'validate' => 'isUnsignedId',
        ),
        'id_customer' => 
        array (
          'type' => 1,
          'validate' => 'isUnsignedId',
        ),
        'id_order' => 
        array (
          'type' => 1,
          'validate' => 'isUnsignedId',
        ),
        'id_product' => 
        array (
          'type' => 1,
          'validate' => 'isUnsignedId',
        ),
        'email' => 
        array (
          'type' => 3,
          'validate' => 'isEmail',
          'size' => 255,
        ),
        'token' => 
        array (
          'type' => 3,
          'validate' => 'isGenericName',
          'required' => true,
        ),
        'status' => 
        array (
          'type' => 3,
        ),
        'date_add' => 
        array (
          'type' => 5,
          'validate' => 'isDate',
        ),
        'date_upd' => 
        array (
          'type' => 5,
          'validate' => 'isDate',
        ),
      ),
      'classname' => 'CustomerThread',
    ),
     'update_fields' => NULL,
     'force_id' => false,
  )),
  'cookie' => 
  Cookie::__set_state(array(
     '_content' => 
    array (
      'date_add' => '2021-01-27 08:18:58',
      'id_lang' => '1',
      'id_currency' => 1,
      'last_visited_category' => '314',
      'session_id' => '97',
      'session_token' => 'b891d8940e22fefa3fbbc80fab9e6dfec0beb2b0',
      'cart_toggle' => 'true',
      'supercheckout_temp_address_delivery' => '61',
      'isSameInvoiceAddress' => '1',
      'supercheckout_temp_address_invoice' => '0',
      'supercheckout_accepted_consent' => '[]',
      'supercheckout_default_policy' => 'Ik ga akkoord met de voorwaarden van de dienst en zal onvoorwaardelijk opvolgen.',
      'supercheckout_perm_address_delivery' => '61',
      'supercheckout_perm_address_invoice' => '61',
      'id_guest' => '40',
      'id_connections' => '3577',
      'id_customer' => '4',
      'customer_lastname' => 'Stoker',
      'customer_firstname' => 'jelmer',
      'passwd' => '$2y$10$oOR6PVnNcuKrENJBlu3Uo.9qPWb5ptFtcRGjP945RI96IeiUiMHRu',
      'logged' => '1',
      'email' => 'jelmer@ijzershop.nl',
      'is_guest' => '',
      'id_cart' => '372',
      'address_selector' => 'existing',
      'checksum' => '29634',
    ),
     '_name' => 'PrestaShop-88a0479099143bf4330d9cd2b528aabb',
     '_expire' => 1621337836,
     '_domain' => 'ijzershop176.local',
     '_path' => '/',
     'cipherTool' => 
    PhpEncryption::__set_state(array(
    )),
     '_modified' => false,
     '_allow_writing' => true,
     '_salt' => 'RYitkuu1',
     '_standalone' => false,
     '_secure' => false,
  )),
  'cart' => 
  Cart::__set_state(array(
     'added_to_order' => '',
     'id' => 372,
     'id_shop_group' => '1',
     'id_shop' => '1',
     'id_address_delivery' => '61',
     'id_address_invoice' => '61',
     'id_currency' => '1',
     'id_customer' => '4',
     'id_guest' => '40',
     'id_lang' => '1',
     'recyclable' => '0',
     'gift' => '0',
     'gift_message' => '',
     'mobile_theme' => '0',
     'date_add' => '2021-04-28 13:35:48',
     'secure_key' => 'dfa60599a75dabe329b3f5b034ec8be6',
     'id_carrier' => '10',
     'date_upd' => '2021-04-28 13:37:16',
     'checkedTos' => false,
     'pictures' => NULL,
     'textFields' => NULL,
     'delivery_option' => '{"61":"10,"}',
     'allow_seperated_package' => '0',
     '_products' => 
    array (
      0 => 
      array (
        'id_product_attribute' => '881',
        'id_product' => '1156',
        'cart_quantity' => '1',
        'id_shop' => '1',
        'id_customization' => NULL,
        'name' => 'stalen L-profiel wgw 20 x 20 x 3mm',
        'is_virtual' => '0',
        'description_short' => '(breedte x hoogte x dikte), lengte 2 meter',
        'available_now' => '',
        'available_later' => '',
        'id_category_default' => '314',
        'id_supplier' => '0',
        'id_manufacturer' => '0',
        'manufacturer_name' => NULL,
        'on_sale' => '0',
        'ecotax' => '0.000000',
        'additional_shipping_cost' => '0.00',
        'available_for_order' => '1',
        'show_price' => '1',
        'price' => 4.9,
        'active' => '1',
        'unity' => '',
        'unit_price_ratio' => '0.000000',
        'quantity_available' => '1000000',
        'width' => '0.000000',
        'height' => '0.000000',
        'depth' => '0.000000',
        'out_of_stock' => '2',
        'weight' => 1.83,
        'available_date' => NULL,
        'date_add' => '2020-06-12 14:19:59',
        'date_upd' => '2020-08-14 14:40:30',
        'quantity' => 1,
        'link_rewrite' => 'stalen-l-profiel-20-x-20-x-3mm',
        'category' => 'stalen-hoek-profiel',
        'unique_id' => '00000011560000000881610',
        'id_address_delivery' => '61',
        'advanced_stock_management' => '0',
        'supplier_reference' => NULL,
        'customization_quantity' => NULL,
        'price_attribute' => '0.000000',
        'ecotax_attr' => '0.000000',
        'reference' => 'K2',
        'weight_attribute' => 1.83,
        'ean13' => '',
        'isbn' => '',
        'upc' => '',
        'minimal_quantity' => '1',
        'wholesale_price' => '0.000000',
        'id_image' => '1156-1206',
        'legend' => 'stalen L-profiel 20 x 20 x 3mm',
        'reduction_type' => 0,
        'is_gift' => false,
        'reduction' => 0.0,
        'reduction_without_tax' => 0.0,
        'price_without_reduction' => 5.929,
        'specific_prices' => false,
        'stock_quantity' => 1000000,
        'price_without_reduction_without_tax' => 4.9,
        'price_with_reduction' => 5.929,
        'price_with_reduction_without_tax' => 4.9,
        'total' => 4.9,
        'total_wt' => 5.93,
        'price_wt' => 5.929,
        'reduction_applies' => false,
        'quantity_discount_applies' => false,
        'allow_oosp' => 1,
        'features' => 
        array (
          0 => 
          array (
            'id_feature' => '4',
            'id_product' => '1156',
            'id_feature_value' => '13',
          ),
          1 => 
          array (
            'id_feature' => '9',
            'id_product' => '1156',
            'id_feature_value' => '127',
          ),
          2 => 
          array (
            'id_feature' => '10',
            'id_product' => '1156',
            'id_feature_value' => '34',
          ),
        ),
        'attributes' => 'Zagen : A',
        'attributes_small' => 'A',
        'rate' => 21.0,
        'tax_name' => 'BTW NL 21%',
      ),
    ),
     '_taxCalculationMethod' => '0',
     'webserviceParameters' => 
    array (
      'fields' => 
      array (
        'id_address_delivery' => 
        array (
          'xlink_resource' => 'addresses',
        ),
        'id_address_invoice' => 
        array (
          'xlink_resource' => 'addresses',
        ),
        'id_currency' => 
        array (
          'xlink_resource' => 'currencies',
        ),
        'id_customer' => 
        array (
          'xlink_resource' => 'customers',
        ),
        'id_guest' => 
        array (
          'xlink_resource' => 'guests',
        ),
        'id_lang' => 
        array (
          'xlink_resource' => 'languages',
        ),
      ),
      'associations' => 
      array (
        'cart_rows' => 
        array (
          'resource' => 'cart_row',
          'virtual_entity' => true,
          'fields' => 
          array (
            'id_product' => 
            array (
              'required' => true,
              'xlink_resource' => 'products',
            ),
            'id_product_attribute' => 
            array (
              'required' => true,
              'xlink_resource' => 'combinations',
            ),
            'id_address_delivery' => 
            array (
              'required' => true,
              'xlink_resource' => 'addresses',
            ),
            'id_customization' => 
            array (
              'required' => false,
              'xlink_resource' => 'customizations',
            ),
            'quantity' => 
            array (
              'required' => true,
            ),
          ),
        ),
      ),
    ),
     'configuration' => 
    PrestaShop\PrestaShop\Adapter\Configuration::__set_state(array(
       'shop' => NULL,
       'parameters' => NULL,
    )),
     'addressFactory' => 
    PrestaShop\PrestaShop\Adapter\AddressFactory::__set_state(array(
    )),
     'shouldSplitGiftProductsQuantity' => false,
     'shouldExcludeGiftsDiscount' => false,
     'id_shop_list' => 
    array (
    ),
     'get_shop_from_context' => true,
     'table' => 'cart',
     'identifier' => 'id_cart',
     'fieldsRequired' => 
    array (
      0 => 'id_currency',
      1 => 'id_lang',
    ),
     'fieldsSize' => 
    array (
      'secure_key' => 32,
    ),
     'fieldsValidate' => 
    array (
      'id_shop_group' => 'isUnsignedId',
      'id_shop' => 'isUnsignedId',
      'id_address_delivery' => 'isUnsignedId',
      'id_address_invoice' => 'isUnsignedId',
      'id_carrier' => 'isUnsignedId',
      'id_currency' => 'isUnsignedId',
      'id_customer' => 'isUnsignedId',
      'id_guest' => 'isUnsignedId',
      'id_lang' => 'isUnsignedId',
      'recyclable' => 'isBool',
      'gift' => 'isBool',
      'gift_message' => 'isMessage',
      'mobile_theme' => 'isBool',
      'allow_seperated_package' => 'isBool',
      'date_add' => 'isDate',
      'date_upd' => 'isDate',
    ),
     'fieldsRequiredLang' => 
    array (
    ),
     'fieldsSizeLang' => 
    array (
    ),
     'fieldsValidateLang' => 
    array (
    ),
     'tables' => 
    array (
    ),
     'image_dir' => NULL,
     'image_format' => 'jpg',
     'translator' => NULL,
     'def' => 
    array (
      'table' => 'cart',
      'primary' => 'id_cart',
      'fields' => 
      array (
        'id_shop_group' => 
        array (
          'type' => 1,
          'validate' => 'isUnsignedId',
        ),
        'id_shop' => 
        array (
          'type' => 1,
          'validate' => 'isUnsignedId',
        ),
        'id_address_delivery' => 
        array (
          'type' => 1,
          'validate' => 'isUnsignedId',
        ),
        'id_address_invoice' => 
        array (
          'type' => 1,
          'validate' => 'isUnsignedId',
        ),
        'id_carrier' => 
        array (
          'type' => 1,
          'validate' => 'isUnsignedId',
        ),
        'id_currency' => 
        array (
          'type' => 1,
          'validate' => 'isUnsignedId',
          'required' => true,
        ),
        'id_customer' => 
        array (
          'type' => 1,
          'validate' => 'isUnsignedId',
        ),
        'id_guest' => 
        array (
          'type' => 1,
          'validate' => 'isUnsignedId',
        ),
        'id_lang' => 
        array (
          'type' => 1,
          'validate' => 'isUnsignedId',
          'required' => true,
        ),
        'recyclable' => 
        array (
          'type' => 2,
          'validate' => 'isBool',
        ),
        'gift' => 
        array (
          'type' => 2,
          'validate' => 'isBool',
        ),
        'gift_message' => 
        array (
          'type' => 3,
          'validate' => 'isMessage',
        ),
        'mobile_theme' => 
        array (
          'type' => 2,
          'validate' => 'isBool',
        ),
        'delivery_option' => 
        array (
          'type' => 3,
        ),
        'secure_key' => 
        array (
          'type' => 3,
          'size' => 32,
        ),
        'allow_seperated_package' => 
        array (
          'type' => 2,
          'validate' => 'isBool',
        ),
        'date_add' => 
        array (
          'type' => 5,
          'validate' => 'isDate',
        ),
        'date_upd' => 
        array (
          'type' => 5,
          'validate' => 'isDate',
        ),
        'added_to_order' => 
        array (
          'type' => 3,
        ),
      ),
      'classname' => 'Cart',
    ),
     'update_fields' => NULL,
     'force_id' => false,
  )),
  'altern' => 2,
)array (
  'object' => 
  CustomerThread::__set_state(array(
     'id' => '20',
     'id_shop' => 1,
     'id_lang' => 1,
     'id_contact' => 0,
     'id_customer' => 4,
     'id_order' => 182,
     'id_product' => NULL,
     'status' => 'open',
     'email' => 'jelmer@ijzershop.nl',
     'token' => 'HsGpQ9HO2FXF',
     'date_add' => '2021-04-30 10:18:17',
     'date_upd' => '2021-04-30 10:18:17',
     'webserviceParameters' => 
    array (
      'fields' => 
      array (
        'id_lang' => 
        array (
          'xlink_resource' => 'languages',
        ),
        'id_shop' => 
        array (
          'xlink_resource' => 'shops',
        ),
        'id_customer' => 
        array (
          'xlink_resource' => 'customers',
        ),
        'id_order' => 
        array (
          'xlink_resource' => 'orders',
        ),
        'id_product' => 
        array (
          'xlink_resource' => 'products',
        ),
      ),
      'associations' => 
      array (
        'customer_messages' => 
        array (
          'resource' => 'customer_message',
          'id' => 
          array (
            'required' => true,
          ),
        ),
      ),
    ),
     'id_shop_list' => 
    array (
    ),
     'get_shop_from_context' => true,
     'table' => 'customer_thread',
     'identifier' => 'id_customer_thread',
     'fieldsRequired' => 
    array (
      0 => 'id_lang',
      1 => 'id_contact',
      2 => 'token',
    ),
     'fieldsSize' => 
    array (
      'email' => 255,
    ),
     'fieldsValidate' => 
    array (
      'id_lang' => 'isUnsignedId',
      'id_contact' => 'isUnsignedId',
      'id_shop' => 'isUnsignedId',
      'id_customer' => 'isUnsignedId',
      'id_order' => 'isUnsignedId',
      'id_product' => 'isUnsignedId',
      'email' => 'isEmail',
      'token' => 'isGenericName',
      'date_add' => 'isDate',
      'date_upd' => 'isDate',
    ),
     'fieldsRequiredLang' => 
    array (
    ),
     'fieldsSizeLang' => 
    array (
    ),
     'fieldsValidateLang' => 
    array (
    ),
     'tables' => 
    array (
    ),
     'image_dir' => NULL,
     'image_format' => 'jpg',
     'translator' => NULL,
     'def' => 
    array (
      'table' => 'customer_thread',
      'primary' => 'id_customer_thread',
      'fields' => 
      array (
        'id_lang' => 
        array (
          'type' => 1,
          'validate' => 'isUnsignedId',
          'required' => true,
        ),
        'id_contact' => 
        array (
          'type' => 1,
          'validate' => 'isUnsignedId',
          'required' => true,
        ),
        'id_shop' => 
        array (
          'type' => 1,
          'validate' => 'isUnsignedId',
        ),
        'id_customer' => 
        array (
          'type' => 1,
          'validate' => 'isUnsignedId',
        ),
        'id_order' => 
        array (
          'type' => 1,
          'validate' => 'isUnsignedId',
        ),
        'id_product' => 
        array (
          'type' => 1,
          'validate' => 'isUnsignedId',
        ),
        'email' => 
        array (
          'type' => 3,
          'validate' => 'isEmail',
          'size' => 255,
        ),
        'token' => 
        array (
          'type' => 3,
          'validate' => 'isGenericName',
          'required' => true,
        ),
        'status' => 
        array (
          'type' => 3,
        ),
        'date_add' => 
        array (
          'type' => 5,
          'validate' => 'isDate',
        ),
        'date_upd' => 
        array (
          'type' => 5,
          'validate' => 'isDate',
        ),
      ),
      'classname' => 'CustomerThread',
    ),
     'update_fields' => NULL,
     'force_id' => false,
  )),
  'cookie' => 
  Cookie::__set_state(array(
     '_content' => 
    array (
      'date_add' => '2021-01-27 08:18:58',
      'id_lang' => '1',
      'id_currency' => 1,
      'last_visited_category' => '321',
      'session_id' => '97',
      'session_token' => 'b891d8940e22fefa3fbbc80fab9e6dfec0beb2b0',
      'cart_toggle' => 'true',
      'supercheckout_temp_address_delivery' => '86',
      'isSameInvoiceAddress' => '1',
      'supercheckout_temp_address_invoice' => '0',
      'supercheckout_accepted_consent' => '[]',
      'supercheckout_default_policy' => 'Ik ga akkoord met de voorwaarden van de dienst en zal onvoorwaardelijk opvolgen.',
      'supercheckout_perm_address_delivery' => '86',
      'supercheckout_perm_address_invoice' => '86',
      'id_guest' => '40',
      'id_connections' => '3587',
      'id_customer' => '4',
      'customer_lastname' => 'Stoker',
      'customer_firstname' => 'jelmer',
      'passwd' => '$2y$10$oOR6PVnNcuKrENJBlu3Uo.9qPWb5ptFtcRGjP945RI96IeiUiMHRu',
      'logged' => '1',
      'email' => 'jelmer@ijzershop.nl',
      'is_guest' => '',
      'id_cart' => '430',
      'address_selector' => 'existing',
      'checksum' => '1811537931',
    ),
     '_name' => 'PrestaShop-88a0479099143bf4330d9cd2b528aabb',
     '_expire' => 1621498695,
     '_domain' => 'ijzershop176.local',
     '_path' => '/',
     'cipherTool' => 
    PhpEncryption::__set_state(array(
    )),
     '_modified' => false,
     '_allow_writing' => true,
     '_salt' => 'RYitkuu1',
     '_standalone' => false,
     '_secure' => false,
  )),
  'cart' => 
  Cart::__set_state(array(
     'added_to_order' => '',
     'id' => 430,
     'id_shop_group' => '1',
     'id_shop' => '1',
     'id_address_delivery' => '86',
     'id_address_invoice' => '86',
     'id_currency' => '1',
     'id_customer' => '4',
     'id_guest' => '40',
     'id_lang' => '1',
     'recyclable' => '0',
     'gift' => '0',
     'gift_message' => '',
     'mobile_theme' => '0',
     'date_add' => '2021-04-30 10:16:54',
     'secure_key' => 'dfa60599a75dabe329b3f5b034ec8be6',
     'id_carrier' => '10',
     'date_upd' => '2021-04-30 10:18:15',
     'checkedTos' => false,
     'pictures' => NULL,
     'textFields' => NULL,
     'delivery_option' => '{"86":"10,"}',
     'allow_seperated_package' => '0',
     '_products' => 
    array (
      0 => 
      array (
        'id_product_attribute' => '75',
        'id_product' => '1040',
        'cart_quantity' => '1',
        'id_shop' => '1',
        'id_customization' => NULL,
        'name' => 'stalen koker 15 x 15 x 2mm',
        'is_virtual' => '0',
        'description_short' => '<p>gebeitst (lichte kleur), (hoogte x breedte x wanddikte), lengte 2 meter</p>',
        'available_now' => '',
        'available_later' => '',
        'id_category_default' => '321',
        'id_supplier' => '0',
        'id_manufacturer' => '0',
        'manufacturer_name' => NULL,
        'on_sale' => '0',
        'ecotax' => '0.000000',
        'additional_shipping_cost' => '0.00',
        'available_for_order' => '1',
        'show_price' => '1',
        'price' => 4.76,
        'active' => '1',
        'unity' => '',
        'unit_price_ratio' => '0.000000',
        'quantity_available' => '-4',
        'width' => '0.000000',
        'height' => '0.000000',
        'depth' => '0.000000',
        'out_of_stock' => '2',
        'weight' => 2.24,
        'available_date' => '0000-00-00',
        'date_add' => '2020-06-12 14:19:47',
        'date_upd' => '2021-01-29 11:16:16',
        'quantity' => 1,
        'link_rewrite' => 'stalen-koker-15-x-15-x-2mm',
        'category' => 'stalen-koker-vierkant',
        'unique_id' => '00000010400000000075860',
        'id_address_delivery' => '86',
        'advanced_stock_management' => '0',
        'supplier_reference' => NULL,
        'customization_quantity' => NULL,
        'price_attribute' => '0.000000',
        'ecotax_attr' => '0.000000',
        'reference' => 'L1',
        'weight_attribute' => 2.24,
        'ean13' => '',
        'isbn' => '',
        'upc' => '',
        'minimal_quantity' => '1',
        'wholesale_price' => '35.000000',
        'id_image' => '1040-1090',
        'legend' => 'stalen koker 15x15x2 kopen "stalen profielen kopen"',
        'reduction_type' => 0,
        'is_gift' => false,
        'reduction' => 0.0,
        'reduction_without_tax' => 0.0,
        'price_without_reduction' => 5.7596,
        'specific_prices' => false,
        'stock_quantity' => -4,
        'price_without_reduction_without_tax' => 4.76,
        'price_with_reduction' => 5.7596,
        'price_with_reduction_without_tax' => 4.76,
        'total' => 4.76,
        'total_wt' => 5.76,
        'price_wt' => 5.7596,
        'reduction_applies' => false,
        'quantity_discount_applies' => false,
        'allow_oosp' => 1,
        'features' => 
        array (
          0 => 
          array (
            'id_feature' => '4',
            'id_product' => '1040',
            'id_feature_value' => '13',
          ),
          1 => 
          array (
            'id_feature' => '9',
            'id_product' => '1040',
            'id_feature_value' => '126',
          ),
          2 => 
          array (
            'id_feature' => '10',
            'id_product' => '1040',
            'id_feature_value' => '33',
          ),
        ),
        'attributes' => 'Zagen : A',
        'attributes_small' => 'A',
        'rate' => 21.0,
        'tax_name' => 'BTW NL 21%',
      ),
    ),
     '_taxCalculationMethod' => '0',
     'webserviceParameters' => 
    array (
      'fields' => 
      array (
        'id_address_delivery' => 
        array (
          'xlink_resource' => 'addresses',
        ),
        'id_address_invoice' => 
        array (
          'xlink_resource' => 'addresses',
        ),
        'id_currency' => 
        array (
          'xlink_resource' => 'currencies',
        ),
        'id_customer' => 
        array (
          'xlink_resource' => 'customers',
        ),
        'id_guest' => 
        array (
          'xlink_resource' => 'guests',
        ),
        'id_lang' => 
        array (
          'xlink_resource' => 'languages',
        ),
      ),
      'associations' => 
      array (
        'cart_rows' => 
        array (
          'resource' => 'cart_row',
          'virtual_entity' => true,
          'fields' => 
          array (
            'id_product' => 
            array (
              'required' => true,
              'xlink_resource' => 'products',
            ),
            'id_product_attribute' => 
            array (
              'required' => true,
              'xlink_resource' => 'combinations',
            ),
            'id_address_delivery' => 
            array (
              'required' => true,
              'xlink_resource' => 'addresses',
            ),
            'id_customization' => 
            array (
              'required' => false,
              'xlink_resource' => 'customizations',
            ),
            'quantity' => 
            array (
              'required' => true,
            ),
          ),
        ),
      ),
    ),
     'configuration' => 
    PrestaShop\PrestaShop\Adapter\Configuration::__set_state(array(
       'shop' => NULL,
       'parameters' => NULL,
    )),
     'addressFactory' => 
    PrestaShop\PrestaShop\Adapter\AddressFactory::__set_state(array(
    )),
     'shouldSplitGiftProductsQuantity' => false,
     'shouldExcludeGiftsDiscount' => false,
     'id_shop_list' => 
    array (
    ),
     'get_shop_from_context' => true,
     'table' => 'cart',
     'identifier' => 'id_cart',
     'fieldsRequired' => 
    array (
      0 => 'id_currency',
      1 => 'id_lang',
    ),
     'fieldsSize' => 
    array (
      'secure_key' => 32,
    ),
     'fieldsValidate' => 
    array (
      'id_shop_group' => 'isUnsignedId',
      'id_shop' => 'isUnsignedId',
      'id_address_delivery' => 'isUnsignedId',
      'id_address_invoice' => 'isUnsignedId',
      'id_carrier' => 'isUnsignedId',
      'id_currency' => 'isUnsignedId',
      'id_customer' => 'isUnsignedId',
      'id_guest' => 'isUnsignedId',
      'id_lang' => 'isUnsignedId',
      'recyclable' => 'isBool',
      'gift' => 'isBool',
      'gift_message' => 'isMessage',
      'mobile_theme' => 'isBool',
      'allow_seperated_package' => 'isBool',
      'date_add' => 'isDate',
      'date_upd' => 'isDate',
    ),
     'fieldsRequiredLang' => 
    array (
    ),
     'fieldsSizeLang' => 
    array (
    ),
     'fieldsValidateLang' => 
    array (
    ),
     'tables' => 
    array (
    ),
     'image_dir' => NULL,
     'image_format' => 'jpg',
     'translator' => NULL,
     'def' => 
    array (
      'table' => 'cart',
      'primary' => 'id_cart',
      'fields' => 
      array (
        'id_shop_group' => 
        array (
          'type' => 1,
          'validate' => 'isUnsignedId',
        ),
        'id_shop' => 
        array (
          'type' => 1,
          'validate' => 'isUnsignedId',
        ),
        'id_address_delivery' => 
        array (
          'type' => 1,
          'validate' => 'isUnsignedId',
        ),
        'id_address_invoice' => 
        array (
          'type' => 1,
          'validate' => 'isUnsignedId',
        ),
        'id_carrier' => 
        array (
          'type' => 1,
          'validate' => 'isUnsignedId',
        ),
        'id_currency' => 
        array (
          'type' => 1,
          'validate' => 'isUnsignedId',
          'required' => true,
        ),
        'id_customer' => 
        array (
          'type' => 1,
          'validate' => 'isUnsignedId',
        ),
        'id_guest' => 
        array (
          'type' => 1,
          'validate' => 'isUnsignedId',
        ),
        'id_lang' => 
        array (
          'type' => 1,
          'validate' => 'isUnsignedId',
          'required' => true,
        ),
        'recyclable' => 
        array (
          'type' => 2,
          'validate' => 'isBool',
        ),
        'gift' => 
        array (
          'type' => 2,
          'validate' => 'isBool',
        ),
        'gift_message' => 
        array (
          'type' => 3,
          'validate' => 'isMessage',
        ),
        'mobile_theme' => 
        array (
          'type' => 2,
          'validate' => 'isBool',
        ),
        'delivery_option' => 
        array (
          'type' => 3,
        ),
        'secure_key' => 
        array (
          'type' => 3,
          'size' => 32,
        ),
        'allow_seperated_package' => 
        array (
          'type' => 2,
          'validate' => 'isBool',
        ),
        'date_add' => 
        array (
          'type' => 5,
          'validate' => 'isDate',
        ),
        'date_upd' => 
        array (
          'type' => 5,
          'validate' => 'isDate',
        ),
        'added_to_order' => 
        array (
          'type' => 3,
        ),
      ),
      'classname' => 'Cart',
    ),
     'update_fields' => NULL,
     'force_id' => false,
  )),
  'altern' => 2,
)array (
  'object' => 
  CustomerThread::__set_state(array(
     'id' => '21',
     'id_shop' => 1,
     'id_lang' => 1,
     'id_contact' => 0,
     'id_customer' => 4,
     'id_order' => 227,
     'id_product' => 1040,
     'status' => 'open',
     'email' => 'jelmer@ijzershop.nl',
     'token' => '7ub9nPaeV78P',
     'date_add' => '2021-05-19 14:12:54',
     'date_upd' => '2021-05-19 14:12:54',
     'webserviceParameters' => 
    array (
      'fields' => 
      array (
        'id_lang' => 
        array (
          'xlink_resource' => 'languages',
        ),
        'id_shop' => 
        array (
          'xlink_resource' => 'shops',
        ),
        'id_customer' => 
        array (
          'xlink_resource' => 'customers',
        ),
        'id_order' => 
        array (
          'xlink_resource' => 'orders',
        ),
        'id_product' => 
        array (
          'xlink_resource' => 'products',
        ),
      ),
      'associations' => 
      array (
        'customer_messages' => 
        array (
          'resource' => 'customer_message',
          'id' => 
          array (
            'required' => true,
          ),
        ),
      ),
    ),
     'id_shop_list' => 
    array (
    ),
     'get_shop_from_context' => true,
     'table' => 'customer_thread',
     'identifier' => 'id_customer_thread',
     'fieldsRequired' => 
    array (
      0 => 'id_lang',
      1 => 'id_contact',
      2 => 'token',
    ),
     'fieldsSize' => 
    array (
      'email' => 255,
    ),
     'fieldsValidate' => 
    array (
      'id_lang' => 'isUnsignedId',
      'id_contact' => 'isUnsignedId',
      'id_shop' => 'isUnsignedId',
      'id_customer' => 'isUnsignedId',
      'id_order' => 'isUnsignedId',
      'id_product' => 'isUnsignedId',
      'email' => 'isEmail',
      'token' => 'isGenericName',
      'date_add' => 'isDate',
      'date_upd' => 'isDate',
    ),
     'fieldsRequiredLang' => 
    array (
    ),
     'fieldsSizeLang' => 
    array (
    ),
     'fieldsValidateLang' => 
    array (
    ),
     'tables' => 
    array (
    ),
     'image_dir' => NULL,
     'image_format' => 'jpg',
     'translator' => NULL,
     'def' => 
    array (
      'table' => 'customer_thread',
      'primary' => 'id_customer_thread',
      'fields' => 
      array (
        'id_lang' => 
        array (
          'type' => 1,
          'validate' => 'isUnsignedId',
          'required' => true,
        ),
        'id_contact' => 
        array (
          'type' => 1,
          'validate' => 'isUnsignedId',
          'required' => true,
        ),
        'id_shop' => 
        array (
          'type' => 1,
          'validate' => 'isUnsignedId',
        ),
        'id_customer' => 
        array (
          'type' => 1,
          'validate' => 'isUnsignedId',
        ),
        'id_order' => 
        array (
          'type' => 1,
          'validate' => 'isUnsignedId',
        ),
        'id_product' => 
        array (
          'type' => 1,
          'validate' => 'isUnsignedId',
        ),
        'email' => 
        array (
          'type' => 3,
          'validate' => 'isEmail',
          'size' => 255,
        ),
        'token' => 
        array (
          'type' => 3,
          'validate' => 'isGenericName',
          'required' => true,
        ),
        'status' => 
        array (
          'type' => 3,
        ),
        'date_add' => 
        array (
          'type' => 5,
          'validate' => 'isDate',
        ),
        'date_upd' => 
        array (
          'type' => 5,
          'validate' => 'isDate',
        ),
      ),
      'classname' => 'CustomerThread',
    ),
     'update_fields' => NULL,
     'force_id' => false,
  )),
  'cookie' => 
  Cookie::__set_state(array(
     '_content' => 
    array (
      'date_add' => '2021-05-19 11:16:12',
      'id_lang' => '1',
      'id_currency' => 1,
      'last_visited_category' => '322',
      'supercheckout_temp_address_delivery' => '111',
      'isSameInvoiceAddress' => '1',
      'session_id' => '112',
      'session_token' => '05cca544b9d388758f0ed8d518b906bae23d9a9d',
      'supercheckout_accepted_consent' => '[]',
      'supercheckout_default_policy' => 'Ik ga akkoord met de voorwaarden van de dienst en zal onvoorwaardelijk opvolgen.',
      'supercheckout_perm_address_delivery' => '0',
      'supercheckout_perm_address_invoice' => '0',
      'supercheckout_temp_address_invoice' => '0',
      'id_guest' => '40',
      'id_connections' => '3649',
      'id_cart' => '516',
      'id_customer' => '4',
      'customer_lastname' => 'Stoker',
      'customer_firstname' => 'jelmer',
      'passwd' => '$2y$10$oOR6PVnNcuKrENJBlu3Uo.9qPWb5ptFtcRGjP945RI96IeiUiMHRu',
      'logged' => '1',
      'email' => 'jelmer@ijzershop.nl',
      'is_guest' => '',
      'address_selector' => 'existing',
      'checksum' => '1607258694',
    ),
     '_name' => 'PrestaShop-88a0479099143bf4330d9cd2b528aabb',
     '_expire' => 1623154374,
     '_domain' => 'ijzershop176.local',
     '_path' => '/',
     'cipherTool' => 
    PhpEncryption::__set_state(array(
    )),
     '_modified' => false,
     '_allow_writing' => true,
     '_salt' => 'RYitkuu1',
     '_standalone' => false,
     '_secure' => false,
  )),
  'cart' => 
  Cart::__set_state(array(
     'added_to_order' => '',
     'id' => 516,
     'id_shop_group' => '1',
     'id_shop' => '1',
     'id_address_delivery' => '111',
     'id_address_invoice' => '111',
     'id_currency' => '1',
     'id_customer' => '4',
     'id_guest' => '2868',
     'id_lang' => '1',
     'recyclable' => '0',
     'gift' => '0',
     'gift_message' => '',
     'mobile_theme' => '0',
     'date_add' => '2021-05-19 14:08:44',
     'secure_key' => 'dfa60599a75dabe329b3f5b034ec8be6',
     'id_carrier' => '8',
     'date_upd' => '2021-05-19 14:12:30',
     'checkedTos' => false,
     'pictures' => NULL,
     'textFields' => NULL,
     'delivery_option' => '{"111":"8,"}',
     'allow_seperated_package' => '0',
     '_products' => NULL,
     '_taxCalculationMethod' => '0',
     'webserviceParameters' => 
    array (
      'fields' => 
      array (
        'id_address_delivery' => 
        array (
          'xlink_resource' => 'addresses',
        ),
        'id_address_invoice' => 
        array (
          'xlink_resource' => 'addresses',
        ),
        'id_currency' => 
        array (
          'xlink_resource' => 'currencies',
        ),
        'id_customer' => 
        array (
          'xlink_resource' => 'customers',
        ),
        'id_guest' => 
        array (
          'xlink_resource' => 'guests',
        ),
        'id_lang' => 
        array (
          'xlink_resource' => 'languages',
        ),
      ),
      'associations' => 
      array (
        'cart_rows' => 
        array (
          'resource' => 'cart_row',
          'virtual_entity' => true,
          'fields' => 
          array (
            'id_product' => 
            array (
              'required' => true,
              'xlink_resource' => 'products',
            ),
            'id_product_attribute' => 
            array (
              'required' => true,
              'xlink_resource' => 'combinations',
            ),
            'id_address_delivery' => 
            array (
              'required' => true,
              'xlink_resource' => 'addresses',
            ),
            'id_customization' => 
            array (
              'required' => false,
              'xlink_resource' => 'customizations',
            ),
            'quantity' => 
            array (
              'required' => true,
            ),
          ),
        ),
      ),
    ),
     'configuration' => 
    PrestaShop\PrestaShop\Adapter\Configuration::__set_state(array(
       'shop' => NULL,
       'parameters' => NULL,
    )),
     'addressFactory' => 
    PrestaShop\PrestaShop\Adapter\AddressFactory::__set_state(array(
    )),
     'shouldSplitGiftProductsQuantity' => false,
     'shouldExcludeGiftsDiscount' => false,
     'id_shop_list' => 
    array (
    ),
     'get_shop_from_context' => true,
     'table' => 'cart',
     'identifier' => 'id_cart',
     'fieldsRequired' => 
    array (
      0 => 'id_currency',
      1 => 'id_lang',
    ),
     'fieldsSize' => 
    array (
      'secure_key' => 32,
    ),
     'fieldsValidate' => 
    array (
      'id_shop_group' => 'isUnsignedId',
      'id_shop' => 'isUnsignedId',
      'id_address_delivery' => 'isUnsignedId',
      'id_address_invoice' => 'isUnsignedId',
      'id_carrier' => 'isUnsignedId',
      'id_currency' => 'isUnsignedId',
      'id_customer' => 'isUnsignedId',
      'id_guest' => 'isUnsignedId',
      'id_lang' => 'isUnsignedId',
      'recyclable' => 'isBool',
      'gift' => 'isBool',
      'gift_message' => 'isMessage',
      'mobile_theme' => 'isBool',
      'allow_seperated_package' => 'isBool',
      'date_add' => 'isDate',
      'date_upd' => 'isDate',
    ),
     'fieldsRequiredLang' => 
    array (
    ),
     'fieldsSizeLang' => 
    array (
    ),
     'fieldsValidateLang' => 
    array (
    ),
     'tables' => 
    array (
    ),
     'image_dir' => NULL,
     'image_format' => 'jpg',
     'translator' => NULL,
     'def' => 
    array (
      'table' => 'cart',
      'primary' => 'id_cart',
      'fields' => 
      array (
        'id_shop_group' => 
        array (
          'type' => 1,
          'validate' => 'isUnsignedId',
        ),
        'id_shop' => 
        array (
          'type' => 1,
          'validate' => 'isUnsignedId',
        ),
        'id_address_delivery' => 
        array (
          'type' => 1,
          'validate' => 'isUnsignedId',
        ),
        'id_address_invoice' => 
        array (
          'type' => 1,
          'validate' => 'isUnsignedId',
        ),
        'id_carrier' => 
        array (
          'type' => 1,
          'validate' => 'isUnsignedId',
        ),
        'id_currency' => 
        array (
          'type' => 1,
          'validate' => 'isUnsignedId',
          'required' => true,
        ),
        'id_customer' => 
        array (
          'type' => 1,
          'validate' => 'isUnsignedId',
        ),
        'id_guest' => 
        array (
          'type' => 1,
          'validate' => 'isUnsignedId',
        ),
        'id_lang' => 
        array (
          'type' => 1,
          'validate' => 'isUnsignedId',
          'required' => true,
        ),
        'recyclable' => 
        array (
          'type' => 2,
          'validate' => 'isBool',
        ),
        'gift' => 
        array (
          'type' => 2,
          'validate' => 'isBool',
        ),
        'gift_message' => 
        array (
          'type' => 3,
          'validate' => 'isMessage',
        ),
        'mobile_theme' => 
        array (
          'type' => 2,
          'validate' => 'isBool',
        ),
        'delivery_option' => 
        array (
          'type' => 3,
        ),
        'secure_key' => 
        array (
          'type' => 3,
          'size' => 32,
        ),
        'allow_seperated_package' => 
        array (
          'type' => 2,
          'validate' => 'isBool',
        ),
        'date_add' => 
        array (
          'type' => 5,
          'validate' => 'isDate',
        ),
        'date_upd' => 
        array (
          'type' => 5,
          'validate' => 'isDate',
        ),
        'added_to_order' => 
        array (
          'type' => 3,
        ),
      ),
      'classname' => 'Cart',
    ),
     'update_fields' => NULL,
     'force_id' => false,
  )),
  'altern' => 2,
)array (
  'object' => 
  CustomerThread::__set_state(array(
     'id' => '22',
     'id_shop' => 1,
     'id_lang' => 1,
     'id_contact' => 0,
     'id_customer' => 82,
     'id_order' => 319,
     'id_product' => NULL,
     'status' => 'open',
     'email' => 'oprekening@ijzershop.nl',
     'token' => 'aaTkXv5tzBxN',
     'date_add' => '2021-07-09 14:58:13',
     'date_upd' => '2021-07-09 14:58:13',
     'webserviceParameters' => 
    array (
      'fields' => 
      array (
        'id_lang' => 
        array (
          'xlink_resource' => 'languages',
        ),
        'id_shop' => 
        array (
          'xlink_resource' => 'shops',
        ),
        'id_customer' => 
        array (
          'xlink_resource' => 'customers',
        ),
        'id_order' => 
        array (
          'xlink_resource' => 'orders',
        ),
        'id_product' => 
        array (
          'xlink_resource' => 'products',
        ),
      ),
      'associations' => 
      array (
        'customer_messages' => 
        array (
          'resource' => 'customer_message',
          'id' => 
          array (
            'required' => true,
          ),
        ),
      ),
    ),
     'id_shop_list' => 
    array (
    ),
     'get_shop_from_context' => true,
     'table' => 'customer_thread',
     'identifier' => 'id_customer_thread',
     'fieldsRequired' => 
    array (
      0 => 'id_lang',
      1 => 'id_contact',
      2 => 'token',
    ),
     'fieldsSize' => 
    array (
      'email' => 255,
    ),
     'fieldsValidate' => 
    array (
      'id_lang' => 'isUnsignedId',
      'id_contact' => 'isUnsignedId',
      'id_shop' => 'isUnsignedId',
      'id_customer' => 'isUnsignedId',
      'id_order' => 'isUnsignedId',
      'id_product' => 'isUnsignedId',
      'email' => 'isEmail',
      'token' => 'isGenericName',
      'date_add' => 'isDate',
      'date_upd' => 'isDate',
    ),
     'fieldsRequiredLang' => 
    array (
    ),
     'fieldsSizeLang' => 
    array (
    ),
     'fieldsValidateLang' => 
    array (
    ),
     'tables' => 
    array (
    ),
     'image_dir' => NULL,
     'image_format' => 'jpg',
     'translator' => NULL,
     'def' => 
    array (
      'table' => 'customer_thread',
      'primary' => 'id_customer_thread',
      'fields' => 
      array (
        'id_lang' => 
        array (
          'type' => 1,
          'validate' => 'isUnsignedId',
          'required' => true,
        ),
        'id_contact' => 
        array (
          'type' => 1,
          'validate' => 'isUnsignedId',
          'required' => true,
        ),
        'id_shop' => 
        array (
          'type' => 1,
          'validate' => 'isUnsignedId',
        ),
        'id_customer' => 
        array (
          'type' => 1,
          'validate' => 'isUnsignedId',
        ),
        'id_order' => 
        array (
          'type' => 1,
          'validate' => 'isUnsignedId',
        ),
        'id_product' => 
        array (
          'type' => 1,
          'validate' => 'isUnsignedId',
        ),
        'email' => 
        array (
          'type' => 3,
          'validate' => 'isEmail',
          'size' => 255,
        ),
        'token' => 
        array (
          'type' => 3,
          'validate' => 'isGenericName',
          'required' => true,
        ),
        'status' => 
        array (
          'type' => 3,
        ),
        'date_add' => 
        array (
          'type' => 5,
          'validate' => 'isDate',
        ),
        'date_upd' => 
        array (
          'type' => 5,
          'validate' => 'isDate',
        ),
      ),
      'classname' => 'CustomerThread',
    ),
     'update_fields' => NULL,
     'force_id' => false,
  )),
  'cookie' => 
  Cookie::__set_state(array(
     '_content' => 
    array (
      'date_add' => '2021-05-05 10:10:10',
      'id_lang' => '1',
      'id_currency' => 1,
      'last_visited_category' => '321',
      'supercheckout_temp_address_delivery' => '160',
      'isSameInvoiceAddress' => '1',
      'session_id' => '141',
      'session_token' => '88b91a027d7d85014b654e545679ef3ce9719568',
      'supercheckout_accepted_consent' => '[]',
      'supercheckout_default_policy' => 'Ik ga akkoord met de voorwaarden van de dienst en zal onvoorwaardelijk opvolgen.',
      'supercheckout_perm_address_delivery' => '160',
      'supercheckout_perm_address_invoice' => '161',
      'contactFormToken' => '0c156af46b8b4e84f1ab9ca78197167c',
      'contactFormTokenTTL' => '1625644215',
      'supercheckout_temp_address_invoice' => '161',
      'check_cgv' => '',
      'balie_customer_firstname' => 'jelmer',
      'balie_customer_lastname' => 'Stoker',
      'balie_id_customer' => '4',
      'balie_email' => 'jelmer@ijzershop.nl',
      'secure_key' => '466f5b78083876b0b0a808c9bba6de2e',
      'balie_secure_key' => '',
      'id_guest' => '2873',
      'id_connections' => '3787',
      'id_customer' => '4',
      'customer_lastname' => 'Stoker',
      'customer_firstname' => 'jelmer',
      'passwd' => '$2y$10$oOR6PVnNcuKrENJBlu3Uo.9qPWb5ptFtcRGjP945RI96IeiUiMHRu',
      'logged' => '1',
      'email' => 'jelmer@ijzershop.nl',
      'is_guest' => '',
      'cart_toggle' => 'false',
      'selected_customer_secure_key' => '466f5b78083876b0b0a808c9bba6de2e',
      'selected_customer_customer_firstname' => 'test',
      'selected_customer_customer_lastname' => 'met klant op rekening',
      'selected_customer_id_customer' => '82',
      'selected_customer_email' => 'oprekening@ijzershop.nl',
      'id_cart' => '752',
      'address_selector' => 'existing',
      'checksum' => '851822988',
    ),
     '_name' => 'PrestaShop-88a0479099143bf4330d9cd2b528aabb',
     '_expire' => 1627563493,
     '_domain' => 'ijzershop176.local',
     '_path' => '/',
     'cipherTool' => 
    PhpEncryption::__set_state(array(
    )),
     '_modified' => false,
     '_allow_writing' => true,
     '_salt' => 'RYitkuu1',
     '_standalone' => false,
     '_secure' => false,
  )),
  'cart' => 
  Cart::__set_state(array(
     'added_to_order' => '',
     'id' => 752,
     'id_shop_group' => '1',
     'id_shop' => '1',
     'id_address_delivery' => '160',
     'id_address_invoice' => '161',
     'id_currency' => '1',
     'id_customer' => 82,
     'id_guest' => '2873',
     'id_lang' => '1',
     'recyclable' => '0',
     'gift' => '0',
     'gift_message' => '',
     'mobile_theme' => '0',
     'date_add' => '2021-07-09 14:56:12',
     'secure_key' => '466f5b78083876b0b0a808c9bba6de2e',
     'id_carrier' => '10',
     'date_upd' => '2021-07-09 14:58:13',
     'checkedTos' => false,
     'pictures' => NULL,
     'textFields' => NULL,
     'delivery_option' => '{"153":"10,"}',
     'allow_seperated_package' => '0',
     '_products' => 
    array (
      0 => 
      array (
        'id_product_attribute' => '75',
        'id_product' => '1040',
        'cart_quantity' => '1',
        'id_shop' => '1',
        'id_customization' => NULL,
        'name' => 'stalen koker 15 x 15 x 2mm',
        'is_virtual' => '0',
        'description_short' => '<p>gebeitst (lichte kleur), (hoogte x breedte x wanddikte), lengte 2 meter</p>',
        'available_now' => '',
        'available_later' => '',
        'id_category_default' => '321',
        'id_supplier' => '0',
        'id_manufacturer' => '0',
        'manufacturer_name' => NULL,
        'on_sale' => '0',
        'ecotax' => '0.000000',
        'additional_shipping_cost' => '0.00',
        'available_for_order' => '1',
        'show_price' => '1',
        'price' => 4.76,
        'active' => '1',
        'unity' => '',
        'unit_price_ratio' => '0.000000',
        'quantity_available' => '299846',
        'width' => '0.000000',
        'height' => '0.000000',
        'depth' => '0.000000',
        'out_of_stock' => '2',
        'weight' => 2.24,
        'available_date' => '0000-00-00',
        'date_add' => '2020-06-12 14:19:47',
        'date_upd' => '2021-01-29 11:16:16',
        'quantity' => 1,
        'link_rewrite' => 'stalen-koker-15-x-15-x-2mm',
        'category' => 'stalen-koker-vierkant',
        'unique_id' => '000000104000000000751600',
        'id_address_delivery' => '160',
        'advanced_stock_management' => '0',
        'supplier_reference' => NULL,
        'customization_quantity' => NULL,
        'price_attribute' => '0.000000',
        'ecotax_attr' => '0.000000',
        'reference' => 'L1',
        'weight_attribute' => 2.24,
        'ean13' => '',
        'isbn' => '',
        'upc' => '',
        'minimal_quantity' => '1',
        'wholesale_price' => '35.000000',
        'id_image' => '1040-1090',
        'legend' => 'stalen koker 15x15x2 kopen "stalen profielen kopen"',
        'reduction_type' => 0,
        'is_gift' => false,
        'reduction' => 0.0,
        'reduction_without_tax' => 0.0,
        'price_without_reduction' => 5.7596,
        'specific_prices' => false,
        'stock_quantity' => 299846,
        'price_without_reduction_without_tax' => 4.76,
        'price_with_reduction' => 5.7596,
        'price_with_reduction_without_tax' => 4.76,
        'total' => 4.76,
        'total_wt' => 5.76,
        'price_wt' => 5.7596,
        'reduction_applies' => false,
        'quantity_discount_applies' => false,
        'allow_oosp' => 1,
        'features' => 
        array (
          0 => 
          array (
            'id_feature' => '4',
            'id_product' => '1040',
            'id_feature_value' => '13',
          ),
          1 => 
          array (
            'id_feature' => '9',
            'id_product' => '1040',
            'id_feature_value' => '126',
          ),
          2 => 
          array (
            'id_feature' => '10',
            'id_product' => '1040',
            'id_feature_value' => '33',
          ),
        ),
        'attributes' => 'Zagen : A',
        'attributes_small' => 'A',
        'rate' => 21.0,
        'tax_name' => 'BTW NL 21%',
      ),
      1 => 
      array (
        'id_product_attribute' => '2666',
        'id_product' => '1440',
        'cart_quantity' => '1',
        'id_shop' => '1',
        'id_customization' => NULL,
        'name' => 'stalen koker 20 x 20 x 2mm',
        'is_virtual' => '0',
        'description_short' => '<p>(hoogte x breedte x wanddikte), lengte 2 meter</p>',
        'available_now' => '',
        'available_later' => '',
        'id_category_default' => '321',
        'id_supplier' => '0',
        'id_manufacturer' => '0',
        'manufacturer_name' => NULL,
        'on_sale' => '0',
        'ecotax' => '0.000000',
        'additional_shipping_cost' => '0.00',
        'available_for_order' => '1',
        'show_price' => '1',
        'price' => 5.39,
        'active' => '1',
        'unity' => '',
        'unit_price_ratio' => '0.000000',
        'quantity_available' => '299954',
        'width' => '0.000000',
        'height' => '0.000000',
        'depth' => '0.000000',
        'out_of_stock' => '2',
        'weight' => 2.24,
        'available_date' => NULL,
        'date_add' => '2020-06-12 14:20:24',
        'date_upd' => '2020-08-14 14:40:30',
        'quantity' => 1,
        'link_rewrite' => 'stalen-koker-20-x-20-x-2mm',
        'category' => 'stalen-koker-vierkant',
        'unique_id' => '000000144000000026661600',
        'id_address_delivery' => '160',
        'advanced_stock_management' => '0',
        'supplier_reference' => NULL,
        'customization_quantity' => NULL,
        'price_attribute' => '0.000000',
        'ecotax_attr' => '0.000000',
        'reference' => 'L1',
        'weight_attribute' => 2.24,
        'ean13' => '',
        'isbn' => '',
        'upc' => '',
        'minimal_quantity' => '1',
        'wholesale_price' => '5.120000',
        'id_image' => '1440-1504',
        'legend' => 'stalen koker 20 x 20 x 2mm "stalen profielen kopen"',
        'reduction_type' => 0,
        'is_gift' => false,
        'reduction' => 0.0,
        'reduction_without_tax' => 0.0,
        'price_without_reduction' => 6.5219,
        'specific_prices' => false,
        'stock_quantity' => 299954,
        'price_without_reduction_without_tax' => 5.39,
        'price_with_reduction' => 6.5219,
        'price_with_reduction_without_tax' => 5.39,
        'total' => 5.39,
        'total_wt' => 6.52,
        'price_wt' => 6.5219,
        'reduction_applies' => false,
        'quantity_discount_applies' => false,
        'allow_oosp' => 1,
        'features' => 
        array (
          0 => 
          array (
            'id_feature' => '4',
            'id_product' => '1440',
            'id_feature_value' => '13',
          ),
          1 => 
          array (
            'id_feature' => '9',
            'id_product' => '1440',
            'id_feature_value' => '127',
          ),
          2 => 
          array (
            'id_feature' => '10',
            'id_product' => '1440',
            'id_feature_value' => '33',
          ),
        ),
        'attributes' => 'Zagen : A',
        'attributes_small' => 'A',
        'rate' => 21.0,
        'tax_name' => 'BTW NL 21%',
      ),
      2 => 
      array (
        'id_product_attribute' => '83',
        'id_product' => '1042',
        'cart_quantity' => '2',
        'id_shop' => '1',
        'id_customization' => NULL,
        'name' => 'stalen koker 30 x 30 x 2mm',
        'is_virtual' => '0',
        'description_short' => '<p>(hoogte x breedte x wanddikte), lengte 2 meter</p>',
        'available_now' => '',
        'available_later' => '',
        'id_category_default' => '321',
        'id_supplier' => '0',
        'id_manufacturer' => '0',
        'manufacturer_name' => NULL,
        'on_sale' => '0',
        'ecotax' => '0.000000',
        'additional_shipping_cost' => '0.00',
        'available_for_order' => '1',
        'show_price' => '1',
        'price' => 8.48,
        'active' => '1',
        'unity' => '',
        'unit_price_ratio' => '0.000000',
        'quantity_available' => '299985',
        'width' => '0.000000',
        'height' => '0.000000',
        'depth' => '0.000000',
        'out_of_stock' => '2',
        'weight' => 3.51,
        'available_date' => NULL,
        'date_add' => '2020-06-12 14:19:48',
        'date_upd' => '2020-08-14 14:40:29',
        'quantity' => 2,
        'link_rewrite' => 'stalen-koker-30-x-30-x-2mm',
        'category' => 'stalen-koker-vierkant',
        'unique_id' => '000000104200000000831600',
        'id_address_delivery' => '160',
        'advanced_stock_management' => '0',
        'supplier_reference' => NULL,
        'customization_quantity' => NULL,
        'price_attribute' => '0.000000',
        'ecotax_attr' => '0.000000',
        'reference' => 'L1',
        'weight_attribute' => 3.51,
        'ean13' => '',
        'isbn' => '',
        'upc' => '',
        'minimal_quantity' => '1',
        'wholesale_price' => '0.000000',
        'id_image' => '1042-1092',
        'legend' => 'stalen koker 30 x 30 x 2mm "stalen profielen"',
        'reduction_type' => 0,
        'is_gift' => false,
        'reduction' => 0.0,
        'reduction_without_tax' => 0.0,
        'price_without_reduction' => 10.2608,
        'specific_prices' => false,
        'stock_quantity' => 299985,
        'price_without_reduction_without_tax' => 8.48,
        'price_with_reduction' => 10.2608,
        'price_with_reduction_without_tax' => 8.48,
        'total' => 16.96,
        'total_wt' => 20.52,
        'price_wt' => 10.2608,
        'reduction_applies' => false,
        'quantity_discount_applies' => false,
        'allow_oosp' => 1,
        'features' => 
        array (
          0 => 
          array (
            'id_feature' => '4',
            'id_product' => '1042',
            'id_feature_value' => '13',
          ),
          1 => 
          array (
            'id_feature' => '9',
            'id_product' => '1042',
            'id_feature_value' => '129',
          ),
          2 => 
          array (
            'id_feature' => '10',
            'id_product' => '1042',
            'id_feature_value' => '33',
          ),
        ),
        'attributes' => 'Zagen : A',
        'attributes_small' => 'A',
        'rate' => 21.0,
        'tax_name' => 'BTW NL 21%',
      ),
      3 => 
      array (
        'id_product_attribute' => '2778',
        'id_product' => '1456',
        'cart_quantity' => '1',
        'id_shop' => '1',
        'id_customization' => NULL,
        'name' => 'stalen koker 30 x 30 x 3mm',
        'is_virtual' => '0',
        'description_short' => '(hoogte x breedte x wanddikte), lengte 2 meter',
        'available_now' => '',
        'available_later' => '',
        'id_category_default' => '321',
        'id_supplier' => '0',
        'id_manufacturer' => '0',
        'manufacturer_name' => NULL,
        'on_sale' => '0',
        'ecotax' => '0.000000',
        'additional_shipping_cost' => '0.00',
        'available_for_order' => '1',
        'show_price' => '1',
        'price' => 12.11,
        'active' => '1',
        'unity' => '',
        'unit_price_ratio' => '0.000000',
        'quantity_available' => '999997',
        'width' => '0.000000',
        'height' => '0.000000',
        'depth' => '0.000000',
        'out_of_stock' => '2',
        'weight' => 5.01,
        'available_date' => NULL,
        'date_add' => '2020-06-12 14:20:25',
        'date_upd' => '2020-08-14 14:40:30',
        'quantity' => 1,
        'link_rewrite' => 'stalen-koker-30-x-30-x-3mm',
        'category' => 'stalen-koker-vierkant',
        'unique_id' => '000000145600000027781600',
        'id_address_delivery' => '160',
        'advanced_stock_management' => '0',
        'supplier_reference' => NULL,
        'customization_quantity' => NULL,
        'price_attribute' => '0.000000',
        'ecotax_attr' => '0.000000',
        'reference' => 'L1',
        'weight_attribute' => 5.01,
        'ean13' => '',
        'isbn' => '',
        'upc' => '',
        'minimal_quantity' => '1',
        'wholesale_price' => '0.000000',
        'id_image' => '1456-1520',
        'legend' => 'stalen koker 30 x 30 x 3mm',
        'reduction_type' => 0,
        'is_gift' => false,
        'reduction' => 0.0,
        'reduction_without_tax' => 0.0,
        'price_without_reduction' => 14.6531,
        'specific_prices' => false,
        'stock_quantity' => 999997,
        'price_without_reduction_without_tax' => 12.11,
        'price_with_reduction' => 14.6531,
        'price_with_reduction_without_tax' => 12.11,
        'total' => 12.11,
        'total_wt' => 14.65,
        'price_wt' => 14.6531,
        'reduction_applies' => false,
        'quantity_discount_applies' => false,
        'allow_oosp' => 1,
        'features' => 
        array (
          0 => 
          array (
            'id_feature' => '4',
            'id_product' => '1456',
            'id_feature_value' => '13',
          ),
          1 => 
          array (
            'id_feature' => '9',
            'id_product' => '1456',
            'id_feature_value' => '129',
          ),
          2 => 
          array (
            'id_feature' => '10',
            'id_product' => '1456',
            'id_feature_value' => '34',
          ),
        ),
        'attributes' => 'Zagen : A',
        'attributes_small' => 'A',
        'rate' => 21.0,
        'tax_name' => 'BTW NL 21%',
      ),
    ),
     '_taxCalculationMethod' => '0',
     'webserviceParameters' => 
    array (
      'fields' => 
      array (
        'id_address_delivery' => 
        array (
          'xlink_resource' => 'addresses',
        ),
        'id_address_invoice' => 
        array (
          'xlink_resource' => 'addresses',
        ),
        'id_currency' => 
        array (
          'xlink_resource' => 'currencies',
        ),
        'id_customer' => 
        array (
          'xlink_resource' => 'customers',
        ),
        'id_guest' => 
        array (
          'xlink_resource' => 'guests',
        ),
        'id_lang' => 
        array (
          'xlink_resource' => 'languages',
        ),
      ),
      'associations' => 
      array (
        'cart_rows' => 
        array (
          'resource' => 'cart_row',
          'virtual_entity' => true,
          'fields' => 
          array (
            'id_product' => 
            array (
              'required' => true,
              'xlink_resource' => 'products',
            ),
            'id_product_attribute' => 
            array (
              'required' => true,
              'xlink_resource' => 'combinations',
            ),
            'id_address_delivery' => 
            array (
              'required' => true,
              'xlink_resource' => 'addresses',
            ),
            'id_customization' => 
            array (
              'required' => false,
              'xlink_resource' => 'customizations',
            ),
            'quantity' => 
            array (
              'required' => true,
            ),
          ),
        ),
      ),
    ),
     'configuration' => 
    PrestaShop\PrestaShop\Adapter\Configuration::__set_state(array(
       'shop' => NULL,
       'parameters' => NULL,
    )),
     'addressFactory' => 
    PrestaShop\PrestaShop\Adapter\AddressFactory::__set_state(array(
    )),
     'shouldSplitGiftProductsQuantity' => false,
     'shouldExcludeGiftsDiscount' => false,
     'id_shop_list' => 
    array (
    ),
     'get_shop_from_context' => true,
     'table' => 'cart',
     'identifier' => 'id_cart',
     'fieldsRequired' => 
    array (
      0 => 'id_currency',
      1 => 'id_lang',
    ),
     'fieldsSize' => 
    array (
      'secure_key' => 32,
    ),
     'fieldsValidate' => 
    array (
      'id_shop_group' => 'isUnsignedId',
      'id_shop' => 'isUnsignedId',
      'id_address_delivery' => 'isUnsignedId',
      'id_address_invoice' => 'isUnsignedId',
      'id_carrier' => 'isUnsignedId',
      'id_currency' => 'isUnsignedId',
      'id_customer' => 'isUnsignedId',
      'id_guest' => 'isUnsignedId',
      'id_lang' => 'isUnsignedId',
      'recyclable' => 'isBool',
      'gift' => 'isBool',
      'gift_message' => 'isMessage',
      'mobile_theme' => 'isBool',
      'allow_seperated_package' => 'isBool',
      'date_add' => 'isDate',
      'date_upd' => 'isDate',
    ),
     'fieldsRequiredLang' => 
    array (
    ),
     'fieldsSizeLang' => 
    array (
    ),
     'fieldsValidateLang' => 
    array (
    ),
     'tables' => 
    array (
    ),
     'image_dir' => NULL,
     'image_format' => 'jpg',
     'translator' => NULL,
     'def' => 
    array (
      'table' => 'cart',
      'primary' => 'id_cart',
      'fields' => 
      array (
        'id_shop_group' => 
        array (
          'type' => 1,
          'validate' => 'isUnsignedId',
        ),
        'id_shop' => 
        array (
          'type' => 1,
          'validate' => 'isUnsignedId',
        ),
        'id_address_delivery' => 
        array (
          'type' => 1,
          'validate' => 'isUnsignedId',
        ),
        'id_address_invoice' => 
        array (
          'type' => 1,
          'validate' => 'isUnsignedId',
        ),
        'id_carrier' => 
        array (
          'type' => 1,
          'validate' => 'isUnsignedId',
        ),
        'id_currency' => 
        array (
          'type' => 1,
          'validate' => 'isUnsignedId',
          'required' => true,
        ),
        'id_customer' => 
        array (
          'type' => 1,
          'validate' => 'isUnsignedId',
        ),
        'id_guest' => 
        array (
          'type' => 1,
          'validate' => 'isUnsignedId',
        ),
        'id_lang' => 
        array (
          'type' => 1,
          'validate' => 'isUnsignedId',
          'required' => true,
        ),
        'recyclable' => 
        array (
          'type' => 2,
          'validate' => 'isBool',
        ),
        'gift' => 
        array (
          'type' => 2,
          'validate' => 'isBool',
        ),
        'gift_message' => 
        array (
          'type' => 3,
          'validate' => 'isMessage',
        ),
        'mobile_theme' => 
        array (
          'type' => 2,
          'validate' => 'isBool',
        ),
        'delivery_option' => 
        array (
          'type' => 3,
        ),
        'secure_key' => 
        array (
          'type' => 3,
          'size' => 32,
        ),
        'allow_seperated_package' => 
        array (
          'type' => 2,
          'validate' => 'isBool',
        ),
        'date_add' => 
        array (
          'type' => 5,
          'validate' => 'isDate',
        ),
        'date_upd' => 
        array (
          'type' => 5,
          'validate' => 'isDate',
        ),
        'added_to_order' => 
        array (
          'type' => 3,
        ),
      ),
      'classname' => 'Cart',
    ),
     'update_fields' => NULL,
     'force_id' => false,
  )),
  'altern' => 2,
)array (
  'object' => 
  CustomerThread::__set_state(array(
     'id' => '23',
     'id_shop' => 1,
     'id_lang' => 1,
     'id_contact' => 0,
     'id_customer' => 82,
     'id_order' => 321,
     'id_product' => NULL,
     'status' => 'open',
     'email' => 'oprekening@ijzershop.nl',
     'token' => 'oHrsTYf84KcF',
     'date_add' => '2021-07-09 15:37:22',
     'date_upd' => '2021-07-09 15:37:22',
     'webserviceParameters' => 
    array (
      'fields' => 
      array (
        'id_lang' => 
        array (
          'xlink_resource' => 'languages',
        ),
        'id_shop' => 
        array (
          'xlink_resource' => 'shops',
        ),
        'id_customer' => 
        array (
          'xlink_resource' => 'customers',
        ),
        'id_order' => 
        array (
          'xlink_resource' => 'orders',
        ),
        'id_product' => 
        array (
          'xlink_resource' => 'products',
        ),
      ),
      'associations' => 
      array (
        'customer_messages' => 
        array (
          'resource' => 'customer_message',
          'id' => 
          array (
            'required' => true,
          ),
        ),
      ),
    ),
     'id_shop_list' => 
    array (
    ),
     'get_shop_from_context' => true,
     'table' => 'customer_thread',
     'identifier' => 'id_customer_thread',
     'fieldsRequired' => 
    array (
      0 => 'id_lang',
      1 => 'id_contact',
      2 => 'token',
    ),
     'fieldsSize' => 
    array (
      'email' => 255,
    ),
     'fieldsValidate' => 
    array (
      'id_lang' => 'isUnsignedId',
      'id_contact' => 'isUnsignedId',
      'id_shop' => 'isUnsignedId',
      'id_customer' => 'isUnsignedId',
      'id_order' => 'isUnsignedId',
      'id_product' => 'isUnsignedId',
      'email' => 'isEmail',
      'token' => 'isGenericName',
      'date_add' => 'isDate',
      'date_upd' => 'isDate',
    ),
     'fieldsRequiredLang' => 
    array (
    ),
     'fieldsSizeLang' => 
    array (
    ),
     'fieldsValidateLang' => 
    array (
    ),
     'tables' => 
    array (
    ),
     'image_dir' => NULL,
     'image_format' => 'jpg',
     'translator' => NULL,
     'def' => 
    array (
      'table' => 'customer_thread',
      'primary' => 'id_customer_thread',
      'fields' => 
      array (
        'id_lang' => 
        array (
          'type' => 1,
          'validate' => 'isUnsignedId',
          'required' => true,
        ),
        'id_contact' => 
        array (
          'type' => 1,
          'validate' => 'isUnsignedId',
          'required' => true,
        ),
        'id_shop' => 
        array (
          'type' => 1,
          'validate' => 'isUnsignedId',
        ),
        'id_customer' => 
        array (
          'type' => 1,
          'validate' => 'isUnsignedId',
        ),
        'id_order' => 
        array (
          'type' => 1,
          'validate' => 'isUnsignedId',
        ),
        'id_product' => 
        array (
          'type' => 1,
          'validate' => 'isUnsignedId',
        ),
        'email' => 
        array (
          'type' => 3,
          'validate' => 'isEmail',
          'size' => 255,
        ),
        'token' => 
        array (
          'type' => 3,
          'validate' => 'isGenericName',
          'required' => true,
        ),
        'status' => 
        array (
          'type' => 3,
        ),
        'date_add' => 
        array (
          'type' => 5,
          'validate' => 'isDate',
        ),
        'date_upd' => 
        array (
          'type' => 5,
          'validate' => 'isDate',
        ),
      ),
      'classname' => 'CustomerThread',
    ),
     'update_fields' => NULL,
     'force_id' => false,
  )),
  'cookie' => 
  Cookie::__set_state(array(
     '_content' => 
    array (
      'date_add' => '2021-05-05 10:10:10',
      'id_lang' => '1',
      'id_currency' => 1,
      'last_visited_category' => '352',
      'supercheckout_temp_address_delivery' => '154',
      'isSameInvoiceAddress' => '1',
      'session_id' => '141',
      'session_token' => '88b91a027d7d85014b654e545679ef3ce9719568',
      'supercheckout_accepted_consent' => '[]',
      'supercheckout_default_policy' => 'Ik ga akkoord met de voorwaarden van de dienst en zal onvoorwaardelijk opvolgen.',
      'supercheckout_perm_address_delivery' => '154',
      'supercheckout_perm_address_invoice' => '138',
      'contactFormToken' => '0c156af46b8b4e84f1ab9ca78197167c',
      'contactFormTokenTTL' => '1625644215',
      'supercheckout_temp_address_invoice' => '138',
      'check_cgv' => '',
      'balie_customer_firstname' => 'jelmer',
      'balie_customer_lastname' => 'Stoker',
      'balie_id_customer' => '4',
      'balie_email' => 'jelmer@ijzershop.nl',
      'secure_key' => '466f5b78083876b0b0a808c9bba6de2e',
      'balie_secure_key' => '',
      'id_guest' => '2873',
      'id_connections' => '3787',
      'id_customer' => '4',
      'customer_lastname' => 'Stoker',
      'customer_firstname' => 'jelmer',
      'passwd' => '$2y$10$oOR6PVnNcuKrENJBlu3Uo.9qPWb5ptFtcRGjP945RI96IeiUiMHRu',
      'logged' => '1',
      'email' => 'jelmer@ijzershop.nl',
      'is_guest' => '',
      'cart_toggle' => 'false',
      'selected_customer_secure_key' => '466f5b78083876b0b0a808c9bba6de2e',
      'selected_customer_customer_firstname' => 'test',
      'selected_customer_customer_lastname' => 'met klant op rekening',
      'selected_customer_id_customer' => '82',
      'selected_customer_email' => 'oprekening@ijzershop.nl',
      'supercheckout_temp_address_shipping' => '',
      'supercheckout_perm_address_shipping' => '',
      'id_cart' => '754',
      'address_selector' => 'existing',
      'checksum' => '2195059098',
    ),
     '_name' => 'PrestaShop-88a0479099143bf4330d9cd2b528aabb',
     '_expire' => 1627565841,
     '_domain' => 'ijzershop176.local',
     '_path' => '/',
     'cipherTool' => 
    PhpEncryption::__set_state(array(
    )),
     '_modified' => false,
     '_allow_writing' => true,
     '_salt' => 'RYitkuu1',
     '_standalone' => false,
     '_secure' => false,
  )),
  'cart' => 
  Cart::__set_state(array(
     'added_to_order' => '',
     'id' => 754,
     'id_shop_group' => '1',
     'id_shop' => '1',
     'id_address_delivery' => '154',
     'id_address_invoice' => '138',
     'id_currency' => '1',
     'id_customer' => 82,
     'id_guest' => '2873',
     'id_lang' => '1',
     'recyclable' => '0',
     'gift' => '0',
     'gift_message' => '',
     'mobile_theme' => '0',
     'date_add' => '2021-07-09 15:35:47',
     'secure_key' => '466f5b78083876b0b0a808c9bba6de2e',
     'id_carrier' => '10',
     'date_upd' => '2021-07-09 15:37:21',
     'checkedTos' => false,
     'pictures' => NULL,
     'textFields' => NULL,
     'delivery_option' => '{"161":"10,"}',
     'allow_seperated_package' => '0',
     '_products' => 
    array (
      0 => 
      array (
        'id_product_attribute' => '0',
        'id_product' => '1558',
        'cart_quantity' => '1',
        'id_shop' => '1',
        'id_customization' => NULL,
        'name' => 'Messing rond 6mm',
        'is_virtual' => '0',
        'description_short' => '<p>(Diameter), lengte 1mtr</p>',
        'available_now' => '',
        'available_later' => '',
        'id_category_default' => '352',
        'id_supplier' => '0',
        'id_manufacturer' => '0',
        'manufacturer_name' => NULL,
        'on_sale' => '0',
        'ecotax' => '0.000000',
        'additional_shipping_cost' => '0.00',
        'available_for_order' => '1',
        'show_price' => '1',
        'price' => 8.68,
        'active' => '1',
        'unity' => '',
        'unit_price_ratio' => '0.000000',
        'quantity_available' => '999999',
        'width' => '0.000000',
        'height' => '0.000000',
        'depth' => '0.000000',
        'out_of_stock' => '2',
        'weight' => 0.0,
        'available_date' => NULL,
        'date_add' => '2020-06-12 14:20:31',
        'date_upd' => '2020-08-14 14:40:29',
        'quantity' => 1,
        'link_rewrite' => 'messing-rond',
        'category' => 'messing-rond',
        'unique_id' => '000000155800000000001540',
        'id_address_delivery' => '154',
        'advanced_stock_management' => '0',
        'supplier_reference' => NULL,
        'customization_quantity' => NULL,
        'price_attribute' => NULL,
        'ecotax_attr' => NULL,
        'reference' => 'H',
        'weight_attribute' => NULL,
        'ean13' => '',
        'isbn' => '',
        'upc' => '',
        'minimal_quantity' => '1',
        'wholesale_price' => '0.000000',
        'id_image' => '1558-1623',
        'legend' => 'Messing rond 6mm',
        'reduction_type' => 0,
        'is_gift' => false,
        'reduction' => 0.0,
        'reduction_without_tax' => 0.0,
        'price_without_reduction' => 10.5028,
        'specific_prices' => 
        array (
        ),
        'stock_quantity' => 999999,
        'price_without_reduction_without_tax' => 8.68,
        'price_with_reduction' => 10.5028,
        'price_with_reduction_without_tax' => 8.68,
        'total' => 8.68,
        'total_wt' => 10.5,
        'price_wt' => 10.5028,
        'reduction_applies' => false,
        'quantity_discount_applies' => false,
        'allow_oosp' => 1,
        'features' => 
        array (
        ),
        'rate' => 21.0,
        'tax_name' => 'BTW NL 21%',
      ),
      1 => 
      array (
        'id_product_attribute' => '3096',
        'id_product' => '1559',
        'cart_quantity' => '1',
        'id_shop' => '1',
        'id_customization' => NULL,
        'name' => 'Messing rond 8mm',
        'is_virtual' => '0',
        'description_short' => '<p>(Diameter), lengte 1mtr</p>',
        'available_now' => '',
        'available_later' => '',
        'id_category_default' => '352',
        'id_supplier' => '0',
        'id_manufacturer' => '0',
        'manufacturer_name' => NULL,
        'on_sale' => '0',
        'ecotax' => '0.000000',
        'additional_shipping_cost' => '0.00',
        'available_for_order' => '1',
        'show_price' => '1',
        'price' => 15.54,
        'active' => '1',
        'unity' => '',
        'unit_price_ratio' => '0.000000',
        'quantity_available' => '999996',
        'width' => '0.000000',
        'height' => '0.000000',
        'depth' => '0.000000',
        'out_of_stock' => '2',
        'weight' => 0.0,
        'available_date' => NULL,
        'date_add' => '2020-06-12 14:20:31',
        'date_upd' => '2020-08-14 14:40:29',
        'quantity' => 1,
        'link_rewrite' => 'messing-rond',
        'category' => 'messing-rond',
        'unique_id' => '000000155900000030961540',
        'id_address_delivery' => '154',
        'advanced_stock_management' => '0',
        'supplier_reference' => NULL,
        'customization_quantity' => NULL,
        'price_attribute' => '0.000000',
        'ecotax_attr' => '0.000000',
        'reference' => 'H',
        'weight_attribute' => 0.0,
        'ean13' => '',
        'isbn' => '',
        'upc' => '',
        'minimal_quantity' => '1',
        'wholesale_price' => '0.000000',
        'id_image' => '1559-1624',
        'legend' => 'Messing rond 8mm',
        'reduction_type' => 0,
        'is_gift' => false,
        'reduction' => 0.0,
        'reduction_without_tax' => 0.0,
        'price_without_reduction' => 18.8034,
        'specific_prices' => false,
        'stock_quantity' => 999996,
        'price_without_reduction_without_tax' => 15.54,
        'price_with_reduction' => 18.8034,
        'price_with_reduction_without_tax' => 15.54,
        'total' => 15.54,
        'total_wt' => 18.8,
        'price_wt' => 18.8034,
        'reduction_applies' => false,
        'quantity_discount_applies' => false,
        'allow_oosp' => 1,
        'features' => 
        array (
          0 => 
          array (
            'id_feature' => '4',
            'id_product' => '1559',
            'id_feature_value' => '2',
          ),
        ),
        'attributes' => 'Zagen : A',
        'attributes_small' => 'A',
        'rate' => 21.0,
        'tax_name' => 'BTW NL 21%',
      ),
      2 => 
      array (
        'id_product_attribute' => '3112',
        'id_product' => '1561',
        'cart_quantity' => '1',
        'id_shop' => '1',
        'id_customization' => '312',
        'name' => 'Messing rond 12mm',
        'is_virtual' => '0',
        'description_short' => '<p>(Diameter), lengte 1mtr</p>',
        'available_now' => '',
        'available_later' => '',
        'id_category_default' => '352',
        'id_supplier' => '0',
        'id_manufacturer' => '0',
        'manufacturer_name' => NULL,
        'on_sale' => '0',
        'ecotax' => '0.000000',
        'additional_shipping_cost' => '0.00',
        'available_for_order' => '1',
        'show_price' => '1',
        'price' => 33.3,
        'active' => '1',
        'unity' => '',
        'unit_price_ratio' => '0.000000',
        'quantity_available' => '1000000',
        'width' => '0.000000',
        'height' => '0.000000',
        'depth' => '0.000000',
        'out_of_stock' => '2',
        'weight' => 0.0,
        'available_date' => NULL,
        'date_add' => '2020-06-12 14:20:31',
        'date_upd' => '2020-08-14 14:40:29',
        'quantity' => 1,
        'link_rewrite' => 'messing-rond',
        'category' => 'messing-rond',
        'unique_id' => '00000015610000003112154312',
        'id_address_delivery' => '154',
        'advanced_stock_management' => '0',
        'supplier_reference' => NULL,
        'customization_quantity' => '1',
        'price_attribute' => '2.490000',
        'ecotax_attr' => '0.000000',
        'reference' => 'H',
        'weight_attribute' => 0.0,
        'ean13' => '',
        'isbn' => '',
        'upc' => '',
        'minimal_quantity' => '1',
        'wholesale_price' => '0.000000',
        'id_image' => '1561-1626',
        'legend' => 'Messing rond 12mm',
        'reduction_type' => 0,
        'is_gift' => false,
        'reduction' => 0.0,
        'reduction_without_tax' => 0.0,
        'price_without_reduction' => 40.293,
        'specific_prices' => false,
        'stock_quantity' => 1000000,
        'price_without_reduction_without_tax' => 33.3,
        'price_with_reduction' => 40.293,
        'price_with_reduction_without_tax' => 33.3,
        'total' => 33.3,
        'total_wt' => 40.29,
        'price_wt' => 40.293,
        'reduction_applies' => false,
        'quantity_discount_applies' => false,
        'allow_oosp' => 1,
        'features' => 
        array (
          0 => 
          array (
            'id_feature' => '4',
            'id_product' => '1561',
            'id_feature_value' => '2',
          ),
        ),
        'attributes' => 'Zagen : C',
        'attributes_small' => 'C',
        'rate' => 21.0,
        'tax_name' => 'BTW NL 21%',
      ),
    ),
     '_taxCalculationMethod' => '0',
     'webserviceParameters' => 
    array (
      'fields' => 
      array (
        'id_address_delivery' => 
        array (
          'xlink_resource' => 'addresses',
        ),
        'id_address_invoice' => 
        array (
          'xlink_resource' => 'addresses',
        ),
        'id_currency' => 
        array (
          'xlink_resource' => 'currencies',
        ),
        'id_customer' => 
        array (
          'xlink_resource' => 'customers',
        ),
        'id_guest' => 
        array (
          'xlink_resource' => 'guests',
        ),
        'id_lang' => 
        array (
          'xlink_resource' => 'languages',
        ),
      ),
      'associations' => 
      array (
        'cart_rows' => 
        array (
          'resource' => 'cart_row',
          'virtual_entity' => true,
          'fields' => 
          array (
            'id_product' => 
            array (
              'required' => true,
              'xlink_resource' => 'products',
            ),
            'id_product_attribute' => 
            array (
              'required' => true,
              'xlink_resource' => 'combinations',
            ),
            'id_address_delivery' => 
            array (
              'required' => true,
              'xlink_resource' => 'addresses',
            ),
            'id_customization' => 
            array (
              'required' => false,
              'xlink_resource' => 'customizations',
            ),
            'quantity' => 
            array (
              'required' => true,
            ),
          ),
        ),
      ),
    ),
     'configuration' => 
    PrestaShop\PrestaShop\Adapter\Configuration::__set_state(array(
       'shop' => NULL,
       'parameters' => NULL,
    )),
     'addressFactory' => 
    PrestaShop\PrestaShop\Adapter\AddressFactory::__set_state(array(
    )),
     'shouldSplitGiftProductsQuantity' => false,
     'shouldExcludeGiftsDiscount' => false,
     'id_shop_list' => 
    array (
    ),
     'get_shop_from_context' => true,
     'table' => 'cart',
     'identifier' => 'id_cart',
     'fieldsRequired' => 
    array (
      0 => 'id_currency',
      1 => 'id_lang',
    ),
     'fieldsSize' => 
    array (
      'secure_key' => 32,
    ),
     'fieldsValidate' => 
    array (
      'id_shop_group' => 'isUnsignedId',
      'id_shop' => 'isUnsignedId',
      'id_address_delivery' => 'isUnsignedId',
      'id_address_invoice' => 'isUnsignedId',
      'id_carrier' => 'isUnsignedId',
      'id_currency' => 'isUnsignedId',
      'id_customer' => 'isUnsignedId',
      'id_guest' => 'isUnsignedId',
      'id_lang' => 'isUnsignedId',
      'recyclable' => 'isBool',
      'gift' => 'isBool',
      'gift_message' => 'isMessage',
      'mobile_theme' => 'isBool',
      'allow_seperated_package' => 'isBool',
      'date_add' => 'isDate',
      'date_upd' => 'isDate',
    ),
     'fieldsRequiredLang' => 
    array (
    ),
     'fieldsSizeLang' => 
    array (
    ),
     'fieldsValidateLang' => 
    array (
    ),
     'tables' => 
    array (
    ),
     'image_dir' => NULL,
     'image_format' => 'jpg',
     'translator' => NULL,
     'def' => 
    array (
      'table' => 'cart',
      'primary' => 'id_cart',
      'fields' => 
      array (
        'id_shop_group' => 
        array (
          'type' => 1,
          'validate' => 'isUnsignedId',
        ),
        'id_shop' => 
        array (
          'type' => 1,
          'validate' => 'isUnsignedId',
        ),
        'id_address_delivery' => 
        array (
          'type' => 1,
          'validate' => 'isUnsignedId',
        ),
        'id_address_invoice' => 
        array (
          'type' => 1,
          'validate' => 'isUnsignedId',
        ),
        'id_carrier' => 
        array (
          'type' => 1,
          'validate' => 'isUnsignedId',
        ),
        'id_currency' => 
        array (
          'type' => 1,
          'validate' => 'isUnsignedId',
          'required' => true,
        ),
        'id_customer' => 
        array (
          'type' => 1,
          'validate' => 'isUnsignedId',
        ),
        'id_guest' => 
        array (
          'type' => 1,
          'validate' => 'isUnsignedId',
        ),
        'id_lang' => 
        array (
          'type' => 1,
          'validate' => 'isUnsignedId',
          'required' => true,
        ),
        'recyclable' => 
        array (
          'type' => 2,
          'validate' => 'isBool',
        ),
        'gift' => 
        array (
          'type' => 2,
          'validate' => 'isBool',
        ),
        'gift_message' => 
        array (
          'type' => 3,
          'validate' => 'isMessage',
        ),
        'mobile_theme' => 
        array (
          'type' => 2,
          'validate' => 'isBool',
        ),
        'delivery_option' => 
        array (
          'type' => 3,
        ),
        'secure_key' => 
        array (
          'type' => 3,
          'size' => 32,
        ),
        'allow_seperated_package' => 
        array (
          'type' => 2,
          'validate' => 'isBool',
        ),
        'date_add' => 
        array (
          'type' => 5,
          'validate' => 'isDate',
        ),
        'date_upd' => 
        array (
          'type' => 5,
          'validate' => 'isDate',
        ),
        'added_to_order' => 
        array (
          'type' => 3,
        ),
      ),
      'classname' => 'Cart',
    ),
     'update_fields' => NULL,
     'force_id' => false,
  )),
  'altern' => 2,
)array (
  'object' => 
  CustomerThread::__set_state(array(
     'id' => '24',
     'id_shop' => 1,
     'id_lang' => 1,
     'id_contact' => 0,
     'id_customer' => 84,
     'id_order' => 325,
     'id_product' => NULL,
     'status' => 'open',
     'email' => 'test@test112233.nl',
     'token' => 'Ob7kV2JASPZk',
     'date_add' => '2021-07-28 11:36:22',
     'date_upd' => '2021-07-28 11:36:22',
     'webserviceParameters' => 
    array (
      'fields' => 
      array (
        'id_lang' => 
        array (
          'xlink_resource' => 'languages',
        ),
        'id_shop' => 
        array (
          'xlink_resource' => 'shops',
        ),
        'id_customer' => 
        array (
          'xlink_resource' => 'customers',
        ),
        'id_order' => 
        array (
          'xlink_resource' => 'orders',
        ),
        'id_product' => 
        array (
          'xlink_resource' => 'products',
        ),
      ),
      'associations' => 
      array (
        'customer_messages' => 
        array (
          'resource' => 'customer_message',
          'id' => 
          array (
            'required' => true,
          ),
        ),
      ),
    ),
     'id_shop_list' => 
    array (
    ),
     'get_shop_from_context' => true,
     'table' => 'customer_thread',
     'identifier' => 'id_customer_thread',
     'fieldsRequired' => 
    array (
      0 => 'id_lang',
      1 => 'id_contact',
      2 => 'token',
    ),
     'fieldsSize' => 
    array (
      'email' => 255,
    ),
     'fieldsValidate' => 
    array (
      'id_lang' => 'isUnsignedId',
      'id_contact' => 'isUnsignedId',
      'id_shop' => 'isUnsignedId',
      'id_customer' => 'isUnsignedId',
      'id_order' => 'isUnsignedId',
      'id_product' => 'isUnsignedId',
      'email' => 'isEmail',
      'token' => 'isGenericName',
      'date_add' => 'isDate',
      'date_upd' => 'isDate',
    ),
     'fieldsRequiredLang' => 
    array (
    ),
     'fieldsSizeLang' => 
    array (
    ),
     'fieldsValidateLang' => 
    array (
    ),
     'tables' => 
    array (
    ),
     'image_dir' => NULL,
     'image_format' => 'jpg',
     'translator' => NULL,
     'def' => 
    array (
      'table' => 'customer_thread',
      'primary' => 'id_customer_thread',
      'fields' => 
      array (
        'id_lang' => 
        array (
          'type' => 1,
          'validate' => 'isUnsignedId',
          'required' => true,
        ),
        'id_contact' => 
        array (
          'type' => 1,
          'validate' => 'isUnsignedId',
          'required' => true,
        ),
        'id_shop' => 
        array (
          'type' => 1,
          'validate' => 'isUnsignedId',
        ),
        'id_customer' => 
        array (
          'type' => 1,
          'validate' => 'isUnsignedId',
        ),
        'id_order' => 
        array (
          'type' => 1,
          'validate' => 'isUnsignedId',
        ),
        'id_product' => 
        array (
          'type' => 1,
          'validate' => 'isUnsignedId',
        ),
        'email' => 
        array (
          'type' => 3,
          'validate' => 'isEmail',
          'size' => 255,
        ),
        'token' => 
        array (
          'type' => 3,
          'validate' => 'isGenericName',
          'required' => true,
        ),
        'status' => 
        array (
          'type' => 3,
        ),
        'date_add' => 
        array (
          'type' => 5,
          'validate' => 'isDate',
        ),
        'date_upd' => 
        array (
          'type' => 5,
          'validate' => 'isDate',
        ),
      ),
      'classname' => 'CustomerThread',
    ),
     'update_fields' => NULL,
     'force_id' => false,
  )),
  'cookie' => 
  Cookie::__set_state(array(
     '_content' => 
    array (
      'date_add' => '2021-06-29 10:07:39',
      'id_lang' => '1',
      'id_currency' => 1,
      'last_visited_category' => '321',
      'supercheckout_temp_address_delivery' => '',
      'isSameInvoiceAddress' => '1',
      'session_id' => '154',
      'session_token' => 'ed059cfd6c2798e761f9820c98f7740160ff58d8',
      'supercheckout_accepted_consent' => '[]',
      'supercheckout_default_policy' => 'Ik ga akkoord met de voorwaarden van de dienst en zal onvoorwaardelijk opvolgen.',
      'supercheckout_temp_address_invoice' => '',
      'selected_customer_secure_key' => '',
      'selected_customer_customer_firstname' => '',
      'selected_customer_customer_lastname' => '',
      'selected_customer_id_customer' => '',
      'selected_customer_email' => '',
      'supercheckout_perm_address_delivery' => '187',
      'supercheckout_perm_address_invoice' => '187',
      'check_cgv' => '',
      'supercheckout_temp_address_shipping' => '',
      'supercheckout_perm_address_shipping' => '',
      'contactFormToken' => '3ac3a7e8be5f95e61199d8a5c6b20fdf',
      'contactFormTokenTTL' => '1625205323',
      'id_guest' => '1',
      'id_connections' => '3822',
      'id_cart' => '767',
      'address_selector' => 'existing',
      'id_customer' => '84',
      'customer_lastname' => 'ewewew',
      'customer_firstname' => 'weewew',
      'logged' => '1',
      'is_guest' => '1',
      'passwd' => 'd71e276ce98accdf7fb977477ac4cd8a',
      'email' => 'test@test112233.nl',
      'checksum' => '2338334135',
    ),
     '_name' => 'PrestaShop-88a0479099143bf4330d9cd2b528aabb',
     '_expire' => 1629192980,
     '_domain' => 'ijzershop176.local',
     '_path' => '/',
     'cipherTool' => 
    PhpEncryption::__set_state(array(
    )),
     '_modified' => false,
     '_allow_writing' => true,
     '_salt' => 'RYitkuu1',
     '_standalone' => false,
     '_secure' => false,
  )),
  'cart' => 
  Cart::__set_state(array(
     'added_to_order' => '',
     'id' => 767,
     'id_shop_group' => '1',
     'id_shop' => '1',
     'id_address_delivery' => '187',
     'id_address_invoice' => '187',
     'id_currency' => '1',
     'id_customer' => '84',
     'id_guest' => '2953',
     'id_lang' => '1',
     'recyclable' => '0',
     'gift' => '0',
     'gift_message' => '',
     'mobile_theme' => '0',
     'date_add' => '2021-07-28 10:45:03',
     'secure_key' => 'b5f3ac4ccc41ad7a0372ec22e056646c',
     'id_carrier' => '10',
     'date_upd' => '2021-07-28 11:36:20',
     'checkedTos' => false,
     'pictures' => NULL,
     'textFields' => NULL,
     'delivery_option' => '{"186":"10,"}',
     'allow_seperated_package' => '0',
     '_products' => 
    array (
      0 => 
      array (
        'id_product_attribute' => '2666',
        'id_product' => '1440',
        'cart_quantity' => '1',
        'id_shop' => '1',
        'id_customization' => NULL,
        'name' => 'stalen koker 20 x 20 x 2mm',
        'is_virtual' => '0',
        'description_short' => '<p>(hoogte x breedte x wanddikte), lengte 2 meter</p>',
        'available_now' => '',
        'available_later' => '',
        'id_category_default' => '321',
        'id_supplier' => '0',
        'id_manufacturer' => '0',
        'manufacturer_name' => NULL,
        'on_sale' => '0',
        'ecotax' => '0.000000',
        'additional_shipping_cost' => '0.00',
        'available_for_order' => '1',
        'show_price' => '1',
        'price' => 5.39,
        'active' => '1',
        'unity' => '',
        'unit_price_ratio' => '0.000000',
        'quantity_available' => '299953',
        'width' => '0.000000',
        'height' => '0.000000',
        'depth' => '0.000000',
        'out_of_stock' => '2',
        'weight' => 2.24,
        'available_date' => NULL,
        'date_add' => '2020-06-12 14:20:24',
        'date_upd' => '2020-08-14 14:40:30',
        'quantity' => 1,
        'link_rewrite' => 'stalen-koker-20-x-20-x-2mm',
        'category' => 'stalen-koker-vierkant',
        'unique_id' => '000000144000000026661870',
        'id_address_delivery' => '187',
        'advanced_stock_management' => '0',
        'supplier_reference' => NULL,
        'customization_quantity' => NULL,
        'price_attribute' => '0.000000',
        'ecotax_attr' => '0.000000',
        'reference' => 'L1',
        'weight_attribute' => 2.24,
        'ean13' => '',
        'isbn' => '',
        'upc' => '',
        'minimal_quantity' => '1',
        'wholesale_price' => '5.120000',
        'id_image' => '1440-1504',
        'legend' => 'stalen koker 20 x 20 x 2mm "stalen profielen kopen"',
        'reduction_type' => 0,
        'is_gift' => false,
        'reduction' => 0.0,
        'reduction_without_tax' => 0.0,
        'price_without_reduction' => 6.5219,
        'specific_prices' => false,
        'stock_quantity' => 299953,
        'price_without_reduction_without_tax' => 5.39,
        'price_with_reduction' => 6.5219,
        'price_with_reduction_without_tax' => 5.39,
        'total' => 5.39,
        'total_wt' => 6.52,
        'price_wt' => 6.5219,
        'reduction_applies' => false,
        'quantity_discount_applies' => false,
        'allow_oosp' => 1,
        'features' => 
        array (
          0 => 
          array (
            'id_feature' => '4',
            'id_product' => '1440',
            'id_feature_value' => '13',
          ),
          1 => 
          array (
            'id_feature' => '9',
            'id_product' => '1440',
            'id_feature_value' => '127',
          ),
          2 => 
          array (
            'id_feature' => '10',
            'id_product' => '1440',
            'id_feature_value' => '33',
          ),
        ),
        'attributes' => 'Zagen : A',
        'attributes_small' => 'A',
        'rate' => 21.0,
        'tax_name' => 'BTW NL 21%',
      ),
    ),
     '_taxCalculationMethod' => '0',
     'webserviceParameters' => 
    array (
      'fields' => 
      array (
        'id_address_delivery' => 
        array (
          'xlink_resource' => 'addresses',
        ),
        'id_address_invoice' => 
        array (
          'xlink_resource' => 'addresses',
        ),
        'id_currency' => 
        array (
          'xlink_resource' => 'currencies',
        ),
        'id_customer' => 
        array (
          'xlink_resource' => 'customers',
        ),
        'id_guest' => 
        array (
          'xlink_resource' => 'guests',
        ),
        'id_lang' => 
        array (
          'xlink_resource' => 'languages',
        ),
      ),
      'associations' => 
      array (
        'cart_rows' => 
        array (
          'resource' => 'cart_row',
          'virtual_entity' => true,
          'fields' => 
          array (
            'id_product' => 
            array (
              'required' => true,
              'xlink_resource' => 'products',
            ),
            'id_product_attribute' => 
            array (
              'required' => true,
              'xlink_resource' => 'combinations',
            ),
            'id_address_delivery' => 
            array (
              'required' => true,
              'xlink_resource' => 'addresses',
            ),
            'id_customization' => 
            array (
              'required' => false,
              'xlink_resource' => 'customizations',
            ),
            'quantity' => 
            array (
              'required' => true,
            ),
          ),
        ),
      ),
    ),
     'configuration' => 
    PrestaShop\PrestaShop\Adapter\Configuration::__set_state(array(
       'shop' => NULL,
       'parameters' => NULL,
    )),
     'addressFactory' => 
    PrestaShop\PrestaShop\Adapter\AddressFactory::__set_state(array(
    )),
     'shouldSplitGiftProductsQuantity' => false,
     'shouldExcludeGiftsDiscount' => false,
     'id_shop_list' => 
    array (
    ),
     'get_shop_from_context' => true,
     'table' => 'cart',
     'identifier' => 'id_cart',
     'fieldsRequired' => 
    array (
      0 => 'id_currency',
      1 => 'id_lang',
    ),
     'fieldsSize' => 
    array (
      'secure_key' => 32,
    ),
     'fieldsValidate' => 
    array (
      'id_shop_group' => 'isUnsignedId',
      'id_shop' => 'isUnsignedId',
      'id_address_delivery' => 'isUnsignedId',
      'id_address_invoice' => 'isUnsignedId',
      'id_carrier' => 'isUnsignedId',
      'id_currency' => 'isUnsignedId',
      'id_customer' => 'isUnsignedId',
      'id_guest' => 'isUnsignedId',
      'id_lang' => 'isUnsignedId',
      'recyclable' => 'isBool',
      'gift' => 'isBool',
      'gift_message' => 'isMessage',
      'mobile_theme' => 'isBool',
      'allow_seperated_package' => 'isBool',
      'date_add' => 'isDate',
      'date_upd' => 'isDate',
    ),
     'fieldsRequiredLang' => 
    array (
    ),
     'fieldsSizeLang' => 
    array (
    ),
     'fieldsValidateLang' => 
    array (
    ),
     'tables' => 
    array (
    ),
     'image_dir' => NULL,
     'image_format' => 'jpg',
     'translator' => NULL,
     'def' => 
    array (
      'table' => 'cart',
      'primary' => 'id_cart',
      'fields' => 
      array (
        'id_shop_group' => 
        array (
          'type' => 1,
          'validate' => 'isUnsignedId',
        ),
        'id_shop' => 
        array (
          'type' => 1,
          'validate' => 'isUnsignedId',
        ),
        'id_address_delivery' => 
        array (
          'type' => 1,
          'validate' => 'isUnsignedId',
        ),
        'id_address_invoice' => 
        array (
          'type' => 1,
          'validate' => 'isUnsignedId',
        ),
        'id_carrier' => 
        array (
          'type' => 1,
          'validate' => 'isUnsignedId',
        ),
        'id_currency' => 
        array (
          'type' => 1,
          'validate' => 'isUnsignedId',
          'required' => true,
        ),
        'id_customer' => 
        array (
          'type' => 1,
          'validate' => 'isUnsignedId',
        ),
        'id_guest' => 
        array (
          'type' => 1,
          'validate' => 'isUnsignedId',
        ),
        'id_lang' => 
        array (
          'type' => 1,
          'validate' => 'isUnsignedId',
          'required' => true,
        ),
        'recyclable' => 
        array (
          'type' => 2,
          'validate' => 'isBool',
        ),
        'gift' => 
        array (
          'type' => 2,
          'validate' => 'isBool',
        ),
        'gift_message' => 
        array (
          'type' => 3,
          'validate' => 'isMessage',
        ),
        'mobile_theme' => 
        array (
          'type' => 2,
          'validate' => 'isBool',
        ),
        'delivery_option' => 
        array (
          'type' => 3,
        ),
        'secure_key' => 
        array (
          'type' => 3,
          'size' => 32,
        ),
        'allow_seperated_package' => 
        array (
          'type' => 2,
          'validate' => 'isBool',
        ),
        'date_add' => 
        array (
          'type' => 5,
          'validate' => 'isDate',
        ),
        'date_upd' => 
        array (
          'type' => 5,
          'validate' => 'isDate',
        ),
        'added_to_order' => 
        array (
          'type' => 3,
        ),
      ),
      'classname' => 'Cart',
    ),
     'update_fields' => NULL,
     'force_id' => false,
  )),
  'altern' => 2,
)array (
  'object' => 
  CustomerThread::__set_state(array(
     'id' => '25',
     'id_shop' => 1,
     'id_lang' => 1,
     'id_contact' => 0,
     'id_customer' => 89,
     'id_order' => 365,
     'id_product' => NULL,
     'status' => 'open',
     'email' => 'wqdqwdwqd@fwfewefwef.nl',
     'token' => '99GgjU5WOtZa',
     'date_add' => '2021-07-30 08:50:49',
     'date_upd' => '2021-07-30 08:50:49',
     'webserviceParameters' => 
    array (
      'fields' => 
      array (
        'id_lang' => 
        array (
          'xlink_resource' => 'languages',
        ),
        'id_shop' => 
        array (
          'xlink_resource' => 'shops',
        ),
        'id_customer' => 
        array (
          'xlink_resource' => 'customers',
        ),
        'id_order' => 
        array (
          'xlink_resource' => 'orders',
        ),
        'id_product' => 
        array (
          'xlink_resource' => 'products',
        ),
      ),
      'associations' => 
      array (
        'customer_messages' => 
        array (
          'resource' => 'customer_message',
          'id' => 
          array (
            'required' => true,
          ),
        ),
      ),
    ),
     'id_shop_list' => 
    array (
    ),
     'get_shop_from_context' => true,
     'table' => 'customer_thread',
     'identifier' => 'id_customer_thread',
     'fieldsRequired' => 
    array (
      0 => 'id_lang',
      1 => 'id_contact',
      2 => 'token',
    ),
     'fieldsSize' => 
    array (
      'email' => 255,
    ),
     'fieldsValidate' => 
    array (
      'id_lang' => 'isUnsignedId',
      'id_contact' => 'isUnsignedId',
      'id_shop' => 'isUnsignedId',
      'id_customer' => 'isUnsignedId',
      'id_order' => 'isUnsignedId',
      'id_product' => 'isUnsignedId',
      'email' => 'isEmail',
      'token' => 'isGenericName',
      'date_add' => 'isDate',
      'date_upd' => 'isDate',
    ),
     'fieldsRequiredLang' => 
    array (
    ),
     'fieldsSizeLang' => 
    array (
    ),
     'fieldsValidateLang' => 
    array (
    ),
     'tables' => 
    array (
    ),
     'image_dir' => NULL,
     'image_format' => 'jpg',
     'translator' => NULL,
     'def' => 
    array (
      'table' => 'customer_thread',
      'primary' => 'id_customer_thread',
      'fields' => 
      array (
        'id_lang' => 
        array (
          'type' => 1,
          'validate' => 'isUnsignedId',
          'required' => true,
        ),
        'id_contact' => 
        array (
          'type' => 1,
          'validate' => 'isUnsignedId',
          'required' => true,
        ),
        'id_shop' => 
        array (
          'type' => 1,
          'validate' => 'isUnsignedId',
        ),
        'id_customer' => 
        array (
          'type' => 1,
          'validate' => 'isUnsignedId',
        ),
        'id_order' => 
        array (
          'type' => 1,
          'validate' => 'isUnsignedId',
        ),
        'id_product' => 
        array (
          'type' => 1,
          'validate' => 'isUnsignedId',
        ),
        'email' => 
        array (
          'type' => 3,
          'validate' => 'isEmail',
          'size' => 255,
        ),
        'token' => 
        array (
          'type' => 3,
          'validate' => 'isGenericName',
          'required' => true,
        ),
        'status' => 
        array (
          'type' => 3,
        ),
        'date_add' => 
        array (
          'type' => 5,
          'validate' => 'isDate',
        ),
        'date_upd' => 
        array (
          'type' => 5,
          'validate' => 'isDate',
        ),
      ),
      'classname' => 'CustomerThread',
    ),
     'update_fields' => NULL,
     'force_id' => false,
  )),
  'cookie' => 
  Cookie::__set_state(array(
     '_content' => 
    array (
      'date_add' => '2021-06-29 10:07:39',
      'id_lang' => '1',
      'id_currency' => 1,
      'last_visited_category' => '321',
      'supercheckout_temp_address_delivery' => '',
      'isSameInvoiceAddress' => '1',
      'session_id' => '163',
      'session_token' => 'bc389eeede59018901860680db278a1de24cee48',
      'supercheckout_accepted_consent' => '[]',
      'supercheckout_default_policy' => 'Ik ga akkoord met de voorwaarden van de dienst en zal onvoorwaardelijk opvolgen.',
      'supercheckout_temp_address_invoice' => '',
      'selected_customer_secure_key' => '',
      'selected_customer_customer_firstname' => '',
      'selected_customer_customer_lastname' => '',
      'selected_customer_id_customer' => '',
      'selected_customer_email' => '',
      'supercheckout_perm_address_delivery' => '229',
      'supercheckout_perm_address_invoice' => '229',
      'supercheckout_temp_address_shipping' => '229',
      'supercheckout_perm_address_shipping' => '229',
      'contactFormToken' => '3ac3a7e8be5f95e61199d8a5c6b20fdf',
      'contactFormTokenTTL' => '1625205323',
      'check_cgv' => '',
      'id_guest' => '1',
      'id_connections' => '3845',
      'id_cart' => '841',
      'address_selector' => 'existing',
      'id_customer' => '89',
      'customer_lastname' => 'ewfewfewfw',
      'customer_firstname' => 'wfefewfewf',
      'logged' => '1',
      'is_guest' => '1',
      'passwd' => '4164d9185620db09966fbd77ead8a5d3',
      'email' => 'wqdqwdwqd@fwfewefwef.nl',
      'checksum' => '953940008',
    ),
     '_name' => 'PrestaShop-88a0479099143bf4330d9cd2b528aabb',
     '_expire' => 1629355847,
     '_domain' => 'ijzershop176.local',
     '_path' => '/',
     'cipherTool' => 
    PhpEncryption::__set_state(array(
    )),
     '_modified' => false,
     '_allow_writing' => true,
     '_salt' => 'RYitkuu1',
     '_standalone' => false,
     '_secure' => false,
  )),
  'cart' => 
  Cart::__set_state(array(
     'added_to_order' => '',
     'id' => 841,
     'id_shop_group' => '1',
     'id_shop' => '1',
     'id_address_delivery' => '229',
     'id_address_invoice' => '229',
     'id_currency' => '1',
     'id_customer' => '89',
     'id_guest' => '2968',
     'id_lang' => '1',
     'recyclable' => '0',
     'gift' => '0',
     'gift_message' => '',
     'mobile_theme' => '0',
     'date_add' => '2021-07-30 08:49:57',
     'secure_key' => 'f0bf9d035d475eda18a0f2451bd0bdf4',
     'id_carrier' => '7',
     'date_upd' => '2021-07-30 08:50:47',
     'checkedTos' => false,
     'pictures' => NULL,
     'textFields' => NULL,
     'delivery_option' => '{"228":"7"}',
     'allow_seperated_package' => '0',
     '_products' => 
    array (
      0 => 
      array (
        'id_product_attribute' => '75',
        'id_product' => '1040',
        'cart_quantity' => '1',
        'id_shop' => '1',
        'id_customization' => NULL,
        'name' => 'stalen koker 15 x 15 x 2mm',
        'is_virtual' => '0',
        'description_short' => '<p>gebeitst (lichte kleur), (hoogte x breedte x wanddikte), lengte 2 meter</p>',
        'available_now' => '',
        'available_later' => '',
        'id_category_default' => '321',
        'id_supplier' => '0',
        'id_manufacturer' => '0',
        'manufacturer_name' => NULL,
        'on_sale' => '0',
        'ecotax' => '0.000000',
        'additional_shipping_cost' => '0.00',
        'available_for_order' => '1',
        'show_price' => '1',
        'price' => 4.76,
        'active' => '1',
        'unity' => '',
        'unit_price_ratio' => '0.000000',
        'quantity_available' => '299838',
        'width' => '0.000000',
        'height' => '0.000000',
        'depth' => '0.000000',
        'out_of_stock' => '0',
        'weight' => 2.24,
        'available_date' => '0000-00-00',
        'date_add' => '2020-06-12 14:19:47',
        'date_upd' => '2021-07-09 15:51:29',
        'quantity' => 1,
        'link_rewrite' => 'stalen-koker-15-x-15-x-2mm',
        'category' => 'stalen-koker-vierkant',
        'unique_id' => '000000104000000000752290',
        'id_address_delivery' => '229',
        'advanced_stock_management' => '0',
        'supplier_reference' => NULL,
        'customization_quantity' => NULL,
        'price_attribute' => '0.000000',
        'ecotax_attr' => '0.000000',
        'reference' => 'L1',
        'weight_attribute' => 2.24,
        'ean13' => '',
        'isbn' => '',
        'upc' => '',
        'minimal_quantity' => '1',
        'wholesale_price' => '35.000000',
        'id_image' => '1040-1090',
        'legend' => 'stalen koker 15x15x2 kopen "stalen profielen kopen"',
        'reduction_type' => 0,
        'is_gift' => false,
        'reduction' => 0.0,
        'reduction_without_tax' => 0.0,
        'price_without_reduction' => 5.7596,
        'specific_prices' => false,
        'stock_quantity' => 299838,
        'price_without_reduction_without_tax' => 4.76,
        'price_with_reduction' => 5.7596,
        'price_with_reduction_without_tax' => 4.76,
        'total' => 4.76,
        'total_wt' => 5.76,
        'price_wt' => 5.7596,
        'reduction_applies' => false,
        'quantity_discount_applies' => false,
        'allow_oosp' => true,
        'features' => 
        array (
          0 => 
          array (
            'id_feature' => '4',
            'id_product' => '1040',
            'id_feature_value' => '13',
          ),
          1 => 
          array (
            'id_feature' => '9',
            'id_product' => '1040',
            'id_feature_value' => '126',
          ),
          2 => 
          array (
            'id_feature' => '10',
            'id_product' => '1040',
            'id_feature_value' => '33',
          ),
        ),
        'attributes' => 'Zagen : A',
        'attributes_small' => 'A',
        'rate' => 21.0,
        'tax_name' => 'BTW NL 21%',
      ),
    ),
     '_taxCalculationMethod' => '0',
     'webserviceParameters' => 
    array (
      'fields' => 
      array (
        'id_address_delivery' => 
        array (
          'xlink_resource' => 'addresses',
        ),
        'id_address_invoice' => 
        array (
          'xlink_resource' => 'addresses',
        ),
        'id_currency' => 
        array (
          'xlink_resource' => 'currencies',
        ),
        'id_customer' => 
        array (
          'xlink_resource' => 'customers',
        ),
        'id_guest' => 
        array (
          'xlink_resource' => 'guests',
        ),
        'id_lang' => 
        array (
          'xlink_resource' => 'languages',
        ),
      ),
      'associations' => 
      array (
        'cart_rows' => 
        array (
          'resource' => 'cart_row',
          'virtual_entity' => true,
          'fields' => 
          array (
            'id_product' => 
            array (
              'required' => true,
              'xlink_resource' => 'products',
            ),
            'id_product_attribute' => 
            array (
              'required' => true,
              'xlink_resource' => 'combinations',
            ),
            'id_address_delivery' => 
            array (
              'required' => true,
              'xlink_resource' => 'addresses',
            ),
            'id_customization' => 
            array (
              'required' => false,
              'xlink_resource' => 'customizations',
            ),
            'quantity' => 
            array (
              'required' => true,
            ),
          ),
        ),
      ),
    ),
     'configuration' => 
    PrestaShop\PrestaShop\Adapter\Configuration::__set_state(array(
       'shop' => NULL,
       'parameters' => NULL,
    )),
     'addressFactory' => 
    PrestaShop\PrestaShop\Adapter\AddressFactory::__set_state(array(
    )),
     'shouldSplitGiftProductsQuantity' => false,
     'shouldExcludeGiftsDiscount' => false,
     'id_shop_list' => 
    array (
    ),
     'get_shop_from_context' => true,
     'table' => 'cart',
     'identifier' => 'id_cart',
     'fieldsRequired' => 
    array (
      0 => 'id_currency',
      1 => 'id_lang',
    ),
     'fieldsSize' => 
    array (
      'secure_key' => 32,
    ),
     'fieldsValidate' => 
    array (
      'id_shop_group' => 'isUnsignedId',
      'id_shop' => 'isUnsignedId',
      'id_address_delivery' => 'isUnsignedId',
      'id_address_invoice' => 'isUnsignedId',
      'id_carrier' => 'isUnsignedId',
      'id_currency' => 'isUnsignedId',
      'id_customer' => 'isUnsignedId',
      'id_guest' => 'isUnsignedId',
      'id_lang' => 'isUnsignedId',
      'recyclable' => 'isBool',
      'gift' => 'isBool',
      'gift_message' => 'isMessage',
      'mobile_theme' => 'isBool',
      'allow_seperated_package' => 'isBool',
      'date_add' => 'isDate',
      'date_upd' => 'isDate',
    ),
     'fieldsRequiredLang' => 
    array (
    ),
     'fieldsSizeLang' => 
    array (
    ),
     'fieldsValidateLang' => 
    array (
    ),
     'tables' => 
    array (
    ),
     'image_dir' => NULL,
     'image_format' => 'jpg',
     'translator' => NULL,
     'def' => 
    array (
      'table' => 'cart',
      'primary' => 'id_cart',
      'fields' => 
      array (
        'id_shop_group' => 
        array (
          'type' => 1,
          'validate' => 'isUnsignedId',
        ),
        'id_shop' => 
        array (
          'type' => 1,
          'validate' => 'isUnsignedId',
        ),
        'id_address_delivery' => 
        array (
          'type' => 1,
          'validate' => 'isUnsignedId',
        ),
        'id_address_invoice' => 
        array (
          'type' => 1,
          'validate' => 'isUnsignedId',
        ),
        'id_carrier' => 
        array (
          'type' => 1,
          'validate' => 'isUnsignedId',
        ),
        'id_currency' => 
        array (
          'type' => 1,
          'validate' => 'isUnsignedId',
          'required' => true,
        ),
        'id_customer' => 
        array (
          'type' => 1,
          'validate' => 'isUnsignedId',
        ),
        'id_guest' => 
        array (
          'type' => 1,
          'validate' => 'isUnsignedId',
        ),
        'id_lang' => 
        array (
          'type' => 1,
          'validate' => 'isUnsignedId',
          'required' => true,
        ),
        'recyclable' => 
        array (
          'type' => 2,
          'validate' => 'isBool',
        ),
        'gift' => 
        array (
          'type' => 2,
          'validate' => 'isBool',
        ),
        'gift_message' => 
        array (
          'type' => 3,
          'validate' => 'isMessage',
        ),
        'mobile_theme' => 
        array (
          'type' => 2,
          'validate' => 'isBool',
        ),
        'delivery_option' => 
        array (
          'type' => 3,
        ),
        'secure_key' => 
        array (
          'type' => 3,
          'size' => 32,
        ),
        'allow_seperated_package' => 
        array (
          'type' => 2,
          'validate' => 'isBool',
        ),
        'date_add' => 
        array (
          'type' => 5,
          'validate' => 'isDate',
        ),
        'date_upd' => 
        array (
          'type' => 5,
          'validate' => 'isDate',
        ),
        'added_to_order' => 
        array (
          'type' => 3,
        ),
      ),
      'classname' => 'Cart',
    ),
     'update_fields' => NULL,
     'force_id' => false,
  )),
  'altern' => 2,
)array (
  'object' => 
  CustomerThread::__set_state(array(
     'id' => '39',
     'id_lang' => 1,
     'id_shop' => 1,
     'id_shop_list' => 
    array (
    ),
     'get_shop_from_context' => true,
     'table' => 'customer_thread',
     'identifier' => 'id_customer_thread',
     'fieldsRequired' => 
    array (
      0 => 'id_lang',
      1 => 'id_contact',
      2 => 'token',
    ),
     'fieldsSize' => 
    array (
      'email' => 255,
    ),
     'fieldsValidate' => 
    array (
      'id_lang' => 'isUnsignedId',
      'id_contact' => 'isUnsignedId',
      'id_shop' => 'isUnsignedId',
      'id_customer' => 'isUnsignedId',
      'id_order' => 'isUnsignedId',
      'id_product' => 'isUnsignedId',
      'email' => 'isEmail',
      'token' => 'isGenericName',
      'date_add' => 'isDate',
      'date_upd' => 'isDate',
    ),
     'fieldsRequiredLang' => 
    array (
    ),
     'fieldsSizeLang' => 
    array (
    ),
     'fieldsValidateLang' => 
    array (
    ),
     'tables' => 
    array (
    ),
     'webserviceParameters' => 
    array (
      'fields' => 
      array (
        'id_lang' => 
        array (
          'xlink_resource' => 'languages',
        ),
        'id_shop' => 
        array (
          'xlink_resource' => 'shops',
        ),
        'id_customer' => 
        array (
          'xlink_resource' => 'customers',
        ),
        'id_order' => 
        array (
          'xlink_resource' => 'orders',
        ),
        'id_product' => 
        array (
          'xlink_resource' => 'products',
        ),
      ),
      'associations' => 
      array (
        'customer_messages' => 
        array (
          'resource' => 'customer_message',
          'id' => 
          array (
            'required' => true,
          ),
        ),
      ),
    ),
     'image_dir' => NULL,
     'image_format' => 'jpg',
     'translator' => NULL,
     'def' => 
    array (
      'table' => 'customer_thread',
      'primary' => 'id_customer_thread',
      'fields' => 
      array (
        'id_lang' => 
        array (
          'type' => 1,
          'validate' => 'isUnsignedId',
          'required' => true,
        ),
        'id_contact' => 
        array (
          'type' => 1,
          'validate' => 'isUnsignedId',
          'required' => true,
        ),
        'id_shop' => 
        array (
          'type' => 1,
          'validate' => 'isUnsignedId',
        ),
        'id_customer' => 
        array (
          'type' => 1,
          'validate' => 'isUnsignedId',
        ),
        'id_order' => 
        array (
          'type' => 1,
          'validate' => 'isUnsignedId',
        ),
        'id_product' => 
        array (
          'type' => 1,
          'validate' => 'isUnsignedId',
        ),
        'email' => 
        array (
          'type' => 3,
          'validate' => 'isEmail',
          'size' => 255,
        ),
        'token' => 
        array (
          'type' => 3,
          'validate' => 'isGenericName',
          'required' => true,
        ),
        'status' => 
        array (
          'type' => 3,
        ),
        'date_add' => 
        array (
          'type' => 5,
          'validate' => 'isDate',
        ),
        'date_upd' => 
        array (
          'type' => 5,
          'validate' => 'isDate',
        ),
      ),
      'classname' => 'CustomerThread',
    ),
     'update_fields' => NULL,
     'force_id' => false,
     'id_contact' => 2,
     'id_customer' => 4,
     'id_order' => 0,
     'id_product' => NULL,
     'status' => 'open',
     'email' => 'jelmerstoker@test.nl',
     'token' => 'pFZ7STnXi8Xs',
     'date_add' => '2023-01-27 08:21:05',
     'date_upd' => '2023-01-27 08:21:05',
  )),
  'cookie' => 
  Cookie::__set_state(array(
     '_content' => 
    array (
      'date_add' => '2023-01-25 11:13:54',
      'id_lang' => '1',
      'id_currency' => 1,
      'psgdpr_remove' => '1',
      'contactFormToken' => '291c020ce99f7bec92031153a6d01435',
      'contactFormTokenTTL' => '1674804305',
      'last_visited_category' => '321',
      'id_customer' => '4',
      'customer_lastname' => 'Stoker',
      'customer_firstname' => 'jelmer',
      'passwd' => '$2y$10$oOR6PVnNcuKrENJBlu3Uo.9qPWb5ptFtcRGjP945RI96IeiUiMHRu',
      'logged' => '1',
      'email' => 'jelmer@ijzershop.nl',
      'is_guest' => '',
      'session_id' => '237',
      'session_token' => '9ffe1637733e704f3a1a11161df0eb3f8f451f83',
      'checksum' => '6ae241f47c2abf94cee9add922ce749e57641cbc4ecf3ea19ebc6743f2a290a4',
    ),
     '_name' => 'PrestaShop-630243735b0579bc0e26d8824ee3d7b7',
     '_expire' => 1676532064,
     '_domain' => 'ijzershop8.local',
     '_sameSite' => 'Strict',
     '_path' => '/',
     'cipherTool' => 
    PhpEncryption::__set_state(array(
    )),
     '_modified' => false,
     '_allow_writing' => true,
     '_salt' => 'RYitkuu1',
     '_standalone' => false,
     '_secure' => false,
     'session' => 
    CustomerSession::__set_state(array(
       'id' => 237,
       'id_lang' => NULL,
       'id_shop' => NULL,
       'id_shop_list' => 
      array (
      ),
       'get_shop_from_context' => true,
       'table' => 'customer_session',
       'identifier' => 'id_customer_session',
       'fieldsRequired' => 
      array (
        0 => 'id_customer',
      ),
       'fieldsSize' => 
      array (
        'token' => 40,
      ),
       'fieldsValidate' => 
      array (
        'id_customer' => 'isUnsignedId',
        'token' => 'isSha1',
        'date_upd' => 'isDate',
        'date_add' => 'isDate',
      ),
       'fieldsRequiredLang' => 
      array (
      ),
       'fieldsSizeLang' => 
      array (
      ),
       'fieldsValidateLang' => 
      array (
      ),
       'tables' => 
      array (
      ),
       'webserviceParameters' => 
      array (
      ),
       'image_dir' => NULL,
       'image_format' => 'jpg',
       'translator' => NULL,
       'def' => 
      array (
        'table' => 'customer_session',
        'primary' => 'id_customer_session',
        'fields' => 
        array (
          'id_customer' => 
          array (
            'type' => 1,
            'validate' => 'isUnsignedId',
            'required' => true,
          ),
          'token' => 
          array (
            'type' => 3,
            'validate' => 'isSha1',
            'size' => 40,
            'copy_post' => false,
          ),
          'date_upd' => 
          array (
            'type' => 5,
            'validate' => 'isDate',
            'copy_post' => false,
          ),
          'date_add' => 
          array (
            'type' => 5,
            'validate' => 'isDate',
            'copy_post' => false,
          ),
        ),
        'classname' => 'CustomerSession',
      ),
       'update_fields' => NULL,
       'force_id' => false,
       'id_customer' => 4,
       'token' => '9ffe1637733e704f3a1a11161df0eb3f8f451f83',
       'date_upd' => '2023-01-27 08:21:05',
       'date_add' => '2023-01-27 08:01:56',
    )),
  )),
  'cart' => 
  Cart::__set_state(array(
     'id' => NULL,
     'id_lang' => 1,
     'id_shop' => 1,
     'id_shop_list' => 
    array (
    ),
     'get_shop_from_context' => true,
     'table' => 'cart',
     'identifier' => 'id_cart',
     'fieldsRequired' => 
    array (
      0 => 'id_currency',
      1 => 'id_lang',
    ),
     'fieldsSize' => 
    array (
      'secure_key' => 32,
    ),
     'fieldsValidate' => 
    array (
      'id_shop_group' => 'isUnsignedId',
      'id_shop' => 'isUnsignedId',
      'id_address_delivery' => 'isUnsignedId',
      'id_address_invoice' => 'isUnsignedId',
      'id_carrier' => 'isUnsignedId',
      'id_currency' => 'isUnsignedId',
      'id_customer' => 'isUnsignedId',
      'id_guest' => 'isUnsignedId',
      'id_lang' => 'isUnsignedId',
      'recyclable' => 'isBool',
      'gift' => 'isBool',
      'gift_message' => 'isMessage',
      'mobile_theme' => 'isBool',
      'allow_seperated_package' => 'isBool',
      'date_add' => 'isDate',
      'date_upd' => 'isDate',
    ),
     'fieldsRequiredLang' => 
    array (
    ),
     'fieldsSizeLang' => 
    array (
    ),
     'fieldsValidateLang' => 
    array (
    ),
     'tables' => 
    array (
    ),
     'webserviceParameters' => 
    array (
      'fields' => 
      array (
        'id_address_delivery' => 
        array (
          'xlink_resource' => 'addresses',
        ),
        'id_address_invoice' => 
        array (
          'xlink_resource' => 'addresses',
        ),
        'id_currency' => 
        array (
          'xlink_resource' => 'currencies',
        ),
        'id_customer' => 
        array (
          'xlink_resource' => 'customers',
        ),
        'id_guest' => 
        array (
          'xlink_resource' => 'guests',
        ),
        'id_lang' => 
        array (
          'xlink_resource' => 'languages',
        ),
      ),
      'associations' => 
      array (
        'cart_rows' => 
        array (
          'resource' => 'cart_row',
          'virtual_entity' => true,
          'fields' => 
          array (
            'id_product' => 
            array (
              'required' => true,
              'xlink_resource' => 'products',
            ),
            'id_product_attribute' => 
            array (
              'required' => true,
              'xlink_resource' => 'combinations',
            ),
            'id_address_delivery' => 
            array (
              'required' => true,
              'xlink_resource' => 'addresses',
            ),
            'id_customization' => 
            array (
              'required' => false,
              'xlink_resource' => 'customizations',
            ),
            'quantity' => 
            array (
              'required' => true,
            ),
          ),
        ),
      ),
    ),
     'image_dir' => NULL,
     'image_format' => 'jpg',
     'translator' => NULL,
     'def' => 
    array (
      'table' => 'cart',
      'primary' => 'id_cart',
      'fields' => 
      array (
        'id_shop_group' => 
        array (
          'type' => 1,
          'validate' => 'isUnsignedId',
        ),
        'id_shop' => 
        array (
          'type' => 1,
          'validate' => 'isUnsignedId',
        ),
        'id_address_delivery' => 
        array (
          'type' => 1,
          'validate' => 'isUnsignedId',
        ),
        'id_address_invoice' => 
        array (
          'type' => 1,
          'validate' => 'isUnsignedId',
        ),
        'id_carrier' => 
        array (
          'type' => 1,
          'validate' => 'isUnsignedId',
        ),
        'id_currency' => 
        array (
          'type' => 1,
          'validate' => 'isUnsignedId',
          'required' => true,
        ),
        'id_customer' => 
        array (
          'type' => 1,
          'validate' => 'isUnsignedId',
        ),
        'id_guest' => 
        array (
          'type' => 1,
          'validate' => 'isUnsignedId',
        ),
        'id_lang' => 
        array (
          'type' => 1,
          'validate' => 'isUnsignedId',
          'required' => true,
        ),
        'recyclable' => 
        array (
          'type' => 2,
          'validate' => 'isBool',
        ),
        'gift' => 
        array (
          'type' => 2,
          'validate' => 'isBool',
        ),
        'gift_message' => 
        array (
          'type' => 3,
          'validate' => 'isMessage',
        ),
        'mobile_theme' => 
        array (
          'type' => 2,
          'validate' => 'isBool',
        ),
        'delivery_option' => 
        array (
          'type' => 3,
        ),
        'secure_key' => 
        array (
          'type' => 3,
          'size' => 32,
        ),
        'allow_seperated_package' => 
        array (
          'type' => 2,
          'validate' => 'isBool',
        ),
        'date_add' => 
        array (
          'type' => 5,
          'validate' => 'isDate',
        ),
        'date_upd' => 
        array (
          'type' => 5,
          'validate' => 'isDate',
        ),
        'added_to_order' => 
        array (
          'type' => 3,
        ),
      ),
      'classname' => 'Cart',
    ),
     'update_fields' => NULL,
     'force_id' => false,
     'id_shop_group' => 1,
     'id_address_delivery' => 553,
     'id_address_invoice' => 553,
     'id_currency' => 1,
     'id_customer' => 4,
     'id_guest' => 0,
     'recyclable' => false,
     'gift' => false,
     'gift_message' => NULL,
     'mobile_theme' => NULL,
     'date_add' => NULL,
     'secure_key' => NULL,
     'id_carrier' => 0,
     'date_upd' => NULL,
     'checkedTos' => false,
     'pictures' => NULL,
     'textFields' => NULL,
     'delivery_option' => NULL,
     'allow_seperated_package' => false,
     '_products' => NULL,
     '_taxCalculationMethod' => 0,
     'configuration' => 
    PrestaShop\PrestaShop\Adapter\Configuration::__set_state(array(
       'parameters' => NULL,
       'shop' => NULL,
    )),
     'addressFactory' => 
    PrestaShop\PrestaShop\Adapter\AddressFactory::__set_state(array(
    )),
     'shouldSplitGiftProductsQuantity' => false,
     'shouldExcludeGiftsDiscount' => false,
     'added_to_order' => NULL,
  )),
  'altern' => 2,
)array (
  'object' => 
  CustomerThread::__set_state(array(
     'id' => '40',
     'id_lang' => 1,
     'id_shop' => 1,
     'id_shop_list' => 
    array (
    ),
     'get_shop_from_context' => true,
     'table' => 'customer_thread',
     'identifier' => 'id_customer_thread',
     'fieldsRequired' => 
    array (
      0 => 'id_lang',
      1 => 'id_contact',
      2 => 'token',
    ),
     'fieldsSize' => 
    array (
      'email' => 255,
    ),
     'fieldsValidate' => 
    array (
      'id_lang' => 'isUnsignedId',
      'id_contact' => 'isUnsignedId',
      'id_shop' => 'isUnsignedId',
      'id_customer' => 'isUnsignedId',
      'id_order' => 'isUnsignedId',
      'id_product' => 'isUnsignedId',
      'email' => 'isEmail',
      'token' => 'isGenericName',
      'date_add' => 'isDate',
      'date_upd' => 'isDate',
    ),
     'fieldsRequiredLang' => 
    array (
    ),
     'fieldsSizeLang' => 
    array (
    ),
     'fieldsValidateLang' => 
    array (
    ),
     'tables' => 
    array (
    ),
     'webserviceParameters' => 
    array (
      'fields' => 
      array (
        'id_lang' => 
        array (
          'xlink_resource' => 'languages',
        ),
        'id_shop' => 
        array (
          'xlink_resource' => 'shops',
        ),
        'id_customer' => 
        array (
          'xlink_resource' => 'customers',
        ),
        'id_order' => 
        array (
          'xlink_resource' => 'orders',
        ),
        'id_product' => 
        array (
          'xlink_resource' => 'products',
        ),
      ),
      'associations' => 
      array (
        'customer_messages' => 
        array (
          'resource' => 'customer_message',
          'id' => 
          array (
            'required' => true,
          ),
        ),
      ),
    ),
     'image_dir' => NULL,
     'image_format' => 'jpg',
     'translator' => NULL,
     'def' => 
    array (
      'table' => 'customer_thread',
      'primary' => 'id_customer_thread',
      'fields' => 
      array (
        'id_lang' => 
        array (
          'type' => 1,
          'validate' => 'isUnsignedId',
          'required' => true,
        ),
        'id_contact' => 
        array (
          'type' => 1,
          'validate' => 'isUnsignedId',
          'required' => true,
        ),
        'id_shop' => 
        array (
          'type' => 1,
          'validate' => 'isUnsignedId',
        ),
        'id_customer' => 
        array (
          'type' => 1,
          'validate' => 'isUnsignedId',
        ),
        'id_order' => 
        array (
          'type' => 1,
          'validate' => 'isUnsignedId',
        ),
        'id_product' => 
        array (
          'type' => 1,
          'validate' => 'isUnsignedId',
        ),
        'email' => 
        array (
          'type' => 3,
          'validate' => 'isEmail',
          'size' => 255,
        ),
        'token' => 
        array (
          'type' => 3,
          'validate' => 'isGenericName',
          'required' => true,
        ),
        'status' => 
        array (
          'type' => 3,
        ),
        'date_add' => 
        array (
          'type' => 5,
          'validate' => 'isDate',
        ),
        'date_upd' => 
        array (
          'type' => 5,
          'validate' => 'isDate',
        ),
      ),
      'classname' => 'CustomerThread',
    ),
     'update_fields' => NULL,
     'force_id' => false,
     'id_contact' => 0,
     'id_customer' => 4,
     'id_order' => 534,
     'id_product' => NULL,
     'status' => 'open',
     'email' => 'jelmer@ijzershop.nl',
     'token' => 'xFHxu1tfL3uG',
     'date_add' => '2023-01-30 12:47:56',
     'date_upd' => '2023-01-30 12:47:56',
  )),
  'cookie' => 
  Cookie::__set_state(array(
     '_content' => 
    array (
      'date_add' => '2023-01-25 11:13:54',
      'id_lang' => '1',
      'id_currency' => 1,
      'psgdpr_remove' => '1',
      'contactFormToken' => '2cb590f2aa604e26bb78497f54322e08',
      'contactFormTokenTTL' => '1674810686',
      'last_visited_category' => '273',
      'session_id' => '239',
      'session_token' => '0b55ed5d8ca89dae86b549260ce26c9cf3997e70',
      'id_customer' => '4',
      'customer_lastname' => 'Stoker',
      'customer_firstname' => 'jelmer',
      'passwd' => '$2y$10$oOR6PVnNcuKrENJBlu3Uo.9qPWb5ptFtcRGjP945RI96IeiUiMHRu',
      'logged' => '1',
      'email' => 'jelmer@ijzershop.nl',
      'is_guest' => '',
      'isSameInvoiceAddress' => '1',
      'supercheckout_temp_address_delivery' => '',
      'supercheckout_accepted_consent' => '[]',
      'supercheckout_default_policy' => 'Ik ga akkoord met de servicevoorwaarden en zal me er onvoorwaardelijk aan houden. ',
      'supercheckout_temp_address_invoice' => '',
      'selected_customer_secure_key' => 'dfa60599a75dabe329b3f5b034ec8be6',
      'selected_customer_customer_firstname' => 'jelmer',
      'selected_customer_customer_lastname' => 'Stoker',
      'selected_customer_id_customer' => '4',
      'selected_customer_email' => 'jelmer@ijzershop.nl',
      'on_credit_reference' => 'wdwdd',
      'on_credit_buyer' => 'dwdwdwdwdwd',
      'supercheckout_temp_address_shipping' => '699',
      'supercheckout_perm_address_shipping' => '699',
      'supercheckout_perm_address_delivery' => '699',
      'supercheckout_perm_address_invoice' => '700',
      'id_cart' => '14445',
      'address_selector' => 'existing',
      'checksum' => 'c4b7cb42df23135c627ae3e2640bf94a03d6ca20af5385e39f670ea385a96e97',
    ),
     '_name' => 'PrestaShop-630243735b0579bc0e26d8824ee3d7b7',
     '_expire' => 1676807263,
     '_domain' => 'ijzershop8.local',
     '_sameSite' => 'Strict',
     '_path' => '/',
     'cipherTool' => 
    PhpEncryption::__set_state(array(
    )),
     '_modified' => false,
     '_allow_writing' => true,
     '_salt' => 'RYitkuu1',
     '_standalone' => false,
     '_secure' => false,
     'session' => 
    CustomerSession::__set_state(array(
       'id' => 239,
       'id_lang' => NULL,
       'id_shop' => NULL,
       'id_shop_list' => 
      array (
      ),
       'get_shop_from_context' => true,
       'table' => 'customer_session',
       'identifier' => 'id_customer_session',
       'fieldsRequired' => 
      array (
        0 => 'id_customer',
      ),
       'fieldsSize' => 
      array (
        'token' => 40,
      ),
       'fieldsValidate' => 
      array (
        'id_customer' => 'isUnsignedId',
        'token' => 'isSha1',
        'date_upd' => 'isDate',
        'date_add' => 'isDate',
      ),
       'fieldsRequiredLang' => 
      array (
      ),
       'fieldsSizeLang' => 
      array (
      ),
       'fieldsValidateLang' => 
      array (
      ),
       'tables' => 
      array (
      ),
       'webserviceParameters' => 
      array (
      ),
       'image_dir' => NULL,
       'image_format' => 'jpg',
       'translator' => NULL,
       'def' => 
      array (
        'table' => 'customer_session',
        'primary' => 'id_customer_session',
        'fields' => 
        array (
          'id_customer' => 
          array (
            'type' => 1,
            'validate' => 'isUnsignedId',
            'required' => true,
          ),
          'token' => 
          array (
            'type' => 3,
            'validate' => 'isSha1',
            'size' => 40,
            'copy_post' => false,
          ),
          'date_upd' => 
          array (
            'type' => 5,
            'validate' => 'isDate',
            'copy_post' => false,
          ),
          'date_add' => 
          array (
            'type' => 5,
            'validate' => 'isDate',
            'copy_post' => false,
          ),
        ),
        'classname' => 'CustomerSession',
      ),
       'update_fields' => NULL,
       'force_id' => false,
       'id_customer' => 4,
       'token' => '0b55ed5d8ca89dae86b549260ce26c9cf3997e70',
       'date_upd' => '2023-01-30 12:47:43',
       'date_add' => '2023-01-27 10:31:30',
    )),
  )),
  'cart' => 
  Cart::__set_state(array(
     'id' => 14445,
     'id_lang' => 1,
     'id_shop' => 1,
     'id_shop_list' => 
    array (
    ),
     'get_shop_from_context' => true,
     'table' => 'cart',
     'identifier' => 'id_cart',
     'fieldsRequired' => 
    array (
      0 => 'id_currency',
      1 => 'id_lang',
    ),
     'fieldsSize' => 
    array (
      'secure_key' => 32,
    ),
     'fieldsValidate' => 
    array (
      'id_shop_group' => 'isUnsignedId',
      'id_shop' => 'isUnsignedId',
      'id_address_delivery' => 'isUnsignedId',
      'id_address_invoice' => 'isUnsignedId',
      'id_carrier' => 'isUnsignedId',
      'id_currency' => 'isUnsignedId',
      'id_customer' => 'isUnsignedId',
      'id_guest' => 'isUnsignedId',
      'id_lang' => 'isUnsignedId',
      'recyclable' => 'isBool',
      'gift' => 'isBool',
      'gift_message' => 'isMessage',
      'mobile_theme' => 'isBool',
      'allow_seperated_package' => 'isBool',
      'date_add' => 'isDate',
      'date_upd' => 'isDate',
    ),
     'fieldsRequiredLang' => 
    array (
    ),
     'fieldsSizeLang' => 
    array (
    ),
     'fieldsValidateLang' => 
    array (
    ),
     'tables' => 
    array (
    ),
     'webserviceParameters' => 
    array (
      'fields' => 
      array (
        'id_address_delivery' => 
        array (
          'xlink_resource' => 'addresses',
        ),
        'id_address_invoice' => 
        array (
          'xlink_resource' => 'addresses',
        ),
        'id_currency' => 
        array (
          'xlink_resource' => 'currencies',
        ),
        'id_customer' => 
        array (
          'xlink_resource' => 'customers',
        ),
        'id_guest' => 
        array (
          'xlink_resource' => 'guests',
        ),
        'id_lang' => 
        array (
          'xlink_resource' => 'languages',
        ),
      ),
      'associations' => 
      array (
        'cart_rows' => 
        array (
          'resource' => 'cart_row',
          'virtual_entity' => true,
          'fields' => 
          array (
            'id_product' => 
            array (
              'required' => true,
              'xlink_resource' => 'products',
            ),
            'id_product_attribute' => 
            array (
              'required' => true,
              'xlink_resource' => 'combinations',
            ),
            'id_address_delivery' => 
            array (
              'required' => true,
              'xlink_resource' => 'addresses',
            ),
            'id_customization' => 
            array (
              'required' => false,
              'xlink_resource' => 'customizations',
            ),
            'quantity' => 
            array (
              'required' => true,
            ),
          ),
        ),
      ),
    ),
     'image_dir' => NULL,
     'image_format' => 'jpg',
     'translator' => NULL,
     'def' => 
    array (
      'table' => 'cart',
      'primary' => 'id_cart',
      'fields' => 
      array (
        'id_shop_group' => 
        array (
          'type' => 1,
          'validate' => 'isUnsignedId',
        ),
        'id_shop' => 
        array (
          'type' => 1,
          'validate' => 'isUnsignedId',
        ),
        'id_address_delivery' => 
        array (
          'type' => 1,
          'validate' => 'isUnsignedId',
        ),
        'id_address_invoice' => 
        array (
          'type' => 1,
          'validate' => 'isUnsignedId',
        ),
        'id_carrier' => 
        array (
          'type' => 1,
          'validate' => 'isUnsignedId',
        ),
        'id_currency' => 
        array (
          'type' => 1,
          'validate' => 'isUnsignedId',
          'required' => true,
        ),
        'id_customer' => 
        array (
          'type' => 1,
          'validate' => 'isUnsignedId',
        ),
        'id_guest' => 
        array (
          'type' => 1,
          'validate' => 'isUnsignedId',
        ),
        'id_lang' => 
        array (
          'type' => 1,
          'validate' => 'isUnsignedId',
          'required' => true,
        ),
        'recyclable' => 
        array (
          'type' => 2,
          'validate' => 'isBool',
        ),
        'gift' => 
        array (
          'type' => 2,
          'validate' => 'isBool',
        ),
        'gift_message' => 
        array (
          'type' => 3,
          'validate' => 'isMessage',
        ),
        'mobile_theme' => 
        array (
          'type' => 2,
          'validate' => 'isBool',
        ),
        'delivery_option' => 
        array (
          'type' => 3,
        ),
        'secure_key' => 
        array (
          'type' => 3,
          'size' => 32,
        ),
        'allow_seperated_package' => 
        array (
          'type' => 2,
          'validate' => 'isBool',
        ),
        'date_add' => 
        array (
          'type' => 5,
          'validate' => 'isDate',
        ),
        'date_upd' => 
        array (
          'type' => 5,
          'validate' => 'isDate',
        ),
        'added_to_order' => 
        array (
          'type' => 3,
        ),
      ),
      'classname' => 'Cart',
    ),
     'update_fields' => NULL,
     'force_id' => false,
     'id_shop_group' => 1,
     'id_address_delivery' => 699,
     'id_address_invoice' => 700,
     'id_currency' => 1,
     'id_customer' => 4,
     'id_guest' => 0,
     'recyclable' => 0,
     'gift' => 0,
     'gift_message' => '',
     'mobile_theme' => 0,
     'date_add' => '2023-01-30 12:43:23',
     'secure_key' => 'dfa60599a75dabe329b3f5b034ec8be6',
     'id_carrier' => 7,
     'date_upd' => '2023-01-30 12:47:43',
     'checkedTos' => false,
     'pictures' => NULL,
     'textFields' => NULL,
     'delivery_option' => '{"698":"7,"}',
     'allow_seperated_package' => 0,
     '_products' => 
    array (
      0 => 
      array (
        'id_product_attribute' => 3789,
        'id_product' => 963,
        'cart_quantity' => 1,
        'id_shop' => 1,
        'id_customization' => 21045,
        'name' => 'corten staal 500 x 1000 x 1mm',
        'is_virtual' => 0,
        'description_short' => '<p>(breedte x lengte x dikte)</p>',
        'available_now' => '',
        'available_later' => '',
        'id_category_default' => 273,
        'id_supplier' => 0,
        'id_manufacturer' => 0,
        'manufacturer_name' => NULL,
        'on_sale' => 0,
        'ecotax' => '0.000000',
        'additional_shipping_cost' => '0.000000',
        'available_for_order' => 1,
        'show_price' => 1,
        'price' => 24.5,
        'active' => 1,
        'unity' => '',
        'unit_price' => 0.0,
        'quantity_available' => 9998,
        'width' => '0.000000',
        'height' => '0.000000',
        'depth' => '0.000000',
        'out_of_stock' => 2,
        'weight' => 4.0,
        'available_date' => '0000-00-00',
        'date_add' => '2020-06-12 14:19:41',
        'date_upd' => '2022-04-01 10:02:45',
        'quantity' => 1,
        'link_rewrite' => 'corten-staal-500-x-1000-x-1mm',
        'category' => 'cortenstaal',
        'unique_id' => '0000000963000000378969921045',
        'id_address_delivery' => 699,
        'advanced_stock_management' => 0,
        'supplier_reference' => NULL,
        'customization_quantity' => 1,
        'price_attribute' => '0.000000',
        'ecotax_attr' => '0.000000',
        'reference' => 'S',
        'weight_attribute' => 4.0,
        'ean13' => '',
        'isbn' => '',
        'upc' => '',
        'mpn' => NULL,
        'minimal_quantity' => 1,
        'wholesale_price' => '9.800000',
        'id_image' => '963-992',
        'legend' => 'cortenstaal 500 x 1000 x 2mm',
        'reduction_type' => 0,
        'is_gift' => false,
        'reduction' => 0.0,
        'reduction_without_tax' => 0.0,
        'price_without_reduction' => 29.645,
        'specific_prices' => false,
        'unit_price_ratio' => 0.0,
        'unit_price_tax_excluded' => 0.0,
        'unit_price_tax_included' => 0.0,
        'stock_quantity' => 9998,
        'price_without_reduction_without_tax' => 24.5,
        'price_with_reduction' => 29.645,
        'price_with_reduction_without_tax' => 24.5,
        'total' => 24.5,
        'total_wt' => 29.65,
        'price_wt' => 29.645,
        'reduction_applies' => false,
        'quantity_discount_applies' => false,
        'allow_oosp' => 1,
        'features' => 
        array (
          0 => 
          array (
            'id_feature' => 1,
            'id_product' => 963,
            'id_feature_value' => 8,
          ),
          1 => 
          array (
            'id_feature' => 2,
            'id_product' => 963,
            'id_feature_value' => 10,
          ),
          2 => 
          array (
            'id_feature' => 24,
            'id_product' => 963,
            'id_feature_value' => 12016,
          ),
          3 => 
          array (
            'id_feature' => 25,
            'id_product' => 963,
            'id_feature_value' => 12017,
          ),
          4 => 
          array (
            'id_feature' => 26,
            'id_product' => 963,
            'id_feature_value' => 12018,
          ),
          5 => 
          array (
            'id_feature' => 27,
            'id_product' => 963,
            'id_feature_value' => 12019,
          ),
          6 => 
          array (
            'id_feature' => 28,
            'id_product' => 963,
            'id_feature_value' => 5015,
          ),
          7 => 
          array (
            'id_feature' => 29,
            'id_product' => 963,
            'id_feature_value' => 12034,
          ),
          8 => 
          array (
            'id_feature' => 30,
            'id_product' => 963,
            'id_feature_value' => 12021,
          ),
          9 => 
          array (
            'id_feature' => 31,
            'id_product' => 963,
            'id_feature_value' => 3403,
          ),
          10 => 
          array (
            'id_feature' => 33,
            'id_product' => 963,
            'id_feature_value' => 1317,
          ),
          11 => 
          array (
            'id_feature' => 34,
            'id_product' => 963,
            'id_feature_value' => 1318,
          ),
          12 => 
          array (
            'id_feature' => 45,
            'id_product' => 963,
            'id_feature_value' => 5873,
          ),
          13 => 
          array (
            'id_feature' => 46,
            'id_product' => 963,
            'id_feature_value' => 7255,
          ),
        ),
        'attributes' => 'Knippen: A',
        'attributes_small' => 'A',
        'rate' => 21.0,
        'tax_name' => 'BTW NL 21%',
      ),
      1 => 
      array (
        'id_product_attribute' => 3781,
        'id_product' => 1040,
        'cart_quantity' => 1,
        'id_shop' => 1,
        'id_customization' => NULL,
        'name' => 'stalen koker 15 x 15 x 2mm',
        'is_virtual' => 0,
        'description_short' => '<p>gebeitst (lichte kleur), (hoogte x breedte x wanddikte), lengte 2 meter</p>',
        'available_now' => '',
        'available_later' => '',
        'id_category_default' => 321,
        'id_supplier' => 3,
        'id_manufacturer' => 0,
        'manufacturer_name' => NULL,
        'on_sale' => 0,
        'ecotax' => '0.000000',
        'additional_shipping_cost' => '0.000000',
        'available_for_order' => 1,
        'show_price' => 1,
        'price' => 7.4,
        'active' => 1,
        'unity' => '',
        'unit_price' => 0.0,
        'quantity_available' => 9934,
        'width' => '0.000000',
        'height' => '0.000000',
        'depth' => '0.000000',
        'out_of_stock' => 2,
        'weight' => 1.6,
        'available_date' => NULL,
        'date_add' => '2020-06-12 14:19:47',
        'date_upd' => '2022-04-05 16:47:30',
        'quantity' => 1,
        'link_rewrite' => 'stalen-koker-15-x-15-x-2mm',
        'category' => 'koker-vierkant',
        'unique_id' => '000000104000000037816990',
        'id_address_delivery' => 699,
        'advanced_stock_management' => 0,
        'supplier_reference' => '',
        'customization_quantity' => NULL,
        'price_attribute' => '0.000000',
        'ecotax_attr' => '0.000000',
        'reference' => 'L1',
        'weight_attribute' => 1.6,
        'ean13' => '',
        'isbn' => '',
        'upc' => '',
        'mpn' => '',
        'minimal_quantity' => 1,
        'wholesale_price' => '2.960000',
        'id_image' => '1040-2028',
        'legend' => 'stalen koker 15 x 15 x 2mm',
        'reduction_type' => 0,
        'is_gift' => false,
        'reduction' => 0.0,
        'reduction_without_tax' => 0.0,
        'price_without_reduction' => 8.954,
        'specific_prices' => false,
        'unit_price_ratio' => 0.0,
        'unit_price_tax_excluded' => 0.0,
        'unit_price_tax_included' => 0.0,
        'stock_quantity' => 9934,
        'price_without_reduction_without_tax' => 7.4,
        'price_with_reduction' => 8.954,
        'price_with_reduction_without_tax' => 7.4,
        'total' => 7.4,
        'total_wt' => 8.95,
        'price_wt' => 8.954,
        'reduction_applies' => false,
        'quantity_discount_applies' => false,
        'allow_oosp' => 1,
        'features' => 
        array (
          0 => 
          array (
            'id_feature' => 4,
            'id_product' => 1040,
            'id_feature_value' => 13,
          ),
          1 => 
          array (
            'id_feature' => 9,
            'id_product' => 1040,
            'id_feature_value' => 126,
          ),
          2 => 
          array (
            'id_feature' => 10,
            'id_product' => 1040,
            'id_feature_value' => 33,
          ),
          3 => 
          array (
            'id_feature' => 17,
            'id_product' => 1040,
            'id_feature_value' => 306,
          ),
          4 => 
          array (
            'id_feature' => 18,
            'id_product' => 1040,
            'id_feature_value' => 309,
          ),
          5 => 
          array (
            'id_feature' => 19,
            'id_product' => 1040,
            'id_feature_value' => 102,
          ),
          6 => 
          array (
            'id_feature' => 23,
            'id_product' => 1040,
            'id_feature_value' => 86,
          ),
          7 => 
          array (
            'id_feature' => 24,
            'id_product' => 1040,
            'id_feature_value' => 82,
          ),
          8 => 
          array (
            'id_feature' => 25,
            'id_product' => 1040,
            'id_feature_value' => 12996,
          ),
          9 => 
          array (
            'id_feature' => 26,
            'id_product' => 1040,
            'id_feature_value' => 87,
          ),
          10 => 
          array (
            'id_feature' => 27,
            'id_product' => 1040,
            'id_feature_value' => 80,
          ),
          11 => 
          array (
            'id_feature' => 28,
            'id_product' => 1040,
            'id_feature_value' => 12997,
          ),
          12 => 
          array (
            'id_feature' => 29,
            'id_product' => 1040,
            'id_feature_value' => 83,
          ),
          13 => 
          array (
            'id_feature' => 30,
            'id_product' => 1040,
            'id_feature_value' => 12998,
          ),
          14 => 
          array (
            'id_feature' => 32,
            'id_product' => 1040,
            'id_feature_value' => 1316,
          ),
          15 => 
          array (
            'id_feature' => 36,
            'id_product' => 1040,
            'id_feature_value' => 12808,
          ),
          16 => 
          array (
            'id_feature' => 36,
            'id_product' => 1040,
            'id_feature_value' => 12814,
          ),
          17 => 
          array (
            'id_feature' => 38,
            'id_product' => 1040,
            'id_feature_value' => 6567,
          ),
          18 => 
          array (
            'id_feature' => 39,
            'id_product' => 1040,
            'id_feature_value' => 12999,
          ),
          19 => 
          array (
            'id_feature' => 45,
            'id_product' => 1040,
            'id_feature_value' => 5851,
          ),
          20 => 
          array (
            'id_feature' => 46,
            'id_product' => 1040,
            'id_feature_value' => 12803,
          ),
          21 => 
          array (
            'id_feature' => 46,
            'id_product' => 1040,
            'id_feature_value' => 12809,
          ),
        ),
        'attributes' => 'Zagen: A',
        'attributes_small' => 'A',
        'rate' => 21.0,
        'tax_name' => 'BTW NL 21%',
      ),
      2 => 
      array (
        'id_product_attribute' => 0,
        'id_product' => 3326,
        'cart_quantity' => 1,
        'id_shop' => 1,
        'id_customization' => NULL,
        'name' => 'wqdqwdq',
        'is_virtual' => 0,
        'description_short' => '<p>1</p>',
        'available_now' => '',
        'available_later' => '',
        'id_category_default' => 382,
        'id_supplier' => 0,
        'id_manufacturer' => 0,
        'manufacturer_name' => NULL,
        'on_sale' => 0,
        'ecotax' => '0.000000',
        'additional_shipping_cost' => '0.000000',
        'available_for_order' => 1,
        'show_price' => 1,
        'price' => 0.15,
        'active' => 1,
        'unity' => NULL,
        'unit_price' => 0.0,
        'quantity_available' => 10,
        'width' => '0.000000',
        'height' => '0.000000',
        'depth' => '0.000000',
        'out_of_stock' => 2,
        'weight' => 0.0,
        'available_date' => '0000-00-00',
        'date_add' => '2023-01-30 12:00:57',
        'date_upd' => '2023-01-30 12:00:57',
        'quantity' => 1,
        'link_rewrite' => '63d7a36981797',
        'category' => 'offers',
        'unique_id' => '000000332600000000006990',
        'id_address_delivery' => 699,
        'advanced_stock_management' => 0,
        'supplier_reference' => NULL,
        'customization_quantity' => NULL,
        'price_attribute' => NULL,
        'ecotax_attr' => NULL,
        'reference' => 'CP',
        'weight_attribute' => NULL,
        'ean13' => NULL,
        'isbn' => NULL,
        'upc' => NULL,
        'mpn' => NULL,
        'minimal_quantity' => 1,
        'wholesale_price' => '0.000000',
        'id_image' => '3326-2747',
        'legend' => '',
        'reduction_type' => 0,
        'is_gift' => false,
        'reduction' => 0.0,
        'reduction_without_tax' => 0.0,
        'price_without_reduction' => 0.1815,
        'specific_prices' => 
        array (
        ),
        'unit_price_ratio' => 0.0,
        'unit_price_tax_excluded' => 0.0,
        'unit_price_tax_included' => 0.0,
        'stock_quantity' => 10,
        'price_without_reduction_without_tax' => 0.15,
        'price_with_reduction' => 0.1815,
        'price_with_reduction_without_tax' => 0.15,
        'total' => 0.15,
        'total_wt' => 0.18,
        'price_wt' => 0.1815,
        'reduction_applies' => false,
        'quantity_discount_applies' => false,
        'allow_oosp' => 1,
        'features' => 
        array (
        ),
        'attributes' => '',
        'attributes_small' => '',
        'rate' => 21.0,
        'tax_name' => 'BTW NL 21%',
      ),
      3 => 
      array (
        'id_product_attribute' => 0,
        'id_product' => 3327,
        'cart_quantity' => 2,
        'id_shop' => 1,
        'id_customization' => NULL,
        'name' => 'qwdwqd',
        'is_virtual' => 0,
        'description_short' => '<p>2</p>',
        'available_now' => '',
        'available_later' => '',
        'id_category_default' => 382,
        'id_supplier' => 0,
        'id_manufacturer' => 0,
        'manufacturer_name' => NULL,
        'on_sale' => 0,
        'ecotax' => '0.000000',
        'additional_shipping_cost' => '0.000000',
        'available_for_order' => 1,
        'show_price' => 1,
        'price' => 0.15,
        'active' => 1,
        'unity' => NULL,
        'unit_price' => 0.0,
        'quantity_available' => 10,
        'width' => '0.000000',
        'height' => '0.000000',
        'depth' => '0.000000',
        'out_of_stock' => 2,
        'weight' => 0.0,
        'available_date' => '0000-00-00',
        'date_add' => '2023-01-30 12:08:51',
        'date_upd' => '2023-01-30 12:08:51',
        'quantity' => 2,
        'link_rewrite' => '63d7a543139bd',
        'category' => 'offers',
        'unique_id' => '000000332700000000006990',
        'id_address_delivery' => 699,
        'advanced_stock_management' => 0,
        'supplier_reference' => NULL,
        'customization_quantity' => NULL,
        'price_attribute' => NULL,
        'ecotax_attr' => NULL,
        'reference' => 'CP',
        'weight_attribute' => NULL,
        'ean13' => NULL,
        'isbn' => NULL,
        'upc' => NULL,
        'mpn' => NULL,
        'minimal_quantity' => 1,
        'wholesale_price' => '0.000000',
        'id_image' => '3327-2748',
        'legend' => '',
        'reduction_type' => 0,
        'is_gift' => false,
        'reduction' => 0.0,
        'reduction_without_tax' => 0.0,
        'price_without_reduction' => 0.1815,
        'specific_prices' => 
        array (
        ),
        'unit_price_ratio' => 0.0,
        'unit_price_tax_excluded' => 0.0,
        'unit_price_tax_included' => 0.0,
        'stock_quantity' => 10,
        'price_without_reduction_without_tax' => 0.15,
        'price_with_reduction' => 0.1815,
        'price_with_reduction_without_tax' => 0.15,
        'total' => 0.3,
        'total_wt' => 0.36,
        'price_wt' => 0.1815,
        'reduction_applies' => false,
        'quantity_discount_applies' => false,
        'allow_oosp' => 1,
        'features' => 
        array (
        ),
        'attributes' => '',
        'attributes_small' => '',
        'rate' => 21.0,
        'tax_name' => 'BTW NL 21%',
      ),
      4 => 
      array (
        'id_product_attribute' => 0,
        'id_product' => 3328,
        'cart_quantity' => 2,
        'id_shop' => 1,
        'id_customization' => NULL,
        'name' => 'qwdwqd',
        'is_virtual' => 0,
        'description_short' => '<p>2</p>',
        'available_now' => '',
        'available_later' => '',
        'id_category_default' => 382,
        'id_supplier' => 0,
        'id_manufacturer' => 0,
        'manufacturer_name' => NULL,
        'on_sale' => 0,
        'ecotax' => '0.000000',
        'additional_shipping_cost' => '0.000000',
        'available_for_order' => 1,
        'show_price' => 1,
        'price' => 0.15,
        'active' => 1,
        'unity' => NULL,
        'unit_price' => 0.0,
        'quantity_available' => 10,
        'width' => '0.000000',
        'height' => '0.000000',
        'depth' => '0.000000',
        'out_of_stock' => 2,
        'weight' => 0.0,
        'available_date' => '0000-00-00',
        'date_add' => '2023-01-30 12:09:10',
        'date_upd' => '2023-01-30 12:09:10',
        'quantity' => 2,
        'link_rewrite' => '63d7a556e14c6',
        'category' => 'offers',
        'unique_id' => '000000332800000000006990',
        'id_address_delivery' => 699,
        'advanced_stock_management' => 0,
        'supplier_reference' => NULL,
        'customization_quantity' => NULL,
        'price_attribute' => NULL,
        'ecotax_attr' => NULL,
        'reference' => 'CP',
        'weight_attribute' => NULL,
        'ean13' => NULL,
        'isbn' => NULL,
        'upc' => NULL,
        'mpn' => NULL,
        'minimal_quantity' => 1,
        'wholesale_price' => '0.000000',
        'id_image' => '3328-2749',
        'legend' => '',
        'reduction_type' => 0,
        'is_gift' => false,
        'reduction' => 0.0,
        'reduction_without_tax' => 0.0,
        'price_without_reduction' => 0.1815,
        'specific_prices' => 
        array (
        ),
        'unit_price_ratio' => 0.0,
        'unit_price_tax_excluded' => 0.0,
        'unit_price_tax_included' => 0.0,
        'stock_quantity' => 10,
        'price_without_reduction_without_tax' => 0.15,
        'price_with_reduction' => 0.1815,
        'price_with_reduction_without_tax' => 0.15,
        'total' => 0.3,
        'total_wt' => 0.36,
        'price_wt' => 0.1815,
        'reduction_applies' => false,
        'quantity_discount_applies' => false,
        'allow_oosp' => 1,
        'features' => 
        array (
        ),
        'attributes' => '',
        'attributes_small' => '',
        'rate' => 21.0,
        'tax_name' => 'BTW NL 21%',
      ),
      5 => 
      array (
        'id_product_attribute' => 0,
        'id_product' => 3329,
        'cart_quantity' => 22,
        'id_shop' => 1,
        'id_customization' => NULL,
        'name' => 'test',
        'is_virtual' => 0,
        'description_short' => '',
        'available_now' => '',
        'available_later' => '',
        'id_category_default' => 382,
        'id_supplier' => 0,
        'id_manufacturer' => 0,
        'manufacturer_name' => NULL,
        'on_sale' => 0,
        'ecotax' => '0.000000',
        'additional_shipping_cost' => '0.000000',
        'available_for_order' => 1,
        'show_price' => 1,
        'price' => 0.1,
        'active' => 1,
        'unity' => NULL,
        'unit_price' => 0.0,
        'quantity_available' => 10,
        'width' => '0.000000',
        'height' => '0.000000',
        'depth' => '0.000000',
        'out_of_stock' => 2,
        'weight' => 0.0,
        'available_date' => '0000-00-00',
        'date_add' => '2023-01-30 12:18:49',
        'date_upd' => '2023-01-30 12:18:49',
        'quantity' => 22,
        'link_rewrite' => '63d7a7993132a',
        'category' => 'offers',
        'unique_id' => '000000332900000000006990',
        'id_address_delivery' => 699,
        'advanced_stock_management' => 0,
        'supplier_reference' => NULL,
        'customization_quantity' => NULL,
        'price_attribute' => NULL,
        'ecotax_attr' => NULL,
        'reference' => 'CP',
        'weight_attribute' => NULL,
        'ean13' => NULL,
        'isbn' => NULL,
        'upc' => NULL,
        'mpn' => NULL,
        'minimal_quantity' => 1,
        'wholesale_price' => '0.000000',
        'id_image' => '3329-2750',
        'legend' => '',
        'reduction_type' => 0,
        'is_gift' => false,
        'reduction' => 0.0,
        'reduction_without_tax' => 0.0,
        'price_without_reduction' => 0.121,
        'specific_prices' => 
        array (
        ),
        'unit_price_ratio' => 0.0,
        'unit_price_tax_excluded' => 0.0,
        'unit_price_tax_included' => 0.0,
        'stock_quantity' => 10,
        'price_without_reduction_without_tax' => 0.1,
        'price_with_reduction' => 0.121,
        'price_with_reduction_without_tax' => 0.1,
        'total' => 2.2,
        'total_wt' => 2.66,
        'price_wt' => 0.121,
        'reduction_applies' => false,
        'quantity_discount_applies' => false,
        'allow_oosp' => 1,
        'features' => 
        array (
        ),
        'attributes' => '',
        'attributes_small' => '',
        'rate' => 21.0,
        'tax_name' => 'BTW NL 21%',
      ),
    ),
     '_taxCalculationMethod' => 0,
     'configuration' => 
    PrestaShop\PrestaShop\Adapter\Configuration::__set_state(array(
       'parameters' => NULL,
       'shop' => NULL,
    )),
     'addressFactory' => 
    PrestaShop\PrestaShop\Adapter\AddressFactory::__set_state(array(
    )),
     'shouldSplitGiftProductsQuantity' => false,
     'shouldExcludeGiftsDiscount' => false,
     'added_to_order' => '',
  )),
  'altern' => 2,
)array (
  'object' => 
  CustomerThread::__set_state(array(
     'id' => '41',
     'id_lang' => 1,
     'id_shop' => 1,
     'id_shop_list' => 
    array (
    ),
     'get_shop_from_context' => true,
     'table' => 'customer_thread',
     'identifier' => 'id_customer_thread',
     'fieldsRequired' => 
    array (
      0 => 'id_lang',
      1 => 'id_contact',
      2 => 'token',
    ),
     'fieldsSize' => 
    array (
      'email' => 255,
    ),
     'fieldsValidate' => 
    array (
      'id_lang' => 'isUnsignedId',
      'id_contact' => 'isUnsignedId',
      'id_shop' => 'isUnsignedId',
      'id_customer' => 'isUnsignedId',
      'id_order' => 'isUnsignedId',
      'id_product' => 'isUnsignedId',
      'email' => 'isEmail',
      'token' => 'isGenericName',
      'date_add' => 'isDate',
      'date_upd' => 'isDate',
    ),
     'fieldsRequiredLang' => 
    array (
    ),
     'fieldsSizeLang' => 
    array (
    ),
     'fieldsValidateLang' => 
    array (
    ),
     'tables' => 
    array (
    ),
     'webserviceParameters' => 
    array (
      'fields' => 
      array (
        'id_lang' => 
        array (
          'xlink_resource' => 'languages',
        ),
        'id_shop' => 
        array (
          'xlink_resource' => 'shops',
        ),
        'id_customer' => 
        array (
          'xlink_resource' => 'customers',
        ),
        'id_order' => 
        array (
          'xlink_resource' => 'orders',
        ),
        'id_product' => 
        array (
          'xlink_resource' => 'products',
        ),
      ),
      'associations' => 
      array (
        'customer_messages' => 
        array (
          'resource' => 'customer_message',
          'id' => 
          array (
            'required' => true,
          ),
        ),
      ),
    ),
     'image_dir' => NULL,
     'image_format' => 'jpg',
     'translator' => NULL,
     'def' => 
    array (
      'table' => 'customer_thread',
      'primary' => 'id_customer_thread',
      'fields' => 
      array (
        'id_lang' => 
        array (
          'type' => 1,
          'validate' => 'isUnsignedId',
          'required' => true,
        ),
        'id_contact' => 
        array (
          'type' => 1,
          'validate' => 'isUnsignedId',
          'required' => true,
        ),
        'id_shop' => 
        array (
          'type' => 1,
          'validate' => 'isUnsignedId',
        ),
        'id_customer' => 
        array (
          'type' => 1,
          'validate' => 'isUnsignedId',
        ),
        'id_order' => 
        array (
          'type' => 1,
          'validate' => 'isUnsignedId',
        ),
        'id_product' => 
        array (
          'type' => 1,
          'validate' => 'isUnsignedId',
        ),
        'email' => 
        array (
          'type' => 3,
          'validate' => 'isEmail',
          'size' => 255,
        ),
        'token' => 
        array (
          'type' => 3,
          'validate' => 'isGenericName',
          'required' => true,
        ),
        'status' => 
        array (
          'type' => 3,
        ),
        'date_add' => 
        array (
          'type' => 5,
          'validate' => 'isDate',
        ),
        'date_upd' => 
        array (
          'type' => 5,
          'validate' => 'isDate',
        ),
      ),
      'classname' => 'CustomerThread',
    ),
     'update_fields' => NULL,
     'force_id' => false,
     'id_contact' => 0,
     'id_customer' => 4,
     'id_order' => 535,
     'id_product' => NULL,
     'status' => 'open',
     'email' => 'jelmer@ijzershop.nl',
     'token' => 'DW5pNA8xVjnY',
     'date_add' => '2023-02-01 08:12:21',
     'date_upd' => '2023-02-01 08:12:21',
  )),
  'cookie' => 
  Cookie::__set_state(array(
     '_content' => 
    array (
      'date_add' => '2023-01-25 11:13:54',
      'id_lang' => '1',
      'id_currency' => 1,
      'psgdpr_remove' => '1',
      'contactFormToken' => '2cb590f2aa604e26bb78497f54322e08',
      'contactFormTokenTTL' => '1674810686',
      'last_visited_category' => '318',
      'session_id' => '239',
      'session_token' => '0b55ed5d8ca89dae86b549260ce26c9cf3997e70',
      'id_customer' => '4',
      'customer_lastname' => 'Stoker',
      'customer_firstname' => 'jelmer',
      'passwd' => '$2y$10$oOR6PVnNcuKrENJBlu3Uo.9qPWb5ptFtcRGjP945RI96IeiUiMHRu',
      'logged' => '1',
      'email' => 'jelmer@ijzershop.nl',
      'is_guest' => '',
      'isSameInvoiceAddress' => '1',
      'supercheckout_temp_address_delivery' => '',
      'supercheckout_accepted_consent' => '[]',
      'supercheckout_default_policy' => 'Ik ga akkoord met de servicevoorwaarden en zal me er onvoorwaardelijk aan houden. ',
      'supercheckout_temp_address_invoice' => '',
      'selected_customer_secure_key' => 'dfa60599a75dabe329b3f5b034ec8be6',
      'selected_customer_customer_firstname' => 'jelmer',
      'selected_customer_customer_lastname' => 'Stoker',
      'selected_customer_id_customer' => '4',
      'selected_customer_email' => 'jelmer@ijzershop.nl',
      'on_credit_reference' => 'qwedwqdwqd',
      'on_credit_buyer' => 'test',
      'supercheckout_temp_address_shipping' => '702',
      'supercheckout_perm_address_shipping' => '702',
      'supercheckout_perm_address_delivery' => '702',
      'supercheckout_perm_address_invoice' => '703',
      'id_cart' => '14446',
      'address_selector' => 'existing',
      'checksum' => 'bc2e94ba6d8a7185f377f150ac46e636412e7eb63a0a2c2096a65afabe223ac1',
    ),
     '_name' => 'PrestaShop-630243735b0579bc0e26d8824ee3d7b7',
     '_expire' => 1676963536,
     '_domain' => 'ijzershop8.local',
     '_sameSite' => 'Strict',
     '_path' => '/',
     'cipherTool' => 
    PhpEncryption::__set_state(array(
    )),
     '_modified' => false,
     '_allow_writing' => true,
     '_salt' => 'RYitkuu1',
     '_standalone' => false,
     '_secure' => false,
     'session' => 
    CustomerSession::__set_state(array(
       'id' => 239,
       'id_lang' => NULL,
       'id_shop' => NULL,
       'id_shop_list' => 
      array (
      ),
       'get_shop_from_context' => true,
       'table' => 'customer_session',
       'identifier' => 'id_customer_session',
       'fieldsRequired' => 
      array (
        0 => 'id_customer',
      ),
       'fieldsSize' => 
      array (
        'token' => 40,
      ),
       'fieldsValidate' => 
      array (
        'id_customer' => 'isUnsignedId',
        'token' => 'isSha1',
        'date_upd' => 'isDate',
        'date_add' => 'isDate',
      ),
       'fieldsRequiredLang' => 
      array (
      ),
       'fieldsSizeLang' => 
      array (
      ),
       'fieldsValidateLang' => 
      array (
      ),
       'tables' => 
      array (
      ),
       'webserviceParameters' => 
      array (
      ),
       'image_dir' => NULL,
       'image_format' => 'jpg',
       'translator' => NULL,
       'def' => 
      array (
        'table' => 'customer_session',
        'primary' => 'id_customer_session',
        'fields' => 
        array (
          'id_customer' => 
          array (
            'type' => 1,
            'validate' => 'isUnsignedId',
            'required' => true,
          ),
          'token' => 
          array (
            'type' => 3,
            'validate' => 'isSha1',
            'size' => 40,
            'copy_post' => false,
          ),
          'date_upd' => 
          array (
            'type' => 5,
            'validate' => 'isDate',
            'copy_post' => false,
          ),
          'date_add' => 
          array (
            'type' => 5,
            'validate' => 'isDate',
            'copy_post' => false,
          ),
        ),
        'classname' => 'CustomerSession',
      ),
       'update_fields' => NULL,
       'force_id' => false,
       'id_customer' => 4,
       'token' => '0b55ed5d8ca89dae86b549260ce26c9cf3997e70',
       'date_upd' => '2023-02-01 08:12:16',
       'date_add' => '2023-01-27 10:31:30',
    )),
  )),
  'cart' => 
  Cart::__set_state(array(
     'id' => 14446,
     'id_lang' => 1,
     'id_shop' => 1,
     'id_shop_list' => 
    array (
    ),
     'get_shop_from_context' => true,
     'table' => 'cart',
     'identifier' => 'id_cart',
     'fieldsRequired' => 
    array (
      0 => 'id_currency',
      1 => 'id_lang',
    ),
     'fieldsSize' => 
    array (
      'secure_key' => 32,
    ),
     'fieldsValidate' => 
    array (
      'id_shop_group' => 'isUnsignedId',
      'id_shop' => 'isUnsignedId',
      'id_address_delivery' => 'isUnsignedId',
      'id_address_invoice' => 'isUnsignedId',
      'id_carrier' => 'isUnsignedId',
      'id_currency' => 'isUnsignedId',
      'id_customer' => 'isUnsignedId',
      'id_guest' => 'isUnsignedId',
      'id_lang' => 'isUnsignedId',
      'recyclable' => 'isBool',
      'gift' => 'isBool',
      'gift_message' => 'isMessage',
      'mobile_theme' => 'isBool',
      'allow_seperated_package' => 'isBool',
      'date_add' => 'isDate',
      'date_upd' => 'isDate',
    ),
     'fieldsRequiredLang' => 
    array (
    ),
     'fieldsSizeLang' => 
    array (
    ),
     'fieldsValidateLang' => 
    array (
    ),
     'tables' => 
    array (
    ),
     'webserviceParameters' => 
    array (
      'fields' => 
      array (
        'id_address_delivery' => 
        array (
          'xlink_resource' => 'addresses',
        ),
        'id_address_invoice' => 
        array (
          'xlink_resource' => 'addresses',
        ),
        'id_currency' => 
        array (
          'xlink_resource' => 'currencies',
        ),
        'id_customer' => 
        array (
          'xlink_resource' => 'customers',
        ),
        'id_guest' => 
        array (
          'xlink_resource' => 'guests',
        ),
        'id_lang' => 
        array (
          'xlink_resource' => 'languages',
        ),
      ),
      'associations' => 
      array (
        'cart_rows' => 
        array (
          'resource' => 'cart_row',
          'virtual_entity' => true,
          'fields' => 
          array (
            'id_product' => 
            array (
              'required' => true,
              'xlink_resource' => 'products',
            ),
            'id_product_attribute' => 
            array (
              'required' => true,
              'xlink_resource' => 'combinations',
            ),
            'id_address_delivery' => 
            array (
              'required' => true,
              'xlink_resource' => 'addresses',
            ),
            'id_customization' => 
            array (
              'required' => false,
              'xlink_resource' => 'customizations',
            ),
            'quantity' => 
            array (
              'required' => true,
            ),
          ),
        ),
      ),
    ),
     'image_dir' => NULL,
     'image_format' => 'jpg',
     'translator' => NULL,
     'def' => 
    array (
      'table' => 'cart',
      'primary' => 'id_cart',
      'fields' => 
      array (
        'id_shop_group' => 
        array (
          'type' => 1,
          'validate' => 'isUnsignedId',
        ),
        'id_shop' => 
        array (
          'type' => 1,
          'validate' => 'isUnsignedId',
        ),
        'id_address_delivery' => 
        array (
          'type' => 1,
          'validate' => 'isUnsignedId',
        ),
        'id_address_invoice' => 
        array (
          'type' => 1,
          'validate' => 'isUnsignedId',
        ),
        'id_carrier' => 
        array (
          'type' => 1,
          'validate' => 'isUnsignedId',
        ),
        'id_currency' => 
        array (
          'type' => 1,
          'validate' => 'isUnsignedId',
          'required' => true,
        ),
        'id_customer' => 
        array (
          'type' => 1,
          'validate' => 'isUnsignedId',
        ),
        'id_guest' => 
        array (
          'type' => 1,
          'validate' => 'isUnsignedId',
        ),
        'id_lang' => 
        array (
          'type' => 1,
          'validate' => 'isUnsignedId',
          'required' => true,
        ),
        'recyclable' => 
        array (
          'type' => 2,
          'validate' => 'isBool',
        ),
        'gift' => 
        array (
          'type' => 2,
          'validate' => 'isBool',
        ),
        'gift_message' => 
        array (
          'type' => 3,
          'validate' => 'isMessage',
        ),
        'mobile_theme' => 
        array (
          'type' => 2,
          'validate' => 'isBool',
        ),
        'delivery_option' => 
        array (
          'type' => 3,
        ),
        'secure_key' => 
        array (
          'type' => 3,
          'size' => 32,
        ),
        'allow_seperated_package' => 
        array (
          'type' => 2,
          'validate' => 'isBool',
        ),
        'date_add' => 
        array (
          'type' => 5,
          'validate' => 'isDate',
        ),
        'date_upd' => 
        array (
          'type' => 5,
          'validate' => 'isDate',
        ),
        'added_to_order' => 
        array (
          'type' => 3,
        ),
      ),
      'classname' => 'Cart',
    ),
     'update_fields' => NULL,
     'force_id' => false,
     'id_shop_group' => 1,
     'id_address_delivery' => 702,
     'id_address_invoice' => 703,
     'id_currency' => 1,
     'id_customer' => 4,
     'id_guest' => 0,
     'recyclable' => 0,
     'gift' => 0,
     'gift_message' => '',
     'mobile_theme' => 0,
     'date_add' => '2023-02-01 07:45:45',
     'secure_key' => 'dfa60599a75dabe329b3f5b034ec8be6',
     'id_carrier' => 7,
     'date_upd' => '2023-02-01 08:12:16',
     'checkedTos' => false,
     'pictures' => NULL,
     'textFields' => NULL,
     'delivery_option' => '{"701":"7,"}',
     'allow_seperated_package' => 0,
     '_products' => 
    array (
      0 => 
      array (
        'id_product_attribute' => 629,
        'id_product' => 1120,
        'cart_quantity' => 1,
        'id_shop' => 1,
        'id_customization' => NULL,
        'name' => 'stalen buis (1/2") 21,3 x 2,0mm',
        'is_virtual' => 0,
        'description_short' => '(buitendiameter x wanddikte), lengte 2 meter',
        'available_now' => '',
        'available_later' => '',
        'id_category_default' => 318,
        'id_supplier' => 3,
        'id_manufacturer' => 0,
        'manufacturer_name' => NULL,
        'on_sale' => 0,
        'ecotax' => '0.000000',
        'additional_shipping_cost' => '0.000000',
        'available_for_order' => 1,
        'show_price' => 1,
        'price' => 12.65,
        'active' => 1,
        'unity' => '',
        'unit_price' => 0.0,
        'quantity_available' => 9999,
        'width' => '0.000000',
        'height' => '0.000000',
        'depth' => '0.000000',
        'out_of_stock' => 2,
        'weight' => 2.2,
        'available_date' => NULL,
        'date_add' => '2020-06-12 14:19:55',
        'date_upd' => '2022-04-13 12:17:58',
        'quantity' => 1,
        'link_rewrite' => 'stalen-buis-1-2-213-x-20mm',
        'category' => 'buis-duims',
        'unique_id' => '000000112000000006297020',
        'id_address_delivery' => 702,
        'advanced_stock_management' => 0,
        'supplier_reference' => '',
        'customization_quantity' => NULL,
        'price_attribute' => '0.000000',
        'ecotax_attr' => '0.000000',
        'reference' => 'A22V',
        'weight_attribute' => 2.2,
        'ean13' => '',
        'isbn' => '',
        'upc' => '',
        'mpn' => NULL,
        'minimal_quantity' => 1,
        'wholesale_price' => '5.060000',
        'id_image' => '1120-2536',
        'legend' => 'stalen buis (1/2") 21,3 x 2,0mm',
        'reduction_type' => 0,
        'is_gift' => false,
        'reduction' => 0.0,
        'reduction_without_tax' => 0.0,
        'price_without_reduction' => 15.3065,
        'specific_prices' => false,
        'unit_price_ratio' => 0.0,
        'unit_price_tax_excluded' => 0.0,
        'unit_price_tax_included' => 0.0,
        'stock_quantity' => 9999,
        'price_without_reduction_without_tax' => 12.65,
        'price_with_reduction' => 15.3065,
        'price_with_reduction_without_tax' => 12.65,
        'total' => 12.65,
        'total_wt' => 15.31,
        'price_wt' => 15.3065,
        'reduction_applies' => false,
        'quantity_discount_applies' => false,
        'allow_oosp' => 1,
        'features' => 
        array (
          0 => 
          array (
            'id_feature' => 4,
            'id_product' => 1120,
            'id_feature_value' => 13,
          ),
          1 => 
          array (
            'id_feature' => 10,
            'id_product' => 1120,
            'id_feature_value' => 81,
          ),
          2 => 
          array (
            'id_feature' => 11,
            'id_product' => 1120,
            'id_feature_value' => 82,
          ),
          3 => 
          array (
            'id_feature' => 17,
            'id_product' => 1120,
            'id_feature_value' => 306,
          ),
          4 => 
          array (
            'id_feature' => 22,
            'id_product' => 1120,
            'id_feature_value' => 319,
          ),
          5 => 
          array (
            'id_feature' => 23,
            'id_product' => 1120,
            'id_feature_value' => 86,
          ),
          6 => 
          array (
            'id_feature' => 24,
            'id_product' => 1120,
            'id_feature_value' => 105,
          ),
          7 => 
          array (
            'id_feature' => 25,
            'id_product' => 1120,
            'id_feature_value' => 106,
          ),
          8 => 
          array (
            'id_feature' => 26,
            'id_product' => 1120,
            'id_feature_value' => 107,
          ),
          9 => 
          array (
            'id_feature' => 27,
            'id_product' => 1120,
            'id_feature_value' => 80,
          ),
          10 => 
          array (
            'id_feature' => 28,
            'id_product' => 1120,
            'id_feature_value' => 81,
          ),
          11 => 
          array (
            'id_feature' => 29,
            'id_product' => 1120,
            'id_feature_value' => 83,
          ),
          12 => 
          array (
            'id_feature' => 30,
            'id_product' => 1120,
            'id_feature_value' => 84,
          ),
          13 => 
          array (
            'id_feature' => 32,
            'id_product' => 1120,
            'id_feature_value' => 1316,
          ),
          14 => 
          array (
            'id_feature' => 45,
            'id_product' => 1120,
            'id_feature_value' => 5877,
          ),
          15 => 
          array (
            'id_feature' => 46,
            'id_product' => 1120,
            'id_feature_value' => 7157,
          ),
        ),
        'attributes' => 'Zagen: A',
        'attributes_small' => 'A',
        'rate' => 21.0,
        'tax_name' => 'BTW NL 21%',
      ),
      1 => 
      array (
        'id_product_attribute' => 0,
        'id_product' => 3330,
        'cart_quantity' => 1,
        'id_shop' => 1,
        'id_customization' => NULL,
        'name' => 'test',
        'is_virtual' => 0,
        'description_short' => '<p>10 euro</p>',
        'available_now' => '',
        'available_later' => '',
        'id_category_default' => 382,
        'id_supplier' => 0,
        'id_manufacturer' => 0,
        'manufacturer_name' => NULL,
        'on_sale' => 0,
        'ecotax' => '0.000000',
        'additional_shipping_cost' => '0.000000',
        'available_for_order' => 1,
        'show_price' => 1,
        'price' => 10.0,
        'active' => 1,
        'unity' => NULL,
        'unit_price' => 0.0,
        'quantity_available' => 11,
        'width' => '0.000000',
        'height' => '0.000000',
        'depth' => '0.000000',
        'out_of_stock' => 2,
        'weight' => 0.0,
        'available_date' => '0000-00-00',
        'date_add' => '2023-02-01 07:46:04',
        'date_upd' => '2023-02-01 07:46:04',
        'quantity' => 1,
        'link_rewrite' => '63da0aacc9740',
        'category' => 'offers',
        'unique_id' => '000000333000000000007020',
        'id_address_delivery' => 702,
        'advanced_stock_management' => 0,
        'supplier_reference' => NULL,
        'customization_quantity' => NULL,
        'price_attribute' => NULL,
        'ecotax_attr' => NULL,
        'reference' => 'CP',
        'weight_attribute' => NULL,
        'ean13' => NULL,
        'isbn' => NULL,
        'upc' => NULL,
        'mpn' => NULL,
        'minimal_quantity' => 1,
        'wholesale_price' => '0.000000',
        'id_image' => '3330-2751',
        'legend' => '',
        'reduction_type' => 0,
        'is_gift' => false,
        'reduction' => 0.0,
        'reduction_without_tax' => 0.0,
        'price_without_reduction' => 12.1,
        'specific_prices' => 
        array (
        ),
        'unit_price_ratio' => 0.0,
        'unit_price_tax_excluded' => 0.0,
        'unit_price_tax_included' => 0.0,
        'stock_quantity' => 11,
        'price_without_reduction_without_tax' => 10.0,
        'price_with_reduction' => 12.1,
        'price_with_reduction_without_tax' => 10.0,
        'total' => 10.0,
        'total_wt' => 12.1,
        'price_wt' => 12.1,
        'reduction_applies' => false,
        'quantity_discount_applies' => false,
        'allow_oosp' => 1,
        'features' => 
        array (
        ),
        'attributes' => '',
        'attributes_small' => '',
        'rate' => 21.0,
        'tax_name' => 'BTW NL 21%',
      ),
    ),
     '_taxCalculationMethod' => 0,
     'configuration' => 
    PrestaShop\PrestaShop\Adapter\Configuration::__set_state(array(
       'parameters' => NULL,
       'shop' => NULL,
    )),
     'addressFactory' => 
    PrestaShop\PrestaShop\Adapter\AddressFactory::__set_state(array(
    )),
     'shouldSplitGiftProductsQuantity' => false,
     'shouldExcludeGiftsDiscount' => false,
     'added_to_order' => '',
  )),
  'altern' => 2,
)array (
  'object' => 
  CustomerThread::__set_state(array(
     'id' => '42',
     'id_lang' => 1,
     'id_shop' => 1,
     'id_shop_list' => 
    array (
    ),
     'get_shop_from_context' => true,
     'table' => 'customer_thread',
     'identifier' => 'id_customer_thread',
     'fieldsRequired' => 
    array (
      0 => 'id_lang',
      1 => 'id_contact',
      2 => 'token',
    ),
     'fieldsSize' => 
    array (
      'email' => 255,
    ),
     'fieldsValidate' => 
    array (
      'id_lang' => 'isUnsignedId',
      'id_contact' => 'isUnsignedId',
      'id_shop' => 'isUnsignedId',
      'id_customer' => 'isUnsignedId',
      'id_order' => 'isUnsignedId',
      'id_product' => 'isUnsignedId',
      'email' => 'isEmail',
      'token' => 'isGenericName',
      'date_add' => 'isDate',
      'date_upd' => 'isDate',
    ),
     'fieldsRequiredLang' => 
    array (
    ),
     'fieldsSizeLang' => 
    array (
    ),
     'fieldsValidateLang' => 
    array (
    ),
     'tables' => 
    array (
    ),
     'webserviceParameters' => 
    array (
      'fields' => 
      array (
        'id_lang' => 
        array (
          'xlink_resource' => 'languages',
        ),
        'id_shop' => 
        array (
          'xlink_resource' => 'shops',
        ),
        'id_customer' => 
        array (
          'xlink_resource' => 'customers',
        ),
        'id_order' => 
        array (
          'xlink_resource' => 'orders',
        ),
        'id_product' => 
        array (
          'xlink_resource' => 'products',
        ),
      ),
      'associations' => 
      array (
        'customer_messages' => 
        array (
          'resource' => 'customer_message',
          'id' => 
          array (
            'required' => true,
          ),
        ),
      ),
    ),
     'image_dir' => NULL,
     'image_format' => 'jpg',
     'translator' => NULL,
     'def' => 
    array (
      'table' => 'customer_thread',
      'primary' => 'id_customer_thread',
      'fields' => 
      array (
        'id_lang' => 
        array (
          'type' => 1,
          'validate' => 'isUnsignedId',
          'required' => true,
        ),
        'id_contact' => 
        array (
          'type' => 1,
          'validate' => 'isUnsignedId',
          'required' => true,
        ),
        'id_shop' => 
        array (
          'type' => 1,
          'validate' => 'isUnsignedId',
        ),
        'id_customer' => 
        array (
          'type' => 1,
          'validate' => 'isUnsignedId',
        ),
        'id_order' => 
        array (
          'type' => 1,
          'validate' => 'isUnsignedId',
        ),
        'id_product' => 
        array (
          'type' => 1,
          'validate' => 'isUnsignedId',
        ),
        'email' => 
        array (
          'type' => 3,
          'validate' => 'isEmail',
          'size' => 255,
        ),
        'token' => 
        array (
          'type' => 3,
          'validate' => 'isGenericName',
          'required' => true,
        ),
        'status' => 
        array (
          'type' => 3,
        ),
        'date_add' => 
        array (
          'type' => 5,
          'validate' => 'isDate',
        ),
        'date_upd' => 
        array (
          'type' => 5,
          'validate' => 'isDate',
        ),
      ),
      'classname' => 'CustomerThread',
    ),
     'update_fields' => NULL,
     'force_id' => false,
     'id_contact' => 0,
     'id_customer' => 4,
     'id_order' => 536,
     'id_product' => NULL,
     'status' => 'open',
     'email' => 'jelmer@ijzershop.nl',
     'token' => 'ypdZA9ccy30v',
     'date_add' => '2023-02-01 10:42:17',
     'date_upd' => '2023-02-01 10:42:17',
  )),
  'cookie' => 
  Cookie::__set_state(array(
     '_content' => 
    array (
      'date_add' => '2023-01-25 11:13:54',
      'id_lang' => '1',
      'id_currency' => 1,
      'psgdpr_remove' => '1',
      'contactFormToken' => '2cb590f2aa604e26bb78497f54322e08',
      'contactFormTokenTTL' => '1674810686',
      'last_visited_category' => '314',
      'session_id' => '239',
      'session_token' => '0b55ed5d8ca89dae86b549260ce26c9cf3997e70',
      'id_customer' => '4',
      'customer_lastname' => 'Stoker',
      'customer_firstname' => 'jelmer',
      'passwd' => '$2y$10$oOR6PVnNcuKrENJBlu3Uo.9qPWb5ptFtcRGjP945RI96IeiUiMHRu',
      'logged' => '1',
      'email' => 'jelmer@ijzershop.nl',
      'is_guest' => '',
      'isSameInvoiceAddress' => '1',
      'supercheckout_temp_address_delivery' => '',
      'supercheckout_accepted_consent' => '[]',
      'supercheckout_default_policy' => 'Ik ga akkoord met de servicevoorwaarden en zal me er onvoorwaardelijk aan houden. ',
      'supercheckout_temp_address_invoice' => '',
      'selected_customer_secure_key' => 'dfa60599a75dabe329b3f5b034ec8be6',
      'selected_customer_customer_firstname' => 'jelmer',
      'selected_customer_customer_lastname' => 'Stoker',
      'selected_customer_id_customer' => '4',
      'selected_customer_email' => 'jelmer@ijzershop.nl',
      'on_credit_reference' => '',
      'on_credit_buyer' => '',
      'supercheckout_temp_address_shipping' => '705',
      'supercheckout_perm_address_shipping' => '705',
      'supercheckout_perm_address_delivery' => '705',
      'supercheckout_perm_address_invoice' => '705',
      'id_cart' => '14447',
      'address_selector' => 'existing',
      'checksum' => '43a9d6a871bf0f0da25676a56fd3108b3ac10e80fc426f4f8e03cf34ea12dd20',
    ),
     '_name' => 'PrestaShop-630243735b0579bc0e26d8824ee3d7b7',
     '_expire' => 1676972536,
     '_domain' => 'ijzershop8.local',
     '_sameSite' => 'Strict',
     '_path' => '/',
     'cipherTool' => 
    PhpEncryption::__set_state(array(
    )),
     '_modified' => false,
     '_allow_writing' => true,
     '_salt' => 'RYitkuu1',
     '_standalone' => false,
     '_secure' => false,
     'session' => 
    CustomerSession::__set_state(array(
       'id' => 239,
       'id_lang' => NULL,
       'id_shop' => NULL,
       'id_shop_list' => 
      array (
      ),
       'get_shop_from_context' => true,
       'table' => 'customer_session',
       'identifier' => 'id_customer_session',
       'fieldsRequired' => 
      array (
        0 => 'id_customer',
      ),
       'fieldsSize' => 
      array (
        'token' => 40,
      ),
       'fieldsValidate' => 
      array (
        'id_customer' => 'isUnsignedId',
        'token' => 'isSha1',
        'date_upd' => 'isDate',
        'date_add' => 'isDate',
      ),
       'fieldsRequiredLang' => 
      array (
      ),
       'fieldsSizeLang' => 
      array (
      ),
       'fieldsValidateLang' => 
      array (
      ),
       'tables' => 
      array (
      ),
       'webserviceParameters' => 
      array (
      ),
       'image_dir' => NULL,
       'image_format' => 'jpg',
       'translator' => NULL,
       'def' => 
      array (
        'table' => 'customer_session',
        'primary' => 'id_customer_session',
        'fields' => 
        array (
          'id_customer' => 
          array (
            'type' => 1,
            'validate' => 'isUnsignedId',
            'required' => true,
          ),
          'token' => 
          array (
            'type' => 3,
            'validate' => 'isSha1',
            'size' => 40,
            'copy_post' => false,
          ),
          'date_upd' => 
          array (
            'type' => 5,
            'validate' => 'isDate',
            'copy_post' => false,
          ),
          'date_add' => 
          array (
            'type' => 5,
            'validate' => 'isDate',
            'copy_post' => false,
          ),
        ),
        'classname' => 'CustomerSession',
      ),
       'update_fields' => NULL,
       'force_id' => false,
       'id_customer' => 4,
       'token' => '0b55ed5d8ca89dae86b549260ce26c9cf3997e70',
       'date_upd' => '2023-02-01 10:42:16',
       'date_add' => '2023-01-27 10:31:30',
    )),
  )),
  'cart' => 
  Cart::__set_state(array(
     'id' => 14447,
     'id_lang' => 1,
     'id_shop' => 1,
     'id_shop_list' => 
    array (
    ),
     'get_shop_from_context' => true,
     'table' => 'cart',
     'identifier' => 'id_cart',
     'fieldsRequired' => 
    array (
      0 => 'id_currency',
      1 => 'id_lang',
    ),
     'fieldsSize' => 
    array (
      'secure_key' => 32,
    ),
     'fieldsValidate' => 
    array (
      'id_shop_group' => 'isUnsignedId',
      'id_shop' => 'isUnsignedId',
      'id_address_delivery' => 'isUnsignedId',
      'id_address_invoice' => 'isUnsignedId',
      'id_carrier' => 'isUnsignedId',
      'id_currency' => 'isUnsignedId',
      'id_customer' => 'isUnsignedId',
      'id_guest' => 'isUnsignedId',
      'id_lang' => 'isUnsignedId',
      'recyclable' => 'isBool',
      'gift' => 'isBool',
      'gift_message' => 'isMessage',
      'mobile_theme' => 'isBool',
      'allow_seperated_package' => 'isBool',
      'date_add' => 'isDate',
      'date_upd' => 'isDate',
    ),
     'fieldsRequiredLang' => 
    array (
    ),
     'fieldsSizeLang' => 
    array (
    ),
     'fieldsValidateLang' => 
    array (
    ),
     'tables' => 
    array (
    ),
     'webserviceParameters' => 
    array (
      'fields' => 
      array (
        'id_address_delivery' => 
        array (
          'xlink_resource' => 'addresses',
        ),
        'id_address_invoice' => 
        array (
          'xlink_resource' => 'addresses',
        ),
        'id_currency' => 
        array (
          'xlink_resource' => 'currencies',
        ),
        'id_customer' => 
        array (
          'xlink_resource' => 'customers',
        ),
        'id_guest' => 
        array (
          'xlink_resource' => 'guests',
        ),
        'id_lang' => 
        array (
          'xlink_resource' => 'languages',
        ),
      ),
      'associations' => 
      array (
        'cart_rows' => 
        array (
          'resource' => 'cart_row',
          'virtual_entity' => true,
          'fields' => 
          array (
            'id_product' => 
            array (
              'required' => true,
              'xlink_resource' => 'products',
            ),
            'id_product_attribute' => 
            array (
              'required' => true,
              'xlink_resource' => 'combinations',
            ),
            'id_address_delivery' => 
            array (
              'required' => true,
              'xlink_resource' => 'addresses',
            ),
            'id_customization' => 
            array (
              'required' => false,
              'xlink_resource' => 'customizations',
            ),
            'quantity' => 
            array (
              'required' => true,
            ),
          ),
        ),
      ),
    ),
     'image_dir' => NULL,
     'image_format' => 'jpg',
     'translator' => NULL,
     'def' => 
    array (
      'table' => 'cart',
      'primary' => 'id_cart',
      'fields' => 
      array (
        'id_shop_group' => 
        array (
          'type' => 1,
          'validate' => 'isUnsignedId',
        ),
        'id_shop' => 
        array (
          'type' => 1,
          'validate' => 'isUnsignedId',
        ),
        'id_address_delivery' => 
        array (
          'type' => 1,
          'validate' => 'isUnsignedId',
        ),
        'id_address_invoice' => 
        array (
          'type' => 1,
          'validate' => 'isUnsignedId',
        ),
        'id_carrier' => 
        array (
          'type' => 1,
          'validate' => 'isUnsignedId',
        ),
        'id_currency' => 
        array (
          'type' => 1,
          'validate' => 'isUnsignedId',
          'required' => true,
        ),
        'id_customer' => 
        array (
          'type' => 1,
          'validate' => 'isUnsignedId',
        ),
        'id_guest' => 
        array (
          'type' => 1,
          'validate' => 'isUnsignedId',
        ),
        'id_lang' => 
        array (
          'type' => 1,
          'validate' => 'isUnsignedId',
          'required' => true,
        ),
        'recyclable' => 
        array (
          'type' => 2,
          'validate' => 'isBool',
        ),
        'gift' => 
        array (
          'type' => 2,
          'validate' => 'isBool',
        ),
        'gift_message' => 
        array (
          'type' => 3,
          'validate' => 'isMessage',
        ),
        'mobile_theme' => 
        array (
          'type' => 2,
          'validate' => 'isBool',
        ),
        'delivery_option' => 
        array (
          'type' => 3,
        ),
        'secure_key' => 
        array (
          'type' => 3,
          'size' => 32,
        ),
        'allow_seperated_package' => 
        array (
          'type' => 2,
          'validate' => 'isBool',
        ),
        'date_add' => 
        array (
          'type' => 5,
          'validate' => 'isDate',
        ),
        'date_upd' => 
        array (
          'type' => 5,
          'validate' => 'isDate',
        ),
        'added_to_order' => 
        array (
          'type' => 3,
        ),
      ),
      'classname' => 'Cart',
    ),
     'update_fields' => NULL,
     'force_id' => false,
     'id_shop_group' => 1,
     'id_address_delivery' => 705,
     'id_address_invoice' => 705,
     'id_currency' => 1,
     'id_customer' => 4,
     'id_guest' => 0,
     'recyclable' => 0,
     'gift' => 0,
     'gift_message' => '',
     'mobile_theme' => 0,
     'date_add' => '2023-02-01 10:40:45',
     'secure_key' => 'dfa60599a75dabe329b3f5b034ec8be6',
     'id_carrier' => 11,
     'date_upd' => '2023-02-01 10:42:16',
     'checkedTos' => false,
     'pictures' => NULL,
     'textFields' => NULL,
     'delivery_option' => '{"704":"11,"}',
     'allow_seperated_package' => 0,
     '_products' => 
    array (
      0 => 
      array (
        'id_product_attribute' => 3889,
        'id_product' => 1981,
        'cart_quantity' => 1,
        'id_shop' => 1,
        'id_customization' => NULL,
        'name' => 'stalen L-profiel wgw 20 x 20 x 3mm',
        'is_virtual' => 0,
        'description_short' => '<p>(breedte x hoogte x dikte), lengte 2 meter</p>',
        'available_now' => '',
        'available_later' => '',
        'id_category_default' => 314,
        'id_supplier' => 3,
        'id_manufacturer' => 0,
        'manufacturer_name' => NULL,
        'on_sale' => 0,
        'ecotax' => '0.000000',
        'additional_shipping_cost' => '0.000000',
        'available_for_order' => 1,
        'show_price' => 1,
        'price' => 6.8625,
        'active' => 1,
        'unity' => '',
        'unit_price' => 0.0,
        'quantity_available' => 9999,
        'width' => '0.000000',
        'height' => '0.000000',
        'depth' => '0.000000',
        'out_of_stock' => 2,
        'weight' => 1.83,
        'available_date' => '0000-00-00',
        'date_add' => '2021-01-28 10:33:07',
        'date_upd' => '2022-03-10 10:35:26',
        'quantity' => 1,
        'link_rewrite' => 'stalen-l-profiel-wgw-20-x-20-x-3mm',
        'category' => 'l-profiel-gelijk',
        'unique_id' => '000000198100000038897050',
        'id_address_delivery' => 705,
        'advanced_stock_management' => 0,
        'supplier_reference' => '',
        'customization_quantity' => NULL,
        'price_attribute' => '0.000000',
        'ecotax_attr' => '0.000000',
        'reference' => 'K2',
        'weight_attribute' => 1.83,
        'ean13' => '',
        'isbn' => '',
        'upc' => '',
        'mpn' => NULL,
        'minimal_quantity' => 1,
        'wholesale_price' => '2.745000',
        'id_image' => '1981-2016',
        'legend' => 'stalen L-profiel wgw 20 x 20 x 3mm',
        'reduction_type' => 0,
        'is_gift' => false,
        'reduction' => 0.0,
        'reduction_without_tax' => 0.0,
        'price_without_reduction' => 8.303625,
        'specific_prices' => 
        array (
        ),
        'unit_price_ratio' => 0.0,
        'unit_price_tax_excluded' => 0.0,
        'unit_price_tax_included' => 0.0,
        'stock_quantity' => 9999,
        'price_without_reduction_without_tax' => 6.8625,
        'price_with_reduction' => 8.303625,
        'price_with_reduction_without_tax' => 6.8625,
        'total' => 6.86,
        'total_wt' => 8.3,
        'price_wt' => 8.303625,
        'reduction_applies' => false,
        'quantity_discount_applies' => false,
        'allow_oosp' => 1,
        'features' => 
        array (
          0 => 
          array (
            'id_feature' => 17,
            'id_product' => 1981,
            'id_feature_value' => 308,
          ),
          1 => 
          array (
            'id_feature' => 18,
            'id_product' => 1981,
            'id_feature_value' => 350,
          ),
          2 => 
          array (
            'id_feature' => 19,
            'id_product' => 1981,
            'id_feature_value' => 91,
          ),
          3 => 
          array (
            'id_feature' => 23,
            'id_product' => 1981,
            'id_feature_value' => 126,
          ),
          4 => 
          array (
            'id_feature' => 24,
            'id_product' => 1981,
            'id_feature_value' => 269,
          ),
          5 => 
          array (
            'id_feature' => 25,
            'id_product' => 1981,
            'id_feature_value' => 272,
          ),
          6 => 
          array (
            'id_feature' => 26,
            'id_product' => 1981,
            'id_feature_value' => 87,
          ),
          7 => 
          array (
            'id_feature' => 27,
            'id_product' => 1981,
            'id_feature_value' => 80,
          ),
          8 => 
          array (
            'id_feature' => 28,
            'id_product' => 1981,
            'id_feature_value' => 81,
          ),
          9 => 
          array (
            'id_feature' => 29,
            'id_product' => 1981,
            'id_feature_value' => 270,
          ),
          10 => 
          array (
            'id_feature' => 30,
            'id_product' => 1981,
            'id_feature_value' => 271,
          ),
          11 => 
          array (
            'id_feature' => 32,
            'id_product' => 1981,
            'id_feature_value' => 1316,
          ),
          12 => 
          array (
            'id_feature' => 45,
            'id_product' => 1981,
            'id_feature_value' => 6026,
          ),
          13 => 
          array (
            'id_feature' => 46,
            'id_product' => 1981,
            'id_feature_value' => 7010,
          ),
        ),
        'attributes' => 'Zagen: A',
        'attributes_small' => 'A',
        'rate' => 21.0,
        'tax_name' => 'BTW NL 21%',
      ),
    ),
     '_taxCalculationMethod' => 0,
     'configuration' => 
    PrestaShop\PrestaShop\Adapter\Configuration::__set_state(array(
       'parameters' => NULL,
       'shop' => NULL,
    )),
     'addressFactory' => 
    PrestaShop\PrestaShop\Adapter\AddressFactory::__set_state(array(
    )),
     'shouldSplitGiftProductsQuantity' => false,
     'shouldExcludeGiftsDiscount' => false,
     'added_to_order' => '',
  )),
  'altern' => 2,
)array (
  'object' => 
  CustomerThread::__set_state(array(
     'id' => '43',
     'id_lang' => 1,
     'id_shop' => 1,
     'id_shop_list' => 
    array (
    ),
     'get_shop_from_context' => true,
     'table' => 'customer_thread',
     'identifier' => 'id_customer_thread',
     'fieldsRequired' => 
    array (
      0 => 'id_lang',
      1 => 'id_contact',
      2 => 'token',
    ),
     'fieldsSize' => 
    array (
      'email' => 255,
    ),
     'fieldsValidate' => 
    array (
      'id_lang' => 'isUnsignedId',
      'id_contact' => 'isUnsignedId',
      'id_shop' => 'isUnsignedId',
      'id_customer' => 'isUnsignedId',
      'id_order' => 'isUnsignedId',
      'id_product' => 'isUnsignedId',
      'email' => 'isEmail',
      'token' => 'isGenericName',
      'date_add' => 'isDate',
      'date_upd' => 'isDate',
    ),
     'fieldsRequiredLang' => 
    array (
    ),
     'fieldsSizeLang' => 
    array (
    ),
     'fieldsValidateLang' => 
    array (
    ),
     'tables' => 
    array (
    ),
     'webserviceParameters' => 
    array (
      'fields' => 
      array (
        'id_lang' => 
        array (
          'xlink_resource' => 'languages',
        ),
        'id_shop' => 
        array (
          'xlink_resource' => 'shops',
        ),
        'id_customer' => 
        array (
          'xlink_resource' => 'customers',
        ),
        'id_order' => 
        array (
          'xlink_resource' => 'orders',
        ),
        'id_product' => 
        array (
          'xlink_resource' => 'products',
        ),
      ),
      'associations' => 
      array (
        'customer_messages' => 
        array (
          'resource' => 'customer_message',
          'id' => 
          array (
            'required' => true,
          ),
        ),
      ),
    ),
     'image_dir' => NULL,
     'image_format' => 'jpg',
     'translator' => NULL,
     'def' => 
    array (
      'table' => 'customer_thread',
      'primary' => 'id_customer_thread',
      'fields' => 
      array (
        'id_lang' => 
        array (
          'type' => 1,
          'validate' => 'isUnsignedId',
          'required' => true,
        ),
        'id_contact' => 
        array (
          'type' => 1,
          'validate' => 'isUnsignedId',
          'required' => true,
        ),
        'id_shop' => 
        array (
          'type' => 1,
          'validate' => 'isUnsignedId',
        ),
        'id_customer' => 
        array (
          'type' => 1,
          'validate' => 'isUnsignedId',
        ),
        'id_order' => 
        array (
          'type' => 1,
          'validate' => 'isUnsignedId',
        ),
        'id_product' => 
        array (
          'type' => 1,
          'validate' => 'isUnsignedId',
        ),
        'email' => 
        array (
          'type' => 3,
          'validate' => 'isEmail',
          'size' => 255,
        ),
        'token' => 
        array (
          'type' => 3,
          'validate' => 'isGenericName',
          'required' => true,
        ),
        'status' => 
        array (
          'type' => 3,
        ),
        'date_add' => 
        array (
          'type' => 5,
          'validate' => 'isDate',
        ),
        'date_upd' => 
        array (
          'type' => 5,
          'validate' => 'isDate',
        ),
      ),
      'classname' => 'CustomerThread',
    ),
     'update_fields' => NULL,
     'force_id' => false,
     'id_contact' => 0,
     'id_customer' => 666673,
     'id_order' => 547,
     'id_product' => NULL,
     'status' => 'open',
     'email' => 'pppppp@ppp.pp',
     'token' => 'KCbXM2B9m2cq',
     'date_add' => '2023-02-13 09:47:47',
     'date_upd' => '2023-02-13 09:47:47',
  )),
  'cookie' => 
  Cookie::__set_state(array(
     '_content' => 
    array (
      'date_add' => '2023-01-25 11:13:54',
      'id_lang' => '1',
      'id_currency' => 1,
      'psgdpr_remove' => '1',
      'contactFormToken' => '7a0fc5c46dcf75af41780d138242a6c3',
      'contactFormTokenTTL' => '1675421711',
      'last_visited_category' => '320',
      'session_id' => '240',
      'session_token' => '1d6addaa85a7323fd99fc145dc55b10dbab356c3',
      'isSameInvoiceAddress' => '1',
      'supercheckout_temp_address_delivery' => '',
      'supercheckout_accepted_consent' => '[]',
      'supercheckout_default_policy' => 'Ik ga akkoord met de servicevoorwaarden en zal me er onvoorwaardelijk aan houden. ',
      'supercheckout_temp_address_invoice' => '642',
      'selected_customer_secure_key' => 'd7f044ef1143c6e871384ddd60a34fad',
      'selected_customer_customer_firstname' => 'pppppp',
      'selected_customer_customer_lastname' => 'ppppp',
      'selected_customer_id_customer' => '666673',
      'selected_customer_email' => 'pppppp@ppp.pp',
      'on_credit_reference' => '9866GH/637',
      'on_credit_buyer' => 'Peter Pakezel',
      'supercheckout_temp_address_shipping' => '737',
      'supercheckout_perm_address_shipping' => '737',
      'supercheckout_perm_address_delivery' => '737',
      'supercheckout_perm_address_invoice' => '642',
      'check_cgv' => '',
      'id_customer' => '4',
      'customer_lastname' => 'Stoker',
      'customer_firstname' => 'jelmer',
      'passwd' => '$2y$10$oOR6PVnNcuKrENJBlu3Uo.9qPWb5ptFtcRGjP945RI96IeiUiMHRu',
      'logged' => '1',
      'email' => 'jelmer@ijzershop.nl',
      'is_guest' => '',
      'id_cart' => '14459',
      'address_selector' => 'existing',
      'checksum' => '92bffa47b9f2f8cb89dd7dd6950034e4540a9d19c00f44604eea0f31aa28b985',
    ),
     '_name' => 'PrestaShop-630243735b0579bc0e26d8824ee3d7b7',
     '_expire' => 1678006063,
     '_domain' => 'ijzershop8.local',
     '_sameSite' => 'Strict',
     '_path' => '/',
     'cipherTool' => 
    PhpEncryption::__set_state(array(
    )),
     '_modified' => false,
     '_allow_writing' => true,
     '_salt' => 'RYitkuu1',
     '_standalone' => false,
     '_secure' => false,
     'session' => 
    CustomerSession::__set_state(array(
       'id' => 240,
       'id_lang' => NULL,
       'id_shop' => NULL,
       'id_shop_list' => 
      array (
      ),
       'get_shop_from_context' => true,
       'table' => 'customer_session',
       'identifier' => 'id_customer_session',
       'fieldsRequired' => 
      array (
        0 => 'id_customer',
      ),
       'fieldsSize' => 
      array (
        'token' => 40,
      ),
       'fieldsValidate' => 
      array (
        'id_customer' => 'isUnsignedId',
        'token' => 'isSha1',
        'date_upd' => 'isDate',
        'date_add' => 'isDate',
      ),
       'fieldsRequiredLang' => 
      array (
      ),
       'fieldsSizeLang' => 
      array (
      ),
       'fieldsValidateLang' => 
      array (
      ),
       'tables' => 
      array (
      ),
       'webserviceParameters' => 
      array (
      ),
       'image_dir' => NULL,
       'image_format' => 'jpg',
       'translator' => NULL,
       'def' => 
      array (
        'table' => 'customer_session',
        'primary' => 'id_customer_session',
        'fields' => 
        array (
          'id_customer' => 
          array (
            'type' => 1,
            'validate' => 'isUnsignedId',
            'required' => true,
          ),
          'token' => 
          array (
            'type' => 3,
            'validate' => 'isSha1',
            'size' => 40,
            'copy_post' => false,
          ),
          'date_upd' => 
          array (
            'type' => 5,
            'validate' => 'isDate',
            'copy_post' => false,
          ),
          'date_add' => 
          array (
            'type' => 5,
            'validate' => 'isDate',
            'copy_post' => false,
          ),
        ),
        'classname' => 'CustomerSession',
      ),
       'update_fields' => NULL,
       'force_id' => false,
       'id_customer' => 4,
       'token' => '1d6addaa85a7323fd99fc145dc55b10dbab356c3',
       'date_upd' => '2023-02-13 09:47:43',
       'date_add' => '2023-02-06 12:35:26',
    )),
  )),
  'cart' => 
  Cart::__set_state(array(
     'id' => 14459,
     'id_lang' => 1,
     'id_shop' => 1,
     'id_shop_list' => 
    array (
    ),
     'get_shop_from_context' => true,
     'table' => 'cart',
     'identifier' => 'id_cart',
     'fieldsRequired' => 
    array (
      0 => 'id_currency',
      1 => 'id_lang',
    ),
     'fieldsSize' => 
    array (
      'secure_key' => 32,
    ),
     'fieldsValidate' => 
    array (
      'id_shop_group' => 'isUnsignedId',
      'id_shop' => 'isUnsignedId',
      'id_address_delivery' => 'isUnsignedId',
      'id_address_invoice' => 'isUnsignedId',
      'id_carrier' => 'isUnsignedId',
      'id_currency' => 'isUnsignedId',
      'id_customer' => 'isUnsignedId',
      'id_guest' => 'isUnsignedId',
      'id_lang' => 'isUnsignedId',
      'recyclable' => 'isBool',
      'gift' => 'isBool',
      'gift_message' => 'isMessage',
      'mobile_theme' => 'isBool',
      'allow_seperated_package' => 'isBool',
      'date_add' => 'isDate',
      'date_upd' => 'isDate',
    ),
     'fieldsRequiredLang' => 
    array (
    ),
     'fieldsSizeLang' => 
    array (
    ),
     'fieldsValidateLang' => 
    array (
    ),
     'tables' => 
    array (
    ),
     'webserviceParameters' => 
    array (
      'fields' => 
      array (
        'id_address_delivery' => 
        array (
          'xlink_resource' => 'addresses',
        ),
        'id_address_invoice' => 
        array (
          'xlink_resource' => 'addresses',
        ),
        'id_currency' => 
        array (
          'xlink_resource' => 'currencies',
        ),
        'id_customer' => 
        array (
          'xlink_resource' => 'customers',
        ),
        'id_guest' => 
        array (
          'xlink_resource' => 'guests',
        ),
        'id_lang' => 
        array (
          'xlink_resource' => 'languages',
        ),
      ),
      'associations' => 
      array (
        'cart_rows' => 
        array (
          'resource' => 'cart_row',
          'virtual_entity' => true,
          'fields' => 
          array (
            'id_product' => 
            array (
              'required' => true,
              'xlink_resource' => 'products',
            ),
            'id_product_attribute' => 
            array (
              'required' => true,
              'xlink_resource' => 'combinations',
            ),
            'id_address_delivery' => 
            array (
              'required' => true,
              'xlink_resource' => 'addresses',
            ),
            'id_customization' => 
            array (
              'required' => false,
              'xlink_resource' => 'customizations',
            ),
            'quantity' => 
            array (
              'required' => true,
            ),
          ),
        ),
      ),
    ),
     'image_dir' => NULL,
     'image_format' => 'jpg',
     'translator' => NULL,
     'def' => 
    array (
      'table' => 'cart',
      'primary' => 'id_cart',
      'fields' => 
      array (
        'id_shop_group' => 
        array (
          'type' => 1,
          'validate' => 'isUnsignedId',
        ),
        'id_shop' => 
        array (
          'type' => 1,
          'validate' => 'isUnsignedId',
        ),
        'id_address_delivery' => 
        array (
          'type' => 1,
          'validate' => 'isUnsignedId',
        ),
        'id_address_invoice' => 
        array (
          'type' => 1,
          'validate' => 'isUnsignedId',
        ),
        'id_carrier' => 
        array (
          'type' => 1,
          'validate' => 'isUnsignedId',
        ),
        'id_currency' => 
        array (
          'type' => 1,
          'validate' => 'isUnsignedId',
          'required' => true,
        ),
        'id_customer' => 
        array (
          'type' => 1,
          'validate' => 'isUnsignedId',
        ),
        'id_guest' => 
        array (
          'type' => 1,
          'validate' => 'isUnsignedId',
        ),
        'id_lang' => 
        array (
          'type' => 1,
          'validate' => 'isUnsignedId',
          'required' => true,
        ),
        'recyclable' => 
        array (
          'type' => 2,
          'validate' => 'isBool',
        ),
        'gift' => 
        array (
          'type' => 2,
          'validate' => 'isBool',
        ),
        'gift_message' => 
        array (
          'type' => 3,
          'validate' => 'isMessage',
        ),
        'mobile_theme' => 
        array (
          'type' => 2,
          'validate' => 'isBool',
        ),
        'delivery_option' => 
        array (
          'type' => 3,
        ),
        'secure_key' => 
        array (
          'type' => 3,
          'size' => 32,
        ),
        'allow_seperated_package' => 
        array (
          'type' => 2,
          'validate' => 'isBool',
        ),
        'date_add' => 
        array (
          'type' => 5,
          'validate' => 'isDate',
        ),
        'date_upd' => 
        array (
          'type' => 5,
          'validate' => 'isDate',
        ),
        'added_to_order' => 
        array (
          'type' => 3,
        ),
      ),
      'classname' => 'Cart',
    ),
     'update_fields' => NULL,
     'force_id' => false,
     'id_shop_group' => 1,
     'id_address_delivery' => 737,
     'id_address_invoice' => 642,
     'id_currency' => 1,
     'id_customer' => 666673,
     'id_guest' => 0,
     'recyclable' => 0,
     'gift' => 0,
     'gift_message' => '',
     'mobile_theme' => 0,
     'date_add' => '2023-02-13 09:46:36',
     'secure_key' => 'd7f044ef1143c6e871384ddd60a34fad',
     'id_carrier' => 7,
     'date_upd' => '2023-02-13 09:47:43',
     'checkedTos' => false,
     'pictures' => NULL,
     'textFields' => NULL,
     'delivery_option' => '{"736":"7,"}',
     'allow_seperated_package' => 0,
     '_products' => 
    array (
      0 => 
      array (
        'id_product_attribute' => 146,
        'id_product' => 1051,
        'cart_quantity' => 1,
        'id_shop' => 1,
        'id_customization' => NULL,
        'name' => 'stalen strip 20 x 4mm',
        'is_virtual' => 0,
        'description_short' => '(breedte x hoogte), lengte 2 meter',
        'available_now' => '',
        'available_later' => '',
        'id_category_default' => 320,
        'id_supplier' => 3,
        'id_manufacturer' => 0,
        'manufacturer_name' => NULL,
        'on_sale' => 0,
        'ecotax' => '0.000000',
        'additional_shipping_cost' => '0.000000',
        'available_for_order' => 1,
        'show_price' => 1,
        'price' => 5.28,
        'active' => 1,
        'unity' => '',
        'unit_price' => 0.0,
        'quantity_available' => 9988,
        'width' => '0.000000',
        'height' => '0.000000',
        'depth' => '0.000000',
        'out_of_stock' => 2,
        'weight' => 1.28,
        'available_date' => NULL,
        'date_add' => '2020-06-12 14:19:48',
        'date_upd' => '2022-03-16 12:10:16',
        'quantity' => 1,
        'link_rewrite' => 'stalen-strip-20-x-4mm',
        'category' => 'strip',
        'unique_id' => '000000105100000001467370',
        'id_address_delivery' => 737,
        'advanced_stock_management' => 0,
        'supplier_reference' => '',
        'customization_quantity' => NULL,
        'price_attribute' => '0.000000',
        'ecotax_attr' => '0.000000',
        'reference' => 'stalen strip',
        'weight_attribute' => 1.28,
        'ean13' => '',
        'isbn' => '',
        'upc' => '',
        'mpn' => NULL,
        'minimal_quantity' => 1,
        'wholesale_price' => '2.112000',
        'id_image' => '1051-2601',
        'legend' => 'stalen strip 20 x 4mm',
        'reduction_type' => 0,
        'is_gift' => false,
        'reduction' => 0.0,
        'reduction_without_tax' => 0.0,
        'price_without_reduction' => 6.3888,
        'specific_prices' => false,
        'unit_price_ratio' => 0.0,
        'unit_price_tax_excluded' => 0.0,
        'unit_price_tax_included' => 0.0,
        'stock_quantity' => 9988,
        'price_without_reduction_without_tax' => 5.28,
        'price_with_reduction' => 6.3888,
        'price_with_reduction_without_tax' => 5.28,
        'total' => 5.28,
        'total_wt' => 6.39,
        'price_wt' => 6.3888,
        'reduction_applies' => false,
        'quantity_discount_applies' => false,
        'allow_oosp' => 1,
        'features' => 
        array (
          0 => 
          array (
            'id_feature' => 6,
            'id_product' => 1051,
            'id_feature_value' => 16,
          ),
          1 => 
          array (
            'id_feature' => 7,
            'id_product' => 1051,
            'id_feature_value' => 21,
          ),
          2 => 
          array (
            'id_feature' => 17,
            'id_product' => 1051,
            'id_feature_value' => 59,
          ),
          3 => 
          array (
            'id_feature' => 19,
            'id_product' => 1051,
            'id_feature_value' => 91,
          ),
          4 => 
          array (
            'id_feature' => 23,
            'id_product' => 1051,
            'id_feature_value' => 126,
          ),
          5 => 
          array (
            'id_feature' => 24,
            'id_product' => 1051,
            'id_feature_value' => 231,
          ),
          6 => 
          array (
            'id_feature' => 25,
            'id_product' => 1051,
            'id_feature_value' => 233,
          ),
          7 => 
          array (
            'id_feature' => 26,
            'id_product' => 1051,
            'id_feature_value' => 87,
          ),
          8 => 
          array (
            'id_feature' => 27,
            'id_product' => 1051,
            'id_feature_value' => 80,
          ),
          9 => 
          array (
            'id_feature' => 28,
            'id_product' => 1051,
            'id_feature_value' => 81,
          ),
          10 => 
          array (
            'id_feature' => 29,
            'id_product' => 1051,
            'id_feature_value' => 232,
          ),
          11 => 
          array (
            'id_feature' => 30,
            'id_product' => 1051,
            'id_feature_value' => 84,
          ),
          12 => 
          array (
            'id_feature' => 31,
            'id_product' => 1051,
            'id_feature_value' => 374,
          ),
          13 => 
          array (
            'id_feature' => 32,
            'id_product' => 1051,
            'id_feature_value' => 1316,
          ),
          14 => 
          array (
            'id_feature' => 45,
            'id_product' => 1051,
            'id_feature_value' => 5867,
          ),
          15 => 
          array (
            'id_feature' => 46,
            'id_product' => 1051,
            'id_feature_value' => 6952,
          ),
        ),
        'attributes' => 'Zagen: A',
        'attributes_small' => 'A',
        'rate' => 21.0,
        'tax_name' => 'BTW NL 21%',
      ),
      1 => 
      array (
        'id_product_attribute' => 0,
        'id_product' => 3342,
        'cart_quantity' => 1,
        'id_shop' => 1,
        'id_customization' => NULL,
        'name' => '10',
        'is_virtual' => 0,
        'description_short' => '<p>uowqhdoiqwho qwiuondbqwoidnqw&nbsp; oihoiqwoi nqowoiqw oi&nbsp; oqw dho</p>',
        'available_now' => '',
        'available_later' => '',
        'id_category_default' => 382,
        'id_supplier' => 0,
        'id_manufacturer' => 0,
        'manufacturer_name' => NULL,
        'on_sale' => 0,
        'ecotax' => '0.000000',
        'additional_shipping_cost' => '0.000000',
        'available_for_order' => 1,
        'show_price' => 1,
        'price' => 20.0,
        'active' => 1,
        'unity' => NULL,
        'unit_price' => 0.0,
        'quantity_available' => 11,
        'width' => '0.000000',
        'height' => '0.000000',
        'depth' => '0.000000',
        'out_of_stock' => 2,
        'weight' => 0.0,
        'available_date' => '0000-00-00',
        'date_add' => '2023-02-13 09:47:10',
        'date_upd' => '2023-02-13 09:47:10',
        'quantity' => 1,
        'link_rewrite' => '63e9f90ea2826',
        'category' => 'offers',
        'unique_id' => '000000334200000000007370',
        'id_address_delivery' => 737,
        'advanced_stock_management' => 0,
        'supplier_reference' => NULL,
        'customization_quantity' => NULL,
        'price_attribute' => NULL,
        'ecotax_attr' => NULL,
        'reference' => 'CP',
        'weight_attribute' => NULL,
        'ean13' => NULL,
        'isbn' => NULL,
        'upc' => NULL,
        'mpn' => NULL,
        'minimal_quantity' => 1,
        'wholesale_price' => '0.000000',
        'id_image' => '3342-2763',
        'legend' => '',
        'reduction_type' => 0,
        'is_gift' => false,
        'reduction' => 0.0,
        'reduction_without_tax' => 0.0,
        'price_without_reduction' => 24.2,
        'specific_prices' => 
        array (
        ),
        'unit_price_ratio' => 0.0,
        'unit_price_tax_excluded' => 0.0,
        'unit_price_tax_included' => 0.0,
        'stock_quantity' => 11,
        'price_without_reduction_without_tax' => 20.0,
        'price_with_reduction' => 24.2,
        'price_with_reduction_without_tax' => 20.0,
        'total' => 20.0,
        'total_wt' => 24.2,
        'price_wt' => 24.2,
        'reduction_applies' => false,
        'quantity_discount_applies' => false,
        'allow_oosp' => 1,
        'features' => 
        array (
        ),
        'attributes' => '',
        'attributes_small' => '',
        'rate' => 21.0,
        'tax_name' => 'BTW NL 21%',
      ),
    ),
     '_taxCalculationMethod' => 0,
     'configuration' => 
    PrestaShop\PrestaShop\Adapter\Configuration::__set_state(array(
       'parameters' => NULL,
       'shop' => NULL,
    )),
     'addressFactory' => 
    PrestaShop\PrestaShop\Adapter\AddressFactory::__set_state(array(
    )),
     'shouldSplitGiftProductsQuantity' => false,
     'shouldExcludeGiftsDiscount' => false,
     'added_to_order' => '',
  )),
  'altern' => 2,
)array (
  'object' => 
  CustomerThread::__set_state(array(
     'id' => '44',
     'id_lang' => 1,
     'id_shop' => 1,
     'id_shop_list' => 
    array (
    ),
     'get_shop_from_context' => true,
     'table' => 'customer_thread',
     'identifier' => 'id_customer_thread',
     'fieldsRequired' => 
    array (
      0 => 'id_lang',
      1 => 'id_contact',
      2 => 'token',
    ),
     'fieldsSize' => 
    array (
      'email' => 255,
    ),
     'fieldsValidate' => 
    array (
      'id_lang' => 'isUnsignedId',
      'id_contact' => 'isUnsignedId',
      'id_shop' => 'isUnsignedId',
      'id_customer' => 'isUnsignedId',
      'id_order' => 'isUnsignedId',
      'id_product' => 'isUnsignedId',
      'email' => 'isEmail',
      'token' => 'isGenericName',
      'date_add' => 'isDate',
      'date_upd' => 'isDate',
    ),
     'fieldsRequiredLang' => 
    array (
    ),
     'fieldsSizeLang' => 
    array (
    ),
     'fieldsValidateLang' => 
    array (
    ),
     'tables' => 
    array (
    ),
     'webserviceParameters' => 
    array (
      'fields' => 
      array (
        'id_lang' => 
        array (
          'xlink_resource' => 'languages',
        ),
        'id_shop' => 
        array (
          'xlink_resource' => 'shops',
        ),
        'id_customer' => 
        array (
          'xlink_resource' => 'customers',
        ),
        'id_order' => 
        array (
          'xlink_resource' => 'orders',
        ),
        'id_product' => 
        array (
          'xlink_resource' => 'products',
        ),
      ),
      'associations' => 
      array (
        'customer_messages' => 
        array (
          'resource' => 'customer_message',
          'id' => 
          array (
            'required' => true,
          ),
        ),
      ),
    ),
     'image_dir' => NULL,
     'image_format' => 'jpg',
     'translator' => NULL,
     'def' => 
    array (
      'table' => 'customer_thread',
      'primary' => 'id_customer_thread',
      'fields' => 
      array (
        'id_lang' => 
        array (
          'type' => 1,
          'validate' => 'isUnsignedId',
          'required' => true,
        ),
        'id_contact' => 
        array (
          'type' => 1,
          'validate' => 'isUnsignedId',
          'required' => true,
        ),
        'id_shop' => 
        array (
          'type' => 1,
          'validate' => 'isUnsignedId',
        ),
        'id_customer' => 
        array (
          'type' => 1,
          'validate' => 'isUnsignedId',
        ),
        'id_order' => 
        array (
          'type' => 1,
          'validate' => 'isUnsignedId',
        ),
        'id_product' => 
        array (
          'type' => 1,
          'validate' => 'isUnsignedId',
        ),
        'email' => 
        array (
          'type' => 3,
          'validate' => 'isEmail',
          'size' => 255,
        ),
        'token' => 
        array (
          'type' => 3,
          'validate' => 'isGenericName',
          'required' => true,
        ),
        'status' => 
        array (
          'type' => 3,
        ),
        'date_add' => 
        array (
          'type' => 5,
          'validate' => 'isDate',
        ),
        'date_upd' => 
        array (
          'type' => 5,
          'validate' => 'isDate',
        ),
      ),
      'classname' => 'CustomerThread',
    ),
     'update_fields' => NULL,
     'force_id' => false,
     'id_contact' => 0,
     'id_customer' => 666673,
     'id_order' => 548,
     'id_product' => NULL,
     'status' => 'open',
     'email' => 'pppppp@ppp.pp',
     'token' => 'UJnpBkrgVKX5',
     'date_add' => '2023-02-13 09:51:02',
     'date_upd' => '2023-02-13 09:51:02',
  )),
  'cookie' => 
  Cookie::__set_state(array(
     '_content' => 
    array (
      'date_add' => '2023-01-25 11:13:54',
      'id_lang' => '1',
      'id_currency' => 1,
      'psgdpr_remove' => '1',
      'contactFormToken' => '7a0fc5c46dcf75af41780d138242a6c3',
      'contactFormTokenTTL' => '1675421711',
      'last_visited_category' => '320',
      'session_id' => '240',
      'session_token' => '1d6addaa85a7323fd99fc145dc55b10dbab356c3',
      'isSameInvoiceAddress' => '1',
      'supercheckout_temp_address_delivery' => '',
      'supercheckout_accepted_consent' => '[]',
      'supercheckout_default_policy' => 'Ik ga akkoord met de servicevoorwaarden en zal me er onvoorwaardelijk aan houden. ',
      'supercheckout_temp_address_invoice' => '642',
      'selected_customer_secure_key' => 'd7f044ef1143c6e871384ddd60a34fad',
      'selected_customer_customer_firstname' => 'pppppp',
      'selected_customer_customer_lastname' => 'ppppp',
      'selected_customer_id_customer' => '666673',
      'selected_customer_email' => 'pppppp@ppp.pp',
      'on_credit_reference' => '9866GH/637',
      'on_credit_buyer' => 'ughefubw ef weuifb wefiueb fkewf',
      'supercheckout_temp_address_shipping' => '739',
      'supercheckout_perm_address_shipping' => '739',
      'supercheckout_perm_address_delivery' => '739',
      'supercheckout_perm_address_invoice' => '642',
      'check_cgv' => '',
      'id_customer' => '4',
      'customer_lastname' => 'Stoker',
      'customer_firstname' => 'jelmer',
      'passwd' => '$2y$10$oOR6PVnNcuKrENJBlu3Uo.9qPWb5ptFtcRGjP945RI96IeiUiMHRu',
      'logged' => '1',
      'email' => 'jelmer@ijzershop.nl',
      'is_guest' => '',
      'id_cart' => '14460',
      'address_selector' => 'existing',
      'checksum' => '0de6cc7d951c7fdc9bbbc29b3556d43b8c2009d8e8ac09da8bd4e2ed9367ea49',
    ),
     '_name' => 'PrestaShop-630243735b0579bc0e26d8824ee3d7b7',
     '_expire' => 1678006257,
     '_domain' => 'ijzershop8.local',
     '_sameSite' => 'Strict',
     '_path' => '/',
     'cipherTool' => 
    PhpEncryption::__set_state(array(
    )),
     '_modified' => false,
     '_allow_writing' => true,
     '_salt' => 'RYitkuu1',
     '_standalone' => false,
     '_secure' => false,
     'session' => 
    CustomerSession::__set_state(array(
       'id' => 240,
       'id_lang' => NULL,
       'id_shop' => NULL,
       'id_shop_list' => 
      array (
      ),
       'get_shop_from_context' => true,
       'table' => 'customer_session',
       'identifier' => 'id_customer_session',
       'fieldsRequired' => 
      array (
        0 => 'id_customer',
      ),
       'fieldsSize' => 
      array (
        'token' => 40,
      ),
       'fieldsValidate' => 
      array (
        'id_customer' => 'isUnsignedId',
        'token' => 'isSha1',
        'date_upd' => 'isDate',
        'date_add' => 'isDate',
      ),
       'fieldsRequiredLang' => 
      array (
      ),
       'fieldsSizeLang' => 
      array (
      ),
       'fieldsValidateLang' => 
      array (
      ),
       'tables' => 
      array (
      ),
       'webserviceParameters' => 
      array (
      ),
       'image_dir' => NULL,
       'image_format' => 'jpg',
       'translator' => NULL,
       'def' => 
      array (
        'table' => 'customer_session',
        'primary' => 'id_customer_session',
        'fields' => 
        array (
          'id_customer' => 
          array (
            'type' => 1,
            'validate' => 'isUnsignedId',
            'required' => true,
          ),
          'token' => 
          array (
            'type' => 3,
            'validate' => 'isSha1',
            'size' => 40,
            'copy_post' => false,
          ),
          'date_upd' => 
          array (
            'type' => 5,
            'validate' => 'isDate',
            'copy_post' => false,
          ),
          'date_add' => 
          array (
            'type' => 5,
            'validate' => 'isDate',
            'copy_post' => false,
          ),
        ),
        'classname' => 'CustomerSession',
      ),
       'update_fields' => NULL,
       'force_id' => false,
       'id_customer' => 4,
       'token' => '1d6addaa85a7323fd99fc145dc55b10dbab356c3',
       'date_upd' => '2023-02-13 09:50:57',
       'date_add' => '2023-02-06 12:35:26',
    )),
  )),
  'cart' => 
  Cart::__set_state(array(
     'id' => 14460,
     'id_lang' => 1,
     'id_shop' => 1,
     'id_shop_list' => 
    array (
    ),
     'get_shop_from_context' => true,
     'table' => 'cart',
     'identifier' => 'id_cart',
     'fieldsRequired' => 
    array (
      0 => 'id_currency',
      1 => 'id_lang',
    ),
     'fieldsSize' => 
    array (
      'secure_key' => 32,
    ),
     'fieldsValidate' => 
    array (
      'id_shop_group' => 'isUnsignedId',
      'id_shop' => 'isUnsignedId',
      'id_address_delivery' => 'isUnsignedId',
      'id_address_invoice' => 'isUnsignedId',
      'id_carrier' => 'isUnsignedId',
      'id_currency' => 'isUnsignedId',
      'id_customer' => 'isUnsignedId',
      'id_guest' => 'isUnsignedId',
      'id_lang' => 'isUnsignedId',
      'recyclable' => 'isBool',
      'gift' => 'isBool',
      'gift_message' => 'isMessage',
      'mobile_theme' => 'isBool',
      'allow_seperated_package' => 'isBool',
      'date_add' => 'isDate',
      'date_upd' => 'isDate',
    ),
     'fieldsRequiredLang' => 
    array (
    ),
     'fieldsSizeLang' => 
    array (
    ),
     'fieldsValidateLang' => 
    array (
    ),
     'tables' => 
    array (
    ),
     'webserviceParameters' => 
    array (
      'fields' => 
      array (
        'id_address_delivery' => 
        array (
          'xlink_resource' => 'addresses',
        ),
        'id_address_invoice' => 
        array (
          'xlink_resource' => 'addresses',
        ),
        'id_currency' => 
        array (
          'xlink_resource' => 'currencies',
        ),
        'id_customer' => 
        array (
          'xlink_resource' => 'customers',
        ),
        'id_guest' => 
        array (
          'xlink_resource' => 'guests',
        ),
        'id_lang' => 
        array (
          'xlink_resource' => 'languages',
        ),
      ),
      'associations' => 
      array (
        'cart_rows' => 
        array (
          'resource' => 'cart_row',
          'virtual_entity' => true,
          'fields' => 
          array (
            'id_product' => 
            array (
              'required' => true,
              'xlink_resource' => 'products',
            ),
            'id_product_attribute' => 
            array (
              'required' => true,
              'xlink_resource' => 'combinations',
            ),
            'id_address_delivery' => 
            array (
              'required' => true,
              'xlink_resource' => 'addresses',
            ),
            'id_customization' => 
            array (
              'required' => false,
              'xlink_resource' => 'customizations',
            ),
            'quantity' => 
            array (
              'required' => true,
            ),
          ),
        ),
      ),
    ),
     'image_dir' => NULL,
     'image_format' => 'jpg',
     'translator' => NULL,
     'def' => 
    array (
      'table' => 'cart',
      'primary' => 'id_cart',
      'fields' => 
      array (
        'id_shop_group' => 
        array (
          'type' => 1,
          'validate' => 'isUnsignedId',
        ),
        'id_shop' => 
        array (
          'type' => 1,
          'validate' => 'isUnsignedId',
        ),
        'id_address_delivery' => 
        array (
          'type' => 1,
          'validate' => 'isUnsignedId',
        ),
        'id_address_invoice' => 
        array (
          'type' => 1,
          'validate' => 'isUnsignedId',
        ),
        'id_carrier' => 
        array (
          'type' => 1,
          'validate' => 'isUnsignedId',
        ),
        'id_currency' => 
        array (
          'type' => 1,
          'validate' => 'isUnsignedId',
          'required' => true,
        ),
        'id_customer' => 
        array (
          'type' => 1,
          'validate' => 'isUnsignedId',
        ),
        'id_guest' => 
        array (
          'type' => 1,
          'validate' => 'isUnsignedId',
        ),
        'id_lang' => 
        array (
          'type' => 1,
          'validate' => 'isUnsignedId',
          'required' => true,
        ),
        'recyclable' => 
        array (
          'type' => 2,
          'validate' => 'isBool',
        ),
        'gift' => 
        array (
          'type' => 2,
          'validate' => 'isBool',
        ),
        'gift_message' => 
        array (
          'type' => 3,
          'validate' => 'isMessage',
        ),
        'mobile_theme' => 
        array (
          'type' => 2,
          'validate' => 'isBool',
        ),
        'delivery_option' => 
        array (
          'type' => 3,
        ),
        'secure_key' => 
        array (
          'type' => 3,
          'size' => 32,
        ),
        'allow_seperated_package' => 
        array (
          'type' => 2,
          'validate' => 'isBool',
        ),
        'date_add' => 
        array (
          'type' => 5,
          'validate' => 'isDate',
        ),
        'date_upd' => 
        array (
          'type' => 5,
          'validate' => 'isDate',
        ),
        'added_to_order' => 
        array (
          'type' => 3,
        ),
      ),
      'classname' => 'Cart',
    ),
     'update_fields' => NULL,
     'force_id' => false,
     'id_shop_group' => 1,
     'id_address_delivery' => 739,
     'id_address_invoice' => 642,
     'id_currency' => 1,
     'id_customer' => 666673,
     'id_guest' => 0,
     'recyclable' => 0,
     'gift' => 0,
     'gift_message' => '',
     'mobile_theme' => 0,
     'date_add' => '2023-02-13 09:49:28',
     'secure_key' => 'd7f044ef1143c6e871384ddd60a34fad',
     'id_carrier' => 7,
     'date_upd' => '2023-02-13 09:50:57',
     'checkedTos' => false,
     'pictures' => NULL,
     'textFields' => NULL,
     'delivery_option' => '{"738":"7,"}',
     'allow_seperated_package' => 0,
     '_products' => 
    array (
      0 => 
      array (
        'id_product_attribute' => 146,
        'id_product' => 1051,
        'cart_quantity' => 1,
        'id_shop' => 1,
        'id_customization' => NULL,
        'name' => 'stalen strip 20 x 4mm',
        'is_virtual' => 0,
        'description_short' => '(breedte x hoogte), lengte 2 meter',
        'available_now' => '',
        'available_later' => '',
        'id_category_default' => 320,
        'id_supplier' => 3,
        'id_manufacturer' => 0,
        'manufacturer_name' => NULL,
        'on_sale' => 0,
        'ecotax' => '0.000000',
        'additional_shipping_cost' => '0.000000',
        'available_for_order' => 1,
        'show_price' => 1,
        'price' => 5.28,
        'active' => 1,
        'unity' => '',
        'unit_price' => 0.0,
        'quantity_available' => 9987,
        'width' => '0.000000',
        'height' => '0.000000',
        'depth' => '0.000000',
        'out_of_stock' => 2,
        'weight' => 1.28,
        'available_date' => NULL,
        'date_add' => '2020-06-12 14:19:48',
        'date_upd' => '2022-03-16 12:10:16',
        'quantity' => 1,
        'link_rewrite' => 'stalen-strip-20-x-4mm',
        'category' => 'strip',
        'unique_id' => '000000105100000001467390',
        'id_address_delivery' => 739,
        'advanced_stock_management' => 0,
        'supplier_reference' => '',
        'customization_quantity' => NULL,
        'price_attribute' => '0.000000',
        'ecotax_attr' => '0.000000',
        'reference' => 'stalen strip',
        'weight_attribute' => 1.28,
        'ean13' => '',
        'isbn' => '',
        'upc' => '',
        'mpn' => NULL,
        'minimal_quantity' => 1,
        'wholesale_price' => '2.112000',
        'id_image' => '1051-2601',
        'legend' => 'stalen strip 20 x 4mm',
        'reduction_type' => 0,
        'is_gift' => false,
        'reduction' => 0.0,
        'reduction_without_tax' => 0.0,
        'price_without_reduction' => 6.3888,
        'specific_prices' => false,
        'unit_price_ratio' => 0.0,
        'unit_price_tax_excluded' => 0.0,
        'unit_price_tax_included' => 0.0,
        'stock_quantity' => 9987,
        'price_without_reduction_without_tax' => 5.28,
        'price_with_reduction' => 6.3888,
        'price_with_reduction_without_tax' => 5.28,
        'total' => 5.28,
        'total_wt' => 6.39,
        'price_wt' => 6.3888,
        'reduction_applies' => false,
        'quantity_discount_applies' => false,
        'allow_oosp' => 1,
        'features' => 
        array (
          0 => 
          array (
            'id_feature' => 6,
            'id_product' => 1051,
            'id_feature_value' => 16,
          ),
          1 => 
          array (
            'id_feature' => 7,
            'id_product' => 1051,
            'id_feature_value' => 21,
          ),
          2 => 
          array (
            'id_feature' => 17,
            'id_product' => 1051,
            'id_feature_value' => 59,
          ),
          3 => 
          array (
            'id_feature' => 19,
            'id_product' => 1051,
            'id_feature_value' => 91,
          ),
          4 => 
          array (
            'id_feature' => 23,
            'id_product' => 1051,
            'id_feature_value' => 126,
          ),
          5 => 
          array (
            'id_feature' => 24,
            'id_product' => 1051,
            'id_feature_value' => 231,
          ),
          6 => 
          array (
            'id_feature' => 25,
            'id_product' => 1051,
            'id_feature_value' => 233,
          ),
          7 => 
          array (
            'id_feature' => 26,
            'id_product' => 1051,
            'id_feature_value' => 87,
          ),
          8 => 
          array (
            'id_feature' => 27,
            'id_product' => 1051,
            'id_feature_value' => 80,
          ),
          9 => 
          array (
            'id_feature' => 28,
            'id_product' => 1051,
            'id_feature_value' => 81,
          ),
          10 => 
          array (
            'id_feature' => 29,
            'id_product' => 1051,
            'id_feature_value' => 232,
          ),
          11 => 
          array (
            'id_feature' => 30,
            'id_product' => 1051,
            'id_feature_value' => 84,
          ),
          12 => 
          array (
            'id_feature' => 31,
            'id_product' => 1051,
            'id_feature_value' => 374,
          ),
          13 => 
          array (
            'id_feature' => 32,
            'id_product' => 1051,
            'id_feature_value' => 1316,
          ),
          14 => 
          array (
            'id_feature' => 45,
            'id_product' => 1051,
            'id_feature_value' => 5867,
          ),
          15 => 
          array (
            'id_feature' => 46,
            'id_product' => 1051,
            'id_feature_value' => 6952,
          ),
        ),
        'attributes' => 'Zagen: A',
        'attributes_small' => 'A',
        'rate' => 21.0,
        'tax_name' => 'BTW NL 21%',
      ),
      1 => 
      array (
        'id_product_attribute' => 0,
        'id_product' => 3343,
        'cart_quantity' => 1,
        'id_shop' => 1,
        'id_customization' => NULL,
        'name' => 'test',
        'is_virtual' => 0,
        'description_short' => '<p>tes omschrijving</p>',
        'available_now' => '',
        'available_later' => '',
        'id_category_default' => 382,
        'id_supplier' => 0,
        'id_manufacturer' => 0,
        'manufacturer_name' => NULL,
        'on_sale' => 0,
        'ecotax' => '0.000000',
        'additional_shipping_cost' => '0.000000',
        'available_for_order' => 1,
        'show_price' => 1,
        'price' => 10.0,
        'active' => 1,
        'unity' => NULL,
        'unit_price' => 0.0,
        'quantity_available' => 11,
        'width' => '0.000000',
        'height' => '0.000000',
        'depth' => '0.000000',
        'out_of_stock' => 2,
        'weight' => 0.0,
        'available_date' => '0000-00-00',
        'date_add' => '2023-02-13 09:50:08',
        'date_upd' => '2023-02-13 09:50:08',
        'quantity' => 1,
        'link_rewrite' => '63e9f9c045a0a',
        'category' => 'offers',
        'unique_id' => '000000334300000000007390',
        'id_address_delivery' => 739,
        'advanced_stock_management' => 0,
        'supplier_reference' => NULL,
        'customization_quantity' => NULL,
        'price_attribute' => NULL,
        'ecotax_attr' => NULL,
        'reference' => 'CP',
        'weight_attribute' => NULL,
        'ean13' => NULL,
        'isbn' => NULL,
        'upc' => NULL,
        'mpn' => NULL,
        'minimal_quantity' => 1,
        'wholesale_price' => '0.000000',
        'id_image' => '3343-2764',
        'legend' => '',
        'reduction_type' => 0,
        'is_gift' => false,
        'reduction' => 0.0,
        'reduction_without_tax' => 0.0,
        'price_without_reduction' => 12.1,
        'specific_prices' => 
        array (
        ),
        'unit_price_ratio' => 0.0,
        'unit_price_tax_excluded' => 0.0,
        'unit_price_tax_included' => 0.0,
        'stock_quantity' => 11,
        'price_without_reduction_without_tax' => 10.0,
        'price_with_reduction' => 12.1,
        'price_with_reduction_without_tax' => 10.0,
        'total' => 10.0,
        'total_wt' => 12.1,
        'price_wt' => 12.1,
        'reduction_applies' => false,
        'quantity_discount_applies' => false,
        'allow_oosp' => 1,
        'features' => 
        array (
        ),
        'attributes' => '',
        'attributes_small' => '',
        'rate' => 21.0,
        'tax_name' => 'BTW NL 21%',
      ),
    ),
     '_taxCalculationMethod' => 0,
     'configuration' => 
    PrestaShop\PrestaShop\Adapter\Configuration::__set_state(array(
       'parameters' => NULL,
       'shop' => NULL,
    )),
     'addressFactory' => 
    PrestaShop\PrestaShop\Adapter\AddressFactory::__set_state(array(
    )),
     'shouldSplitGiftProductsQuantity' => false,
     'shouldExcludeGiftsDiscount' => false,
     'added_to_order' => '',
  )),
  'altern' => 2,
)array (
  'object' => 
  CustomerThread::__set_state(array(
     'id' => '45',
     'id_lang' => 1,
     'id_shop' => 1,
     'id_shop_list' => 
    array (
    ),
     'get_shop_from_context' => true,
     'table' => 'customer_thread',
     'identifier' => 'id_customer_thread',
     'fieldsRequired' => 
    array (
      0 => 'id_lang',
      1 => 'id_contact',
      2 => 'token',
    ),
     'fieldsSize' => 
    array (
      'email' => 255,
    ),
     'fieldsValidate' => 
    array (
      'id_lang' => 'isUnsignedId',
      'id_contact' => 'isUnsignedId',
      'id_shop' => 'isUnsignedId',
      'id_customer' => 'isUnsignedId',
      'id_order' => 'isUnsignedId',
      'id_product' => 'isUnsignedId',
      'email' => 'isEmail',
      'token' => 'isGenericName',
      'date_add' => 'isDate',
      'date_upd' => 'isDate',
    ),
     'fieldsRequiredLang' => 
    array (
    ),
     'fieldsSizeLang' => 
    array (
    ),
     'fieldsValidateLang' => 
    array (
    ),
     'tables' => 
    array (
    ),
     'webserviceParameters' => 
    array (
      'fields' => 
      array (
        'id_lang' => 
        array (
          'xlink_resource' => 'languages',
        ),
        'id_shop' => 
        array (
          'xlink_resource' => 'shops',
        ),
        'id_customer' => 
        array (
          'xlink_resource' => 'customers',
        ),
        'id_order' => 
        array (
          'xlink_resource' => 'orders',
        ),
        'id_product' => 
        array (
          'xlink_resource' => 'products',
        ),
      ),
      'associations' => 
      array (
        'customer_messages' => 
        array (
          'resource' => 'customer_message',
          'id' => 
          array (
            'required' => true,
          ),
        ),
      ),
    ),
     'image_dir' => NULL,
     'image_format' => 'jpg',
     'translator' => NULL,
     'def' => 
    array (
      'table' => 'customer_thread',
      'primary' => 'id_customer_thread',
      'fields' => 
      array (
        'id_lang' => 
        array (
          'type' => 1,
          'validate' => 'isUnsignedId',
          'required' => true,
        ),
        'id_contact' => 
        array (
          'type' => 1,
          'validate' => 'isUnsignedId',
          'required' => true,
        ),
        'id_shop' => 
        array (
          'type' => 1,
          'validate' => 'isUnsignedId',
        ),
        'id_customer' => 
        array (
          'type' => 1,
          'validate' => 'isUnsignedId',
        ),
        'id_order' => 
        array (
          'type' => 1,
          'validate' => 'isUnsignedId',
        ),
        'id_product' => 
        array (
          'type' => 1,
          'validate' => 'isUnsignedId',
        ),
        'email' => 
        array (
          'type' => 3,
          'validate' => 'isEmail',
          'size' => 255,
        ),
        'token' => 
        array (
          'type' => 3,
          'validate' => 'isGenericName',
          'required' => true,
        ),
        'status' => 
        array (
          'type' => 3,
        ),
        'date_add' => 
        array (
          'type' => 5,
          'validate' => 'isDate',
        ),
        'date_upd' => 
        array (
          'type' => 5,
          'validate' => 'isDate',
        ),
      ),
      'classname' => 'CustomerThread',
    ),
     'update_fields' => NULL,
     'force_id' => false,
     'id_contact' => 0,
     'id_customer' => 666673,
     'id_order' => 549,
     'id_product' => NULL,
     'status' => 'open',
     'email' => 'pppppp@ppp.pp',
     'token' => 'VQLjqzbqkBSt',
     'date_add' => '2023-02-13 09:56:00',
     'date_upd' => '2023-02-13 09:56:00',
  )),
  'cookie' => 
  Cookie::__set_state(array(
     '_content' => 
    array (
      'date_add' => '2023-01-25 11:13:54',
      'id_lang' => '1',
      'id_currency' => 1,
      'psgdpr_remove' => '1',
      'contactFormToken' => '7a0fc5c46dcf75af41780d138242a6c3',
      'contactFormTokenTTL' => '1675421711',
      'last_visited_category' => '321',
      'session_id' => '240',
      'session_token' => '1d6addaa85a7323fd99fc145dc55b10dbab356c3',
      'isSameInvoiceAddress' => '1',
      'supercheckout_temp_address_delivery' => '',
      'supercheckout_accepted_consent' => '[]',
      'supercheckout_default_policy' => 'Ik ga akkoord met de servicevoorwaarden en zal me er onvoorwaardelijk aan houden. ',
      'supercheckout_temp_address_invoice' => '642',
      'selected_customer_secure_key' => 'd7f044ef1143c6e871384ddd60a34fad',
      'selected_customer_customer_firstname' => 'pppppp',
      'selected_customer_customer_lastname' => 'ppppp',
      'selected_customer_id_customer' => '666673',
      'selected_customer_email' => 'pppppp@ppp.pp',
      'on_credit_reference' => 'koetswerk',
      'on_credit_buyer' => 'test jb stoker',
      'supercheckout_temp_address_shipping' => '741',
      'supercheckout_perm_address_shipping' => '741',
      'supercheckout_perm_address_delivery' => '741',
      'supercheckout_perm_address_invoice' => '642',
      'check_cgv' => '',
      'id_customer' => '4',
      'customer_lastname' => 'Stoker',
      'customer_firstname' => 'jelmer',
      'passwd' => '$2y$10$oOR6PVnNcuKrENJBlu3Uo.9qPWb5ptFtcRGjP945RI96IeiUiMHRu',
      'logged' => '1',
      'email' => 'jelmer@ijzershop.nl',
      'is_guest' => '',
      'id_cart' => '14461',
      'address_selector' => 'existing',
      'checksum' => 'f563d8723c2c894285574bf9c0bdf394ca9ac3cce82539d1176a137c01ba04bd',
    ),
     '_name' => 'PrestaShop-630243735b0579bc0e26d8824ee3d7b7',
     '_expire' => 1678006557,
     '_domain' => 'ijzershop8.local',
     '_sameSite' => 'Strict',
     '_path' => '/',
     'cipherTool' => 
    PhpEncryption::__set_state(array(
    )),
     '_modified' => false,
     '_allow_writing' => true,
     '_salt' => 'RYitkuu1',
     '_standalone' => false,
     '_secure' => false,
     'session' => 
    CustomerSession::__set_state(array(
       'id' => 240,
       'id_lang' => NULL,
       'id_shop' => NULL,
       'id_shop_list' => 
      array (
      ),
       'get_shop_from_context' => true,
       'table' => 'customer_session',
       'identifier' => 'id_customer_session',
       'fieldsRequired' => 
      array (
        0 => 'id_customer',
      ),
       'fieldsSize' => 
      array (
        'token' => 40,
      ),
       'fieldsValidate' => 
      array (
        'id_customer' => 'isUnsignedId',
        'token' => 'isSha1',
        'date_upd' => 'isDate',
        'date_add' => 'isDate',
      ),
       'fieldsRequiredLang' => 
      array (
      ),
       'fieldsSizeLang' => 
      array (
      ),
       'fieldsValidateLang' => 
      array (
      ),
       'tables' => 
      array (
      ),
       'webserviceParameters' => 
      array (
      ),
       'image_dir' => NULL,
       'image_format' => 'jpg',
       'translator' => NULL,
       'def' => 
      array (
        'table' => 'customer_session',
        'primary' => 'id_customer_session',
        'fields' => 
        array (
          'id_customer' => 
          array (
            'type' => 1,
            'validate' => 'isUnsignedId',
            'required' => true,
          ),
          'token' => 
          array (
            'type' => 3,
            'validate' => 'isSha1',
            'size' => 40,
            'copy_post' => false,
          ),
          'date_upd' => 
          array (
            'type' => 5,
            'validate' => 'isDate',
            'copy_post' => false,
          ),
          'date_add' => 
          array (
            'type' => 5,
            'validate' => 'isDate',
            'copy_post' => false,
          ),
        ),
        'classname' => 'CustomerSession',
      ),
       'update_fields' => NULL,
       'force_id' => false,
       'id_customer' => 4,
       'token' => '1d6addaa85a7323fd99fc145dc55b10dbab356c3',
       'date_upd' => '2023-02-13 09:55:57',
       'date_add' => '2023-02-06 12:35:26',
    )),
  )),
  'cart' => 
  Cart::__set_state(array(
     'id' => 14461,
     'id_lang' => 1,
     'id_shop' => 1,
     'id_shop_list' => 
    array (
    ),
     'get_shop_from_context' => true,
     'table' => 'cart',
     'identifier' => 'id_cart',
     'fieldsRequired' => 
    array (
      0 => 'id_currency',
      1 => 'id_lang',
    ),
     'fieldsSize' => 
    array (
      'secure_key' => 32,
    ),
     'fieldsValidate' => 
    array (
      'id_shop_group' => 'isUnsignedId',
      'id_shop' => 'isUnsignedId',
      'id_address_delivery' => 'isUnsignedId',
      'id_address_invoice' => 'isUnsignedId',
      'id_carrier' => 'isUnsignedId',
      'id_currency' => 'isUnsignedId',
      'id_customer' => 'isUnsignedId',
      'id_guest' => 'isUnsignedId',
      'id_lang' => 'isUnsignedId',
      'recyclable' => 'isBool',
      'gift' => 'isBool',
      'gift_message' => 'isMessage',
      'mobile_theme' => 'isBool',
      'allow_seperated_package' => 'isBool',
      'date_add' => 'isDate',
      'date_upd' => 'isDate',
    ),
     'fieldsRequiredLang' => 
    array (
    ),
     'fieldsSizeLang' => 
    array (
    ),
     'fieldsValidateLang' => 
    array (
    ),
     'tables' => 
    array (
    ),
     'webserviceParameters' => 
    array (
      'fields' => 
      array (
        'id_address_delivery' => 
        array (
          'xlink_resource' => 'addresses',
        ),
        'id_address_invoice' => 
        array (
          'xlink_resource' => 'addresses',
        ),
        'id_currency' => 
        array (
          'xlink_resource' => 'currencies',
        ),
        'id_customer' => 
        array (
          'xlink_resource' => 'customers',
        ),
        'id_guest' => 
        array (
          'xlink_resource' => 'guests',
        ),
        'id_lang' => 
        array (
          'xlink_resource' => 'languages',
        ),
      ),
      'associations' => 
      array (
        'cart_rows' => 
        array (
          'resource' => 'cart_row',
          'virtual_entity' => true,
          'fields' => 
          array (
            'id_product' => 
            array (
              'required' => true,
              'xlink_resource' => 'products',
            ),
            'id_product_attribute' => 
            array (
              'required' => true,
              'xlink_resource' => 'combinations',
            ),
            'id_address_delivery' => 
            array (
              'required' => true,
              'xlink_resource' => 'addresses',
            ),
            'id_customization' => 
            array (
              'required' => false,
              'xlink_resource' => 'customizations',
            ),
            'quantity' => 
            array (
              'required' => true,
            ),
          ),
        ),
      ),
    ),
     'image_dir' => NULL,
     'image_format' => 'jpg',
     'translator' => NULL,
     'def' => 
    array (
      'table' => 'cart',
      'primary' => 'id_cart',
      'fields' => 
      array (
        'id_shop_group' => 
        array (
          'type' => 1,
          'validate' => 'isUnsignedId',
        ),
        'id_shop' => 
        array (
          'type' => 1,
          'validate' => 'isUnsignedId',
        ),
        'id_address_delivery' => 
        array (
          'type' => 1,
          'validate' => 'isUnsignedId',
        ),
        'id_address_invoice' => 
        array (
          'type' => 1,
          'validate' => 'isUnsignedId',
        ),
        'id_carrier' => 
        array (
          'type' => 1,
          'validate' => 'isUnsignedId',
        ),
        'id_currency' => 
        array (
          'type' => 1,
          'validate' => 'isUnsignedId',
          'required' => true,
        ),
        'id_customer' => 
        array (
          'type' => 1,
          'validate' => 'isUnsignedId',
        ),
        'id_guest' => 
        array (
          'type' => 1,
          'validate' => 'isUnsignedId',
        ),
        'id_lang' => 
        array (
          'type' => 1,
          'validate' => 'isUnsignedId',
          'required' => true,
        ),
        'recyclable' => 
        array (
          'type' => 2,
          'validate' => 'isBool',
        ),
        'gift' => 
        array (
          'type' => 2,
          'validate' => 'isBool',
        ),
        'gift_message' => 
        array (
          'type' => 3,
          'validate' => 'isMessage',
        ),
        'mobile_theme' => 
        array (
          'type' => 2,
          'validate' => 'isBool',
        ),
        'delivery_option' => 
        array (
          'type' => 3,
        ),
        'secure_key' => 
        array (
          'type' => 3,
          'size' => 32,
        ),
        'allow_seperated_package' => 
        array (
          'type' => 2,
          'validate' => 'isBool',
        ),
        'date_add' => 
        array (
          'type' => 5,
          'validate' => 'isDate',
        ),
        'date_upd' => 
        array (
          'type' => 5,
          'validate' => 'isDate',
        ),
        'added_to_order' => 
        array (
          'type' => 3,
        ),
      ),
      'classname' => 'Cart',
    ),
     'update_fields' => NULL,
     'force_id' => false,
     'id_shop_group' => 1,
     'id_address_delivery' => 741,
     'id_address_invoice' => 642,
     'id_currency' => 1,
     'id_customer' => 666673,
     'id_guest' => 0,
     'recyclable' => 0,
     'gift' => 0,
     'gift_message' => '',
     'mobile_theme' => 0,
     'date_add' => '2023-02-13 09:55:20',
     'secure_key' => 'd7f044ef1143c6e871384ddd60a34fad',
     'id_carrier' => 7,
     'date_upd' => '2023-02-13 09:55:57',
     'checkedTos' => false,
     'pictures' => NULL,
     'textFields' => NULL,
     'delivery_option' => '{"740":"7,"}',
     'allow_seperated_package' => 0,
     '_products' => 
    array (
      0 => 
      array (
        'id_product_attribute' => 3781,
        'id_product' => 1040,
        'cart_quantity' => 1,
        'id_shop' => 1,
        'id_customization' => NULL,
        'name' => 'stalen koker 15 x 15 x 2mm',
        'is_virtual' => 0,
        'description_short' => '<p>gebeitst (lichte kleur), (hoogte x breedte x wanddikte), lengte 2 meter</p>',
        'available_now' => '',
        'available_later' => '',
        'id_category_default' => 321,
        'id_supplier' => 3,
        'id_manufacturer' => 0,
        'manufacturer_name' => NULL,
        'on_sale' => 0,
        'ecotax' => '0.000000',
        'additional_shipping_cost' => '0.000000',
        'available_for_order' => 1,
        'show_price' => 1,
        'price' => 7.4,
        'active' => 1,
        'unity' => '',
        'unit_price' => 0.0,
        'quantity_available' => 9929,
        'width' => '0.000000',
        'height' => '0.000000',
        'depth' => '0.000000',
        'out_of_stock' => 2,
        'weight' => 1.6,
        'available_date' => NULL,
        'date_add' => '2020-06-12 14:19:47',
        'date_upd' => '2022-04-05 16:47:30',
        'quantity' => 1,
        'link_rewrite' => 'stalen-koker-15-x-15-x-2mm',
        'category' => 'koker-vierkant',
        'unique_id' => '000000104000000037817410',
        'id_address_delivery' => 741,
        'advanced_stock_management' => 0,
        'supplier_reference' => '',
        'customization_quantity' => NULL,
        'price_attribute' => '0.000000',
        'ecotax_attr' => '0.000000',
        'reference' => 'L1',
        'weight_attribute' => 1.6,
        'ean13' => '',
        'isbn' => '',
        'upc' => '',
        'mpn' => '',
        'minimal_quantity' => 1,
        'wholesale_price' => '2.960000',
        'id_image' => '1040-2028',
        'legend' => 'stalen koker 15 x 15 x 2mm',
        'reduction_type' => 0,
        'is_gift' => false,
        'reduction' => 0.0,
        'reduction_without_tax' => 0.0,
        'price_without_reduction' => 8.954,
        'specific_prices' => false,
        'unit_price_ratio' => 0.0,
        'unit_price_tax_excluded' => 0.0,
        'unit_price_tax_included' => 0.0,
        'stock_quantity' => 9929,
        'price_without_reduction_without_tax' => 7.4,
        'price_with_reduction' => 8.954,
        'price_with_reduction_without_tax' => 7.4,
        'total' => 7.4,
        'total_wt' => 8.95,
        'price_wt' => 8.954,
        'reduction_applies' => false,
        'quantity_discount_applies' => false,
        'allow_oosp' => 1,
        'features' => 
        array (
          0 => 
          array (
            'id_feature' => 4,
            'id_product' => 1040,
            'id_feature_value' => 13,
          ),
          1 => 
          array (
            'id_feature' => 9,
            'id_product' => 1040,
            'id_feature_value' => 126,
          ),
          2 => 
          array (
            'id_feature' => 10,
            'id_product' => 1040,
            'id_feature_value' => 33,
          ),
          3 => 
          array (
            'id_feature' => 17,
            'id_product' => 1040,
            'id_feature_value' => 306,
          ),
          4 => 
          array (
            'id_feature' => 18,
            'id_product' => 1040,
            'id_feature_value' => 309,
          ),
          5 => 
          array (
            'id_feature' => 19,
            'id_product' => 1040,
            'id_feature_value' => 102,
          ),
          6 => 
          array (
            'id_feature' => 23,
            'id_product' => 1040,
            'id_feature_value' => 86,
          ),
          7 => 
          array (
            'id_feature' => 24,
            'id_product' => 1040,
            'id_feature_value' => 82,
          ),
          8 => 
          array (
            'id_feature' => 25,
            'id_product' => 1040,
            'id_feature_value' => 12996,
          ),
          9 => 
          array (
            'id_feature' => 26,
            'id_product' => 1040,
            'id_feature_value' => 87,
          ),
          10 => 
          array (
            'id_feature' => 27,
            'id_product' => 1040,
            'id_feature_value' => 80,
          ),
          11 => 
          array (
            'id_feature' => 28,
            'id_product' => 1040,
            'id_feature_value' => 12997,
          ),
          12 => 
          array (
            'id_feature' => 29,
            'id_product' => 1040,
            'id_feature_value' => 83,
          ),
          13 => 
          array (
            'id_feature' => 30,
            'id_product' => 1040,
            'id_feature_value' => 12998,
          ),
          14 => 
          array (
            'id_feature' => 32,
            'id_product' => 1040,
            'id_feature_value' => 1316,
          ),
          15 => 
          array (
            'id_feature' => 36,
            'id_product' => 1040,
            'id_feature_value' => 12808,
          ),
          16 => 
          array (
            'id_feature' => 36,
            'id_product' => 1040,
            'id_feature_value' => 12814,
          ),
          17 => 
          array (
            'id_feature' => 38,
            'id_product' => 1040,
            'id_feature_value' => 6567,
          ),
          18 => 
          array (
            'id_feature' => 39,
            'id_product' => 1040,
            'id_feature_value' => 12999,
          ),
          19 => 
          array (
            'id_feature' => 45,
            'id_product' => 1040,
            'id_feature_value' => 5851,
          ),
          20 => 
          array (
            'id_feature' => 46,
            'id_product' => 1040,
            'id_feature_value' => 12803,
          ),
          21 => 
          array (
            'id_feature' => 46,
            'id_product' => 1040,
            'id_feature_value' => 12809,
          ),
        ),
        'attributes' => 'Zagen: A',
        'attributes_small' => 'A',
        'rate' => 21.0,
        'tax_name' => 'BTW NL 21%',
      ),
      1 => 
      array (
        'id_product_attribute' => 0,
        'id_product' => 3344,
        'cart_quantity' => 1,
        'id_shop' => 1,
        'id_customization' => NULL,
        'name' => 'testtttttt',
        'is_virtual' => 0,
        'description_short' => '<p>k omschrijving</p>',
        'available_now' => '',
        'available_later' => '',
        'id_category_default' => 382,
        'id_supplier' => 0,
        'id_manufacturer' => 0,
        'manufacturer_name' => NULL,
        'on_sale' => 0,
        'ecotax' => '0.000000',
        'additional_shipping_cost' => '0.000000',
        'available_for_order' => 1,
        'show_price' => 1,
        'price' => 10.0,
        'active' => 1,
        'unity' => NULL,
        'unit_price' => 0.0,
        'quantity_available' => 11,
        'width' => '0.000000',
        'height' => '0.000000',
        'depth' => '0.000000',
        'out_of_stock' => 2,
        'weight' => 0.0,
        'available_date' => '0000-00-00',
        'date_add' => '2023-02-13 09:55:38',
        'date_upd' => '2023-02-13 09:55:38',
        'quantity' => 1,
        'link_rewrite' => '63e9fb0a791cf',
        'category' => 'offers',
        'unique_id' => '000000334400000000007410',
        'id_address_delivery' => 741,
        'advanced_stock_management' => 0,
        'supplier_reference' => NULL,
        'customization_quantity' => NULL,
        'price_attribute' => NULL,
        'ecotax_attr' => NULL,
        'reference' => 'CP',
        'weight_attribute' => NULL,
        'ean13' => NULL,
        'isbn' => NULL,
        'upc' => NULL,
        'mpn' => NULL,
        'minimal_quantity' => 1,
        'wholesale_price' => '0.000000',
        'id_image' => '3344-2765',
        'legend' => '',
        'reduction_type' => 0,
        'is_gift' => false,
        'reduction' => 0.0,
        'reduction_without_tax' => 0.0,
        'price_without_reduction' => 12.1,
        'specific_prices' => 
        array (
        ),
        'unit_price_ratio' => 0.0,
        'unit_price_tax_excluded' => 0.0,
        'unit_price_tax_included' => 0.0,
        'stock_quantity' => 11,
        'price_without_reduction_without_tax' => 10.0,
        'price_with_reduction' => 12.1,
        'price_with_reduction_without_tax' => 10.0,
        'total' => 10.0,
        'total_wt' => 12.1,
        'price_wt' => 12.1,
        'reduction_applies' => false,
        'quantity_discount_applies' => false,
        'allow_oosp' => 1,
        'features' => 
        array (
        ),
        'attributes' => '',
        'attributes_small' => '',
        'rate' => 21.0,
        'tax_name' => 'BTW NL 21%',
      ),
    ),
     '_taxCalculationMethod' => 0,
     'configuration' => 
    PrestaShop\PrestaShop\Adapter\Configuration::__set_state(array(
       'parameters' => NULL,
       'shop' => NULL,
    )),
     'addressFactory' => 
    PrestaShop\PrestaShop\Adapter\AddressFactory::__set_state(array(
    )),
     'shouldSplitGiftProductsQuantity' => false,
     'shouldExcludeGiftsDiscount' => false,
     'added_to_order' => '',
  )),
  'altern' => 2,
)array (
  'object' => 
  CustomerThread::__set_state(array(
     'id' => '46',
     'id_lang' => 1,
     'id_shop' => 1,
     'id_shop_list' => 
    array (
    ),
     'get_shop_from_context' => true,
     'table' => 'customer_thread',
     'identifier' => 'id_customer_thread',
     'fieldsRequired' => 
    array (
      0 => 'id_lang',
      1 => 'id_contact',
      2 => 'token',
    ),
     'fieldsSize' => 
    array (
      'email' => 255,
    ),
     'fieldsValidate' => 
    array (
      'id_lang' => 'isUnsignedId',
      'id_contact' => 'isUnsignedId',
      'id_shop' => 'isUnsignedId',
      'id_customer' => 'isUnsignedId',
      'id_order' => 'isUnsignedId',
      'id_product' => 'isUnsignedId',
      'email' => 'isEmail',
      'token' => 'isGenericName',
      'date_add' => 'isDate',
      'date_upd' => 'isDate',
    ),
     'fieldsRequiredLang' => 
    array (
    ),
     'fieldsSizeLang' => 
    array (
    ),
     'fieldsValidateLang' => 
    array (
    ),
     'tables' => 
    array (
    ),
     'webserviceParameters' => 
    array (
      'fields' => 
      array (
        'id_lang' => 
        array (
          'xlink_resource' => 'languages',
        ),
        'id_shop' => 
        array (
          'xlink_resource' => 'shops',
        ),
        'id_customer' => 
        array (
          'xlink_resource' => 'customers',
        ),
        'id_order' => 
        array (
          'xlink_resource' => 'orders',
        ),
        'id_product' => 
        array (
          'xlink_resource' => 'products',
        ),
      ),
      'associations' => 
      array (
        'customer_messages' => 
        array (
          'resource' => 'customer_message',
          'id' => 
          array (
            'required' => true,
          ),
        ),
      ),
    ),
     'image_dir' => NULL,
     'image_format' => 'jpg',
     'translator' => NULL,
     'def' => 
    array (
      'table' => 'customer_thread',
      'primary' => 'id_customer_thread',
      'fields' => 
      array (
        'id_lang' => 
        array (
          'type' => 1,
          'validate' => 'isUnsignedId',
          'required' => true,
        ),
        'id_contact' => 
        array (
          'type' => 1,
          'validate' => 'isUnsignedId',
          'required' => true,
        ),
        'id_shop' => 
        array (
          'type' => 1,
          'validate' => 'isUnsignedId',
        ),
        'id_customer' => 
        array (
          'type' => 1,
          'validate' => 'isUnsignedId',
        ),
        'id_order' => 
        array (
          'type' => 1,
          'validate' => 'isUnsignedId',
        ),
        'id_product' => 
        array (
          'type' => 1,
          'validate' => 'isUnsignedId',
        ),
        'email' => 
        array (
          'type' => 3,
          'validate' => 'isEmail',
          'size' => 255,
        ),
        'token' => 
        array (
          'type' => 3,
          'validate' => 'isGenericName',
          'required' => true,
        ),
        'status' => 
        array (
          'type' => 3,
        ),
        'date_add' => 
        array (
          'type' => 5,
          'validate' => 'isDate',
        ),
        'date_upd' => 
        array (
          'type' => 5,
          'validate' => 'isDate',
        ),
      ),
      'classname' => 'CustomerThread',
    ),
     'update_fields' => NULL,
     'force_id' => false,
     'id_contact' => 0,
     'id_customer' => 4,
     'id_order' => 550,
     'id_product' => NULL,
     'status' => 'open',
     'email' => 'jelmer@ijzershop.nl',
     'token' => 'nB9To8qwNiIy',
     'date_add' => '2023-02-13 10:11:39',
     'date_upd' => '2023-02-13 10:11:39',
  )),
  'cookie' => 
  Cookie::__set_state(array(
     '_content' => 
    array (
      'date_add' => '2023-01-25 11:13:54',
      'id_lang' => '1',
      'id_currency' => 1,
      'psgdpr_remove' => '1',
      'contactFormToken' => '7a0fc5c46dcf75af41780d138242a6c3',
      'contactFormTokenTTL' => '1675421711',
      'last_visited_category' => '321',
      'session_id' => '240',
      'session_token' => '1d6addaa85a7323fd99fc145dc55b10dbab356c3',
      'isSameInvoiceAddress' => '1',
      'supercheckout_temp_address_delivery' => '',
      'supercheckout_accepted_consent' => '[]',
      'supercheckout_default_policy' => 'Ik ga akkoord met de servicevoorwaarden en zal me er onvoorwaardelijk aan houden. ',
      'supercheckout_temp_address_invoice' => '',
      'selected_customer_secure_key' => 'dfa60599a75dabe329b3f5b034ec8be6',
      'selected_customer_customer_firstname' => 'jelmer',
      'selected_customer_customer_lastname' => 'Stoker',
      'selected_customer_id_customer' => '4',
      'selected_customer_email' => 'jelmer@ijzershop.nl',
      'on_credit_reference' => '9866GH/637',
      'on_credit_buyer' => 'Peter Pakezel',
      'supercheckout_temp_address_shipping' => '743',
      'supercheckout_perm_address_shipping' => '743',
      'supercheckout_perm_address_delivery' => '743',
      'supercheckout_perm_address_invoice' => '744',
      'check_cgv' => '',
      'id_customer' => '4',
      'customer_lastname' => 'Stoker',
      'customer_firstname' => 'jelmer',
      'passwd' => '$2y$10$oOR6PVnNcuKrENJBlu3Uo.9qPWb5ptFtcRGjP945RI96IeiUiMHRu',
      'logged' => '1',
      'email' => 'jelmer@ijzershop.nl',
      'is_guest' => '',
      'id_cart' => '14462',
      'address_selector' => 'existing',
      'checksum' => '5b44d52a43818f21465d120f9246f2a51be96695673a911431c2b5286b841601',
    ),
     '_name' => 'PrestaShop-630243735b0579bc0e26d8824ee3d7b7',
     '_expire' => 1678007495,
     '_domain' => 'ijzershop8.local',
     '_sameSite' => 'Strict',
     '_path' => '/',
     'cipherTool' => 
    PhpEncryption::__set_state(array(
    )),
     '_modified' => false,
     '_allow_writing' => true,
     '_salt' => 'RYitkuu1',
     '_standalone' => false,
     '_secure' => false,
     'session' => 
    CustomerSession::__set_state(array(
       'id' => 240,
       'id_lang' => NULL,
       'id_shop' => NULL,
       'id_shop_list' => 
      array (
      ),
       'get_shop_from_context' => true,
       'table' => 'customer_session',
       'identifier' => 'id_customer_session',
       'fieldsRequired' => 
      array (
        0 => 'id_customer',
      ),
       'fieldsSize' => 
      array (
        'token' => 40,
      ),
       'fieldsValidate' => 
      array (
        'id_customer' => 'isUnsignedId',
        'token' => 'isSha1',
        'date_upd' => 'isDate',
        'date_add' => 'isDate',
      ),
       'fieldsRequiredLang' => 
      array (
      ),
       'fieldsSizeLang' => 
      array (
      ),
       'fieldsValidateLang' => 
      array (
      ),
       'tables' => 
      array (
      ),
       'webserviceParameters' => 
      array (
      ),
       'image_dir' => NULL,
       'image_format' => 'jpg',
       'translator' => NULL,
       'def' => 
      array (
        'table' => 'customer_session',
        'primary' => 'id_customer_session',
        'fields' => 
        array (
          'id_customer' => 
          array (
            'type' => 1,
            'validate' => 'isUnsignedId',
            'required' => true,
          ),
          'token' => 
          array (
            'type' => 3,
            'validate' => 'isSha1',
            'size' => 40,
            'copy_post' => false,
          ),
          'date_upd' => 
          array (
            'type' => 5,
            'validate' => 'isDate',
            'copy_post' => false,
          ),
          'date_add' => 
          array (
            'type' => 5,
            'validate' => 'isDate',
            'copy_post' => false,
          ),
        ),
        'classname' => 'CustomerSession',
      ),
       'update_fields' => NULL,
       'force_id' => false,
       'id_customer' => 4,
       'token' => '1d6addaa85a7323fd99fc145dc55b10dbab356c3',
       'date_upd' => '2023-02-13 10:11:35',
       'date_add' => '2023-02-06 12:35:26',
    )),
  )),
  'cart' => 
  Cart::__set_state(array(
     'id' => 14462,
     'id_lang' => 1,
     'id_shop' => 1,
     'id_shop_list' => 
    array (
    ),
     'get_shop_from_context' => true,
     'table' => 'cart',
     'identifier' => 'id_cart',
     'fieldsRequired' => 
    array (
      0 => 'id_currency',
      1 => 'id_lang',
    ),
     'fieldsSize' => 
    array (
      'secure_key' => 32,
    ),
     'fieldsValidate' => 
    array (
      'id_shop_group' => 'isUnsignedId',
      'id_shop' => 'isUnsignedId',
      'id_address_delivery' => 'isUnsignedId',
      'id_address_invoice' => 'isUnsignedId',
      'id_carrier' => 'isUnsignedId',
      'id_currency' => 'isUnsignedId',
      'id_customer' => 'isUnsignedId',
      'id_guest' => 'isUnsignedId',
      'id_lang' => 'isUnsignedId',
      'recyclable' => 'isBool',
      'gift' => 'isBool',
      'gift_message' => 'isMessage',
      'mobile_theme' => 'isBool',
      'allow_seperated_package' => 'isBool',
      'date_add' => 'isDate',
      'date_upd' => 'isDate',
    ),
     'fieldsRequiredLang' => 
    array (
    ),
     'fieldsSizeLang' => 
    array (
    ),
     'fieldsValidateLang' => 
    array (
    ),
     'tables' => 
    array (
    ),
     'webserviceParameters' => 
    array (
      'fields' => 
      array (
        'id_address_delivery' => 
        array (
          'xlink_resource' => 'addresses',
        ),
        'id_address_invoice' => 
        array (
          'xlink_resource' => 'addresses',
        ),
        'id_currency' => 
        array (
          'xlink_resource' => 'currencies',
        ),
        'id_customer' => 
        array (
          'xlink_resource' => 'customers',
        ),
        'id_guest' => 
        array (
          'xlink_resource' => 'guests',
        ),
        'id_lang' => 
        array (
          'xlink_resource' => 'languages',
        ),
      ),
      'associations' => 
      array (
        'cart_rows' => 
        array (
          'resource' => 'cart_row',
          'virtual_entity' => true,
          'fields' => 
          array (
            'id_product' => 
            array (
              'required' => true,
              'xlink_resource' => 'products',
            ),
            'id_product_attribute' => 
            array (
              'required' => true,
              'xlink_resource' => 'combinations',
            ),
            'id_address_delivery' => 
            array (
              'required' => true,
              'xlink_resource' => 'addresses',
            ),
            'id_customization' => 
            array (
              'required' => false,
              'xlink_resource' => 'customizations',
            ),
            'quantity' => 
            array (
              'required' => true,
            ),
          ),
        ),
      ),
    ),
     'image_dir' => NULL,
     'image_format' => 'jpg',
     'translator' => NULL,
     'def' => 
    array (
      'table' => 'cart',
      'primary' => 'id_cart',
      'fields' => 
      array (
        'id_shop_group' => 
        array (
          'type' => 1,
          'validate' => 'isUnsignedId',
        ),
        'id_shop' => 
        array (
          'type' => 1,
          'validate' => 'isUnsignedId',
        ),
        'id_address_delivery' => 
        array (
          'type' => 1,
          'validate' => 'isUnsignedId',
        ),
        'id_address_invoice' => 
        array (
          'type' => 1,
          'validate' => 'isUnsignedId',
        ),
        'id_carrier' => 
        array (
          'type' => 1,
          'validate' => 'isUnsignedId',
        ),
        'id_currency' => 
        array (
          'type' => 1,
          'validate' => 'isUnsignedId',
          'required' => true,
        ),
        'id_customer' => 
        array (
          'type' => 1,
          'validate' => 'isUnsignedId',
        ),
        'id_guest' => 
        array (
          'type' => 1,
          'validate' => 'isUnsignedId',
        ),
        'id_lang' => 
        array (
          'type' => 1,
          'validate' => 'isUnsignedId',
          'required' => true,
        ),
        'recyclable' => 
        array (
          'type' => 2,
          'validate' => 'isBool',
        ),
        'gift' => 
        array (
          'type' => 2,
          'validate' => 'isBool',
        ),
        'gift_message' => 
        array (
          'type' => 3,
          'validate' => 'isMessage',
        ),
        'mobile_theme' => 
        array (
          'type' => 2,
          'validate' => 'isBool',
        ),
        'delivery_option' => 
        array (
          'type' => 3,
        ),
        'secure_key' => 
        array (
          'type' => 3,
          'size' => 32,
        ),
        'allow_seperated_package' => 
        array (
          'type' => 2,
          'validate' => 'isBool',
        ),
        'date_add' => 
        array (
          'type' => 5,
          'validate' => 'isDate',
        ),
        'date_upd' => 
        array (
          'type' => 5,
          'validate' => 'isDate',
        ),
        'added_to_order' => 
        array (
          'type' => 3,
        ),
      ),
      'classname' => 'Cart',
    ),
     'update_fields' => NULL,
     'force_id' => false,
     'id_shop_group' => 1,
     'id_address_delivery' => 743,
     'id_address_invoice' => 744,
     'id_currency' => 1,
     'id_customer' => 4,
     'id_guest' => 0,
     'recyclable' => 0,
     'gift' => 0,
     'gift_message' => '',
     'mobile_theme' => 0,
     'date_add' => '2023-02-13 10:11:07',
     'secure_key' => 'dfa60599a75dabe329b3f5b034ec8be6',
     'id_carrier' => 7,
     'date_upd' => '2023-02-13 10:11:35',
     'checkedTos' => false,
     'pictures' => NULL,
     'textFields' => NULL,
     'delivery_option' => '{"742":"7,"}',
     'allow_seperated_package' => 0,
     '_products' => 
    array (
      0 => 
      array (
        'id_product_attribute' => 3781,
        'id_product' => 1040,
        'cart_quantity' => 1,
        'id_shop' => 1,
        'id_customization' => NULL,
        'name' => 'stalen koker 15 x 15 x 2mm',
        'is_virtual' => 0,
        'description_short' => '<p>gebeitst (lichte kleur), (hoogte x breedte x wanddikte), lengte 2 meter</p>',
        'available_now' => '',
        'available_later' => '',
        'id_category_default' => 321,
        'id_supplier' => 3,
        'id_manufacturer' => 0,
        'manufacturer_name' => NULL,
        'on_sale' => 0,
        'ecotax' => '0.000000',
        'additional_shipping_cost' => '0.000000',
        'available_for_order' => 1,
        'show_price' => 1,
        'price' => 7.4,
        'active' => 1,
        'unity' => '',
        'unit_price' => 0.0,
        'quantity_available' => 9928,
        'width' => '0.000000',
        'height' => '0.000000',
        'depth' => '0.000000',
        'out_of_stock' => 2,
        'weight' => 1.6,
        'available_date' => NULL,
        'date_add' => '2020-06-12 14:19:47',
        'date_upd' => '2022-04-05 16:47:30',
        'quantity' => 1,
        'link_rewrite' => 'stalen-koker-15-x-15-x-2mm',
        'category' => 'koker-vierkant',
        'unique_id' => '000000104000000037817430',
        'id_address_delivery' => 743,
        'advanced_stock_management' => 0,
        'supplier_reference' => '',
        'customization_quantity' => NULL,
        'price_attribute' => '0.000000',
        'ecotax_attr' => '0.000000',
        'reference' => 'L1',
        'weight_attribute' => 1.6,
        'ean13' => '',
        'isbn' => '',
        'upc' => '',
        'mpn' => '',
        'minimal_quantity' => 1,
        'wholesale_price' => '2.960000',
        'id_image' => '1040-2028',
        'legend' => 'stalen koker 15 x 15 x 2mm',
        'reduction_type' => 0,
        'is_gift' => false,
        'reduction' => 0.0,
        'reduction_without_tax' => 0.0,
        'price_without_reduction' => 8.954,
        'specific_prices' => false,
        'unit_price_ratio' => 0.0,
        'unit_price_tax_excluded' => 0.0,
        'unit_price_tax_included' => 0.0,
        'stock_quantity' => 9928,
        'price_without_reduction_without_tax' => 7.4,
        'price_with_reduction' => 8.954,
        'price_with_reduction_without_tax' => 7.4,
        'total' => 7.4,
        'total_wt' => 8.95,
        'price_wt' => 8.954,
        'reduction_applies' => false,
        'quantity_discount_applies' => false,
        'allow_oosp' => 1,
        'features' => 
        array (
          0 => 
          array (
            'id_feature' => 4,
            'id_product' => 1040,
            'id_feature_value' => 13,
          ),
          1 => 
          array (
            'id_feature' => 9,
            'id_product' => 1040,
            'id_feature_value' => 126,
          ),
          2 => 
          array (
            'id_feature' => 10,
            'id_product' => 1040,
            'id_feature_value' => 33,
          ),
          3 => 
          array (
            'id_feature' => 17,
            'id_product' => 1040,
            'id_feature_value' => 306,
          ),
          4 => 
          array (
            'id_feature' => 18,
            'id_product' => 1040,
            'id_feature_value' => 309,
          ),
          5 => 
          array (
            'id_feature' => 19,
            'id_product' => 1040,
            'id_feature_value' => 102,
          ),
          6 => 
          array (
            'id_feature' => 23,
            'id_product' => 1040,
            'id_feature_value' => 86,
          ),
          7 => 
          array (
            'id_feature' => 24,
            'id_product' => 1040,
            'id_feature_value' => 82,
          ),
          8 => 
          array (
            'id_feature' => 25,
            'id_product' => 1040,
            'id_feature_value' => 12996,
          ),
          9 => 
          array (
            'id_feature' => 26,
            'id_product' => 1040,
            'id_feature_value' => 87,
          ),
          10 => 
          array (
            'id_feature' => 27,
            'id_product' => 1040,
            'id_feature_value' => 80,
          ),
          11 => 
          array (
            'id_feature' => 28,
            'id_product' => 1040,
            'id_feature_value' => 12997,
          ),
          12 => 
          array (
            'id_feature' => 29,
            'id_product' => 1040,
            'id_feature_value' => 83,
          ),
          13 => 
          array (
            'id_feature' => 30,
            'id_product' => 1040,
            'id_feature_value' => 12998,
          ),
          14 => 
          array (
            'id_feature' => 32,
            'id_product' => 1040,
            'id_feature_value' => 1316,
          ),
          15 => 
          array (
            'id_feature' => 36,
            'id_product' => 1040,
            'id_feature_value' => 12808,
          ),
          16 => 
          array (
            'id_feature' => 36,
            'id_product' => 1040,
            'id_feature_value' => 12814,
          ),
          17 => 
          array (
            'id_feature' => 38,
            'id_product' => 1040,
            'id_feature_value' => 6567,
          ),
          18 => 
          array (
            'id_feature' => 39,
            'id_product' => 1040,
            'id_feature_value' => 12999,
          ),
          19 => 
          array (
            'id_feature' => 45,
            'id_product' => 1040,
            'id_feature_value' => 5851,
          ),
          20 => 
          array (
            'id_feature' => 46,
            'id_product' => 1040,
            'id_feature_value' => 12803,
          ),
          21 => 
          array (
            'id_feature' => 46,
            'id_product' => 1040,
            'id_feature_value' => 12809,
          ),
        ),
        'attributes' => 'Zagen: A',
        'attributes_small' => 'A',
        'rate' => 21.0,
        'tax_name' => 'BTW NL 21%',
      ),
      1 => 
      array (
        'id_product_attribute' => 0,
        'id_product' => 3345,
        'cart_quantity' => 1,
        'id_shop' => 1,
        'id_customization' => NULL,
        'name' => 'test',
        'is_virtual' => 0,
        'description_short' => '<p>qefqfwqfq</p>',
        'available_now' => '',
        'available_later' => '',
        'id_category_default' => 382,
        'id_supplier' => 0,
        'id_manufacturer' => 0,
        'manufacturer_name' => NULL,
        'on_sale' => 0,
        'ecotax' => '0.000000',
        'additional_shipping_cost' => '0.000000',
        'available_for_order' => 1,
        'show_price' => 1,
        'price' => 10.0,
        'active' => 1,
        'unity' => NULL,
        'unit_price' => 0.0,
        'quantity_available' => 11,
        'width' => '0.000000',
        'height' => '0.000000',
        'depth' => '0.000000',
        'out_of_stock' => 2,
        'weight' => 0.0,
        'available_date' => '0000-00-00',
        'date_add' => '2023-02-13 10:11:20',
        'date_upd' => '2023-02-13 10:11:20',
        'quantity' => 1,
        'link_rewrite' => '63e9feb82c983',
        'category' => 'offers',
        'unique_id' => '000000334500000000007430',
        'id_address_delivery' => 743,
        'advanced_stock_management' => 0,
        'supplier_reference' => NULL,
        'customization_quantity' => NULL,
        'price_attribute' => NULL,
        'ecotax_attr' => NULL,
        'reference' => 'CP',
        'weight_attribute' => NULL,
        'ean13' => NULL,
        'isbn' => NULL,
        'upc' => NULL,
        'mpn' => NULL,
        'minimal_quantity' => 1,
        'wholesale_price' => '0.000000',
        'id_image' => '3345-2766',
        'legend' => '',
        'reduction_type' => 0,
        'is_gift' => false,
        'reduction' => 0.0,
        'reduction_without_tax' => 0.0,
        'price_without_reduction' => 12.1,
        'specific_prices' => 
        array (
        ),
        'unit_price_ratio' => 0.0,
        'unit_price_tax_excluded' => 0.0,
        'unit_price_tax_included' => 0.0,
        'stock_quantity' => 11,
        'price_without_reduction_without_tax' => 10.0,
        'price_with_reduction' => 12.1,
        'price_with_reduction_without_tax' => 10.0,
        'total' => 10.0,
        'total_wt' => 12.1,
        'price_wt' => 12.1,
        'reduction_applies' => false,
        'quantity_discount_applies' => false,
        'allow_oosp' => 1,
        'features' => 
        array (
        ),
        'attributes' => '',
        'attributes_small' => '',
        'rate' => 21.0,
        'tax_name' => 'BTW NL 21%',
      ),
    ),
     '_taxCalculationMethod' => 0,
     'configuration' => 
    PrestaShop\PrestaShop\Adapter\Configuration::__set_state(array(
       'parameters' => NULL,
       'shop' => NULL,
    )),
     'addressFactory' => 
    PrestaShop\PrestaShop\Adapter\AddressFactory::__set_state(array(
    )),
     'shouldSplitGiftProductsQuantity' => false,
     'shouldExcludeGiftsDiscount' => false,
     'added_to_order' => '',
  )),
  'altern' => 2,
)array (
  'object' => 
  CustomerThread::__set_state(array(
     'id' => '47',
     'id_lang' => 1,
     'id_shop' => 1,
     'id_shop_list' => 
    array (
    ),
     'get_shop_from_context' => true,
     'table' => 'customer_thread',
     'identifier' => 'id_customer_thread',
     'fieldsRequired' => 
    array (
      0 => 'id_lang',
      1 => 'id_contact',
      2 => 'token',
    ),
     'fieldsSize' => 
    array (
      'email' => 255,
    ),
     'fieldsValidate' => 
    array (
      'id_lang' => 'isUnsignedId',
      'id_contact' => 'isUnsignedId',
      'id_shop' => 'isUnsignedId',
      'id_customer' => 'isUnsignedId',
      'id_order' => 'isUnsignedId',
      'id_product' => 'isUnsignedId',
      'email' => 'isEmail',
      'token' => 'isGenericName',
      'date_add' => 'isDate',
      'date_upd' => 'isDate',
    ),
     'fieldsRequiredLang' => 
    array (
    ),
     'fieldsSizeLang' => 
    array (
    ),
     'fieldsValidateLang' => 
    array (
    ),
     'tables' => 
    array (
    ),
     'webserviceParameters' => 
    array (
      'fields' => 
      array (
        'id_lang' => 
        array (
          'xlink_resource' => 'languages',
        ),
        'id_shop' => 
        array (
          'xlink_resource' => 'shops',
        ),
        'id_customer' => 
        array (
          'xlink_resource' => 'customers',
        ),
        'id_order' => 
        array (
          'xlink_resource' => 'orders',
        ),
        'id_product' => 
        array (
          'xlink_resource' => 'products',
        ),
      ),
      'associations' => 
      array (
        'customer_messages' => 
        array (
          'resource' => 'customer_message',
          'id' => 
          array (
            'required' => true,
          ),
        ),
      ),
    ),
     'image_dir' => NULL,
     'image_format' => 'jpg',
     'translator' => NULL,
     'def' => 
    array (
      'table' => 'customer_thread',
      'primary' => 'id_customer_thread',
      'fields' => 
      array (
        'id_lang' => 
        array (
          'type' => 1,
          'validate' => 'isUnsignedId',
          'required' => true,
        ),
        'id_contact' => 
        array (
          'type' => 1,
          'validate' => 'isUnsignedId',
          'required' => true,
        ),
        'id_shop' => 
        array (
          'type' => 1,
          'validate' => 'isUnsignedId',
        ),
        'id_customer' => 
        array (
          'type' => 1,
          'validate' => 'isUnsignedId',
        ),
        'id_order' => 
        array (
          'type' => 1,
          'validate' => 'isUnsignedId',
        ),
        'id_product' => 
        array (
          'type' => 1,
          'validate' => 'isUnsignedId',
        ),
        'email' => 
        array (
          'type' => 3,
          'validate' => 'isEmail',
          'size' => 255,
        ),
        'token' => 
        array (
          'type' => 3,
          'validate' => 'isGenericName',
          'required' => true,
        ),
        'status' => 
        array (
          'type' => 3,
        ),
        'date_add' => 
        array (
          'type' => 5,
          'validate' => 'isDate',
        ),
        'date_upd' => 
        array (
          'type' => 5,
          'validate' => 'isDate',
        ),
      ),
      'classname' => 'CustomerThread',
    ),
     'update_fields' => NULL,
     'force_id' => false,
     'id_contact' => 0,
     'id_customer' => 666673,
     'id_order' => 553,
     'id_product' => NULL,
     'status' => 'open',
     'email' => 'pppppp@ppp.pp',
     'token' => 'kFjegNR1SPHN',
     'date_add' => '2023-02-13 10:23:34',
     'date_upd' => '2023-02-13 10:23:34',
  )),
  'cookie' => 
  Cookie::__set_state(array(
     '_content' => 
    array (
      'date_add' => '2023-01-25 11:13:54',
      'id_lang' => '1',
      'id_currency' => 1,
      'psgdpr_remove' => '1',
      'contactFormToken' => '7a0fc5c46dcf75af41780d138242a6c3',
      'contactFormTokenTTL' => '1675421711',
      'last_visited_category' => '320',
      'session_id' => '240',
      'session_token' => '1d6addaa85a7323fd99fc145dc55b10dbab356c3',
      'isSameInvoiceAddress' => '1',
      'supercheckout_temp_address_delivery' => '',
      'supercheckout_accepted_consent' => '[]',
      'supercheckout_default_policy' => 'Ik ga akkoord met de servicevoorwaarden en zal me er onvoorwaardelijk aan houden. ',
      'supercheckout_temp_address_invoice' => '642',
      'selected_customer_secure_key' => 'd7f044ef1143c6e871384ddd60a34fad',
      'selected_customer_customer_firstname' => 'pppppp',
      'selected_customer_customer_lastname' => 'ppppp',
      'selected_customer_id_customer' => '666673',
      'selected_customer_email' => 'pppppp@ppp.pp',
      'on_credit_reference' => '9866GH/637',
      'on_credit_buyer' => 'test jb stoker',
      'supercheckout_temp_address_shipping' => '751',
      'supercheckout_perm_address_shipping' => '751',
      'supercheckout_perm_address_delivery' => '751',
      'supercheckout_perm_address_invoice' => '642',
      'check_cgv' => '',
      'id_customer' => '4',
      'customer_lastname' => 'Stoker',
      'customer_firstname' => 'jelmer',
      'passwd' => '$2y$10$oOR6PVnNcuKrENJBlu3Uo.9qPWb5ptFtcRGjP945RI96IeiUiMHRu',
      'logged' => '1',
      'email' => 'jelmer@ijzershop.nl',
      'is_guest' => '',
      'id_cart' => '14465',
      'address_selector' => 'existing',
      'checksum' => '46d2f9a7ed6330c4bf31d8d3da97522f3d2396305c470a5381749c028dd2b59a',
    ),
     '_name' => 'PrestaShop-630243735b0579bc0e26d8824ee3d7b7',
     '_expire' => 1678008211,
     '_domain' => 'ijzershop8.local',
     '_sameSite' => 'Strict',
     '_path' => '/',
     'cipherTool' => 
    PhpEncryption::__set_state(array(
    )),
     '_modified' => false,
     '_allow_writing' => true,
     '_salt' => 'RYitkuu1',
     '_standalone' => false,
     '_secure' => false,
     'session' => 
    CustomerSession::__set_state(array(
       'id' => 240,
       'id_lang' => NULL,
       'id_shop' => NULL,
       'id_shop_list' => 
      array (
      ),
       'get_shop_from_context' => true,
       'table' => 'customer_session',
       'identifier' => 'id_customer_session',
       'fieldsRequired' => 
      array (
        0 => 'id_customer',
      ),
       'fieldsSize' => 
      array (
        'token' => 40,
      ),
       'fieldsValidate' => 
      array (
        'id_customer' => 'isUnsignedId',
        'token' => 'isSha1',
        'date_upd' => 'isDate',
        'date_add' => 'isDate',
      ),
       'fieldsRequiredLang' => 
      array (
      ),
       'fieldsSizeLang' => 
      array (
      ),
       'fieldsValidateLang' => 
      array (
      ),
       'tables' => 
      array (
      ),
       'webserviceParameters' => 
      array (
      ),
       'image_dir' => NULL,
       'image_format' => 'jpg',
       'translator' => NULL,
       'def' => 
      array (
        'table' => 'customer_session',
        'primary' => 'id_customer_session',
        'fields' => 
        array (
          'id_customer' => 
          array (
            'type' => 1,
            'validate' => 'isUnsignedId',
            'required' => true,
          ),
          'token' => 
          array (
            'type' => 3,
            'validate' => 'isSha1',
            'size' => 40,
            'copy_post' => false,
          ),
          'date_upd' => 
          array (
            'type' => 5,
            'validate' => 'isDate',
            'copy_post' => false,
          ),
          'date_add' => 
          array (
            'type' => 5,
            'validate' => 'isDate',
            'copy_post' => false,
          ),
        ),
        'classname' => 'CustomerSession',
      ),
       'update_fields' => NULL,
       'force_id' => false,
       'id_customer' => 4,
       'token' => '1d6addaa85a7323fd99fc145dc55b10dbab356c3',
       'date_upd' => '2023-02-13 10:23:31',
       'date_add' => '2023-02-06 12:35:26',
    )),
  )),
  'cart' => 
  Cart::__set_state(array(
     'id' => 14465,
     'id_lang' => 1,
     'id_shop' => 1,
     'id_shop_list' => 
    array (
    ),
     'get_shop_from_context' => true,
     'table' => 'cart',
     'identifier' => 'id_cart',
     'fieldsRequired' => 
    array (
      0 => 'id_currency',
      1 => 'id_lang',
    ),
     'fieldsSize' => 
    array (
      'secure_key' => 32,
    ),
     'fieldsValidate' => 
    array (
      'id_shop_group' => 'isUnsignedId',
      'id_shop' => 'isUnsignedId',
      'id_address_delivery' => 'isUnsignedId',
      'id_address_invoice' => 'isUnsignedId',
      'id_carrier' => 'isUnsignedId',
      'id_currency' => 'isUnsignedId',
      'id_customer' => 'isUnsignedId',
      'id_guest' => 'isUnsignedId',
      'id_lang' => 'isUnsignedId',
      'recyclable' => 'isBool',
      'gift' => 'isBool',
      'gift_message' => 'isMessage',
      'mobile_theme' => 'isBool',
      'allow_seperated_package' => 'isBool',
      'date_add' => 'isDate',
      'date_upd' => 'isDate',
    ),
     'fieldsRequiredLang' => 
    array (
    ),
     'fieldsSizeLang' => 
    array (
    ),
     'fieldsValidateLang' => 
    array (
    ),
     'tables' => 
    array (
    ),
     'webserviceParameters' => 
    array (
      'fields' => 
      array (
        'id_address_delivery' => 
        array (
          'xlink_resource' => 'addresses',
        ),
        'id_address_invoice' => 
        array (
          'xlink_resource' => 'addresses',
        ),
        'id_currency' => 
        array (
          'xlink_resource' => 'currencies',
        ),
        'id_customer' => 
        array (
          'xlink_resource' => 'customers',
        ),
        'id_guest' => 
        array (
          'xlink_resource' => 'guests',
        ),
        'id_lang' => 
        array (
          'xlink_resource' => 'languages',
        ),
      ),
      'associations' => 
      array (
        'cart_rows' => 
        array (
          'resource' => 'cart_row',
          'virtual_entity' => true,
          'fields' => 
          array (
            'id_product' => 
            array (
              'required' => true,
              'xlink_resource' => 'products',
            ),
            'id_product_attribute' => 
            array (
              'required' => true,
              'xlink_resource' => 'combinations',
            ),
            'id_address_delivery' => 
            array (
              'required' => true,
              'xlink_resource' => 'addresses',
            ),
            'id_customization' => 
            array (
              'required' => false,
              'xlink_resource' => 'customizations',
            ),
            'quantity' => 
            array (
              'required' => true,
            ),
          ),
        ),
      ),
    ),
     'image_dir' => NULL,
     'image_format' => 'jpg',
     'translator' => NULL,
     'def' => 
    array (
      'table' => 'cart',
      'primary' => 'id_cart',
      'fields' => 
      array (
        'id_shop_group' => 
        array (
          'type' => 1,
          'validate' => 'isUnsignedId',
        ),
        'id_shop' => 
        array (
          'type' => 1,
          'validate' => 'isUnsignedId',
        ),
        'id_address_delivery' => 
        array (
          'type' => 1,
          'validate' => 'isUnsignedId',
        ),
        'id_address_invoice' => 
        array (
          'type' => 1,
          'validate' => 'isUnsignedId',
        ),
        'id_carrier' => 
        array (
          'type' => 1,
          'validate' => 'isUnsignedId',
        ),
        'id_currency' => 
        array (
          'type' => 1,
          'validate' => 'isUnsignedId',
          'required' => true,
        ),
        'id_customer' => 
        array (
          'type' => 1,
          'validate' => 'isUnsignedId',
        ),
        'id_guest' => 
        array (
          'type' => 1,
          'validate' => 'isUnsignedId',
        ),
        'id_lang' => 
        array (
          'type' => 1,
          'validate' => 'isUnsignedId',
          'required' => true,
        ),
        'recyclable' => 
        array (
          'type' => 2,
          'validate' => 'isBool',
        ),
        'gift' => 
        array (
          'type' => 2,
          'validate' => 'isBool',
        ),
        'gift_message' => 
        array (
          'type' => 3,
          'validate' => 'isMessage',
        ),
        'mobile_theme' => 
        array (
          'type' => 2,
          'validate' => 'isBool',
        ),
        'delivery_option' => 
        array (
          'type' => 3,
        ),
        'secure_key' => 
        array (
          'type' => 3,
          'size' => 32,
        ),
        'allow_seperated_package' => 
        array (
          'type' => 2,
          'validate' => 'isBool',
        ),
        'date_add' => 
        array (
          'type' => 5,
          'validate' => 'isDate',
        ),
        'date_upd' => 
        array (
          'type' => 5,
          'validate' => 'isDate',
        ),
        'added_to_order' => 
        array (
          'type' => 3,
        ),
      ),
      'classname' => 'Cart',
    ),
     'update_fields' => NULL,
     'force_id' => false,
     'id_shop_group' => 1,
     'id_address_delivery' => 751,
     'id_address_invoice' => 642,
     'id_currency' => 1,
     'id_customer' => 666673,
     'id_guest' => 0,
     'recyclable' => 0,
     'gift' => 0,
     'gift_message' => '',
     'mobile_theme' => 0,
     'date_add' => '2023-02-13 10:19:30',
     'secure_key' => 'd7f044ef1143c6e871384ddd60a34fad',
     'id_carrier' => 7,
     'date_upd' => '2023-02-13 10:23:31',
     'checkedTos' => false,
     'pictures' => NULL,
     'textFields' => NULL,
     'delivery_option' => '{"750":"7,"}',
     'allow_seperated_package' => 0,
     '_products' => 
    array (
      0 => 
      array (
        'id_product_attribute' => 146,
        'id_product' => 1051,
        'cart_quantity' => 1,
        'id_shop' => 1,
        'id_customization' => NULL,
        'name' => 'stalen strip 20 x 4mm',
        'is_virtual' => 0,
        'description_short' => '(breedte x hoogte), lengte 2 meter',
        'available_now' => '',
        'available_later' => '',
        'id_category_default' => 320,
        'id_supplier' => 3,
        'id_manufacturer' => 0,
        'manufacturer_name' => NULL,
        'on_sale' => 0,
        'ecotax' => '0.000000',
        'additional_shipping_cost' => '0.000000',
        'available_for_order' => 1,
        'show_price' => 1,
        'price' => 5.28,
        'active' => 1,
        'unity' => '',
        'unit_price' => 0.0,
        'quantity_available' => 9986,
        'width' => '0.000000',
        'height' => '0.000000',
        'depth' => '0.000000',
        'out_of_stock' => 2,
        'weight' => 1.28,
        'available_date' => NULL,
        'date_add' => '2020-06-12 14:19:48',
        'date_upd' => '2022-03-16 12:10:16',
        'quantity' => 1,
        'link_rewrite' => 'stalen-strip-20-x-4mm',
        'category' => 'strip',
        'unique_id' => '000000105100000001467510',
        'id_address_delivery' => 751,
        'advanced_stock_management' => 0,
        'supplier_reference' => '',
        'customization_quantity' => NULL,
        'price_attribute' => '0.000000',
        'ecotax_attr' => '0.000000',
        'reference' => 'stalen strip',
        'weight_attribute' => 1.28,
        'ean13' => '',
        'isbn' => '',
        'upc' => '',
        'mpn' => NULL,
        'minimal_quantity' => 1,
        'wholesale_price' => '2.112000',
        'id_image' => '1051-2601',
        'legend' => 'stalen strip 20 x 4mm',
        'reduction_type' => 0,
        'is_gift' => false,
        'reduction' => 0.0,
        'reduction_without_tax' => 0.0,
        'price_without_reduction' => 6.3888,
        'specific_prices' => false,
        'unit_price_ratio' => 0.0,
        'unit_price_tax_excluded' => 0.0,
        'unit_price_tax_included' => 0.0,
        'stock_quantity' => 9986,
        'price_without_reduction_without_tax' => 5.28,
        'price_with_reduction' => 6.3888,
        'price_with_reduction_without_tax' => 5.28,
        'total' => 5.28,
        'total_wt' => 6.39,
        'price_wt' => 6.3888,
        'reduction_applies' => false,
        'quantity_discount_applies' => false,
        'allow_oosp' => 1,
        'features' => 
        array (
          0 => 
          array (
            'id_feature' => 6,
            'id_product' => 1051,
            'id_feature_value' => 16,
          ),
          1 => 
          array (
            'id_feature' => 7,
            'id_product' => 1051,
            'id_feature_value' => 21,
          ),
          2 => 
          array (
            'id_feature' => 17,
            'id_product' => 1051,
            'id_feature_value' => 59,
          ),
          3 => 
          array (
            'id_feature' => 19,
            'id_product' => 1051,
            'id_feature_value' => 91,
          ),
          4 => 
          array (
            'id_feature' => 23,
            'id_product' => 1051,
            'id_feature_value' => 126,
          ),
          5 => 
          array (
            'id_feature' => 24,
            'id_product' => 1051,
            'id_feature_value' => 231,
          ),
          6 => 
          array (
            'id_feature' => 25,
            'id_product' => 1051,
            'id_feature_value' => 233,
          ),
          7 => 
          array (
            'id_feature' => 26,
            'id_product' => 1051,
            'id_feature_value' => 87,
          ),
          8 => 
          array (
            'id_feature' => 27,
            'id_product' => 1051,
            'id_feature_value' => 80,
          ),
          9 => 
          array (
            'id_feature' => 28,
            'id_product' => 1051,
            'id_feature_value' => 81,
          ),
          10 => 
          array (
            'id_feature' => 29,
            'id_product' => 1051,
            'id_feature_value' => 232,
          ),
          11 => 
          array (
            'id_feature' => 30,
            'id_product' => 1051,
            'id_feature_value' => 84,
          ),
          12 => 
          array (
            'id_feature' => 31,
            'id_product' => 1051,
            'id_feature_value' => 374,
          ),
          13 => 
          array (
            'id_feature' => 32,
            'id_product' => 1051,
            'id_feature_value' => 1316,
          ),
          14 => 
          array (
            'id_feature' => 45,
            'id_product' => 1051,
            'id_feature_value' => 5867,
          ),
          15 => 
          array (
            'id_feature' => 46,
            'id_product' => 1051,
            'id_feature_value' => 6952,
          ),
        ),
        'attributes' => 'Zagen: A',
        'attributes_small' => 'A',
        'rate' => 21.0,
        'tax_name' => 'BTW NL 21%',
      ),
      1 => 
      array (
        'id_product_attribute' => 0,
        'id_product' => 3347,
        'cart_quantity' => 1,
        'id_shop' => 1,
        'id_customization' => NULL,
        'name' => 'test',
        'is_virtual' => 0,
        'description_short' => '<p>wefwefwefwe ewf wefewfwe&nbsp; fewf weefwef</p>',
        'available_now' => '',
        'available_later' => '',
        'id_category_default' => 382,
        'id_supplier' => 0,
        'id_manufacturer' => 0,
        'manufacturer_name' => NULL,
        'on_sale' => 0,
        'ecotax' => '0.000000',
        'additional_shipping_cost' => '0.000000',
        'available_for_order' => 1,
        'show_price' => 1,
        'price' => 10.0,
        'active' => 1,
        'unity' => NULL,
        'unit_price' => 0.0,
        'quantity_available' => 11,
        'width' => '0.000000',
        'height' => '0.000000',
        'depth' => '0.000000',
        'out_of_stock' => 2,
        'weight' => 0.0,
        'available_date' => '0000-00-00',
        'date_add' => '2023-02-13 10:20:12',
        'date_upd' => '2023-02-13 10:20:12',
        'quantity' => 1,
        'link_rewrite' => '63ea00cc15daf',
        'category' => 'offers',
        'unique_id' => '000000334700000000007510',
        'id_address_delivery' => 751,
        'advanced_stock_management' => 0,
        'supplier_reference' => NULL,
        'customization_quantity' => NULL,
        'price_attribute' => NULL,
        'ecotax_attr' => NULL,
        'reference' => 'CP',
        'weight_attribute' => NULL,
        'ean13' => NULL,
        'isbn' => NULL,
        'upc' => NULL,
        'mpn' => NULL,
        'minimal_quantity' => 1,
        'wholesale_price' => '0.000000',
        'id_image' => '3347-2768',
        'legend' => '',
        'reduction_type' => 0,
        'is_gift' => false,
        'reduction' => 0.0,
        'reduction_without_tax' => 0.0,
        'price_without_reduction' => 12.1,
        'specific_prices' => 
        array (
        ),
        'unit_price_ratio' => 0.0,
        'unit_price_tax_excluded' => 0.0,
        'unit_price_tax_included' => 0.0,
        'stock_quantity' => 11,
        'price_without_reduction_without_tax' => 10.0,
        'price_with_reduction' => 12.1,
        'price_with_reduction_without_tax' => 10.0,
        'total' => 10.0,
        'total_wt' => 12.1,
        'price_wt' => 12.1,
        'reduction_applies' => false,
        'quantity_discount_applies' => false,
        'allow_oosp' => 1,
        'features' => 
        array (
        ),
        'attributes' => '',
        'attributes_small' => '',
        'rate' => 21.0,
        'tax_name' => 'BTW NL 21%',
      ),
    ),
     '_taxCalculationMethod' => 0,
     'configuration' => 
    PrestaShop\PrestaShop\Adapter\Configuration::__set_state(array(
       'parameters' => NULL,
       'shop' => NULL,
    )),
     'addressFactory' => 
    PrestaShop\PrestaShop\Adapter\AddressFactory::__set_state(array(
    )),
     'shouldSplitGiftProductsQuantity' => false,
     'shouldExcludeGiftsDiscount' => false,
     'added_to_order' => '',
  )),
  'altern' => 2,
)array (
  'object' => 
  CustomerThread::__set_state(array(
     'id' => '48',
     'id_lang' => 1,
     'id_shop' => 1,
     'id_shop_list' => 
    array (
    ),
     'get_shop_from_context' => true,
     'table' => 'customer_thread',
     'identifier' => 'id_customer_thread',
     'fieldsRequired' => 
    array (
      0 => 'id_lang',
      1 => 'id_contact',
      2 => 'token',
    ),
     'fieldsSize' => 
    array (
      'email' => 255,
    ),
     'fieldsValidate' => 
    array (
      'id_lang' => 'isUnsignedId',
      'id_contact' => 'isUnsignedId',
      'id_shop' => 'isUnsignedId',
      'id_customer' => 'isUnsignedId',
      'id_order' => 'isUnsignedId',
      'id_product' => 'isUnsignedId',
      'email' => 'isEmail',
      'token' => 'isGenericName',
      'date_add' => 'isDate',
      'date_upd' => 'isDate',
    ),
     'fieldsRequiredLang' => 
    array (
    ),
     'fieldsSizeLang' => 
    array (
    ),
     'fieldsValidateLang' => 
    array (
    ),
     'tables' => 
    array (
    ),
     'webserviceParameters' => 
    array (
      'fields' => 
      array (
        'id_lang' => 
        array (
          'xlink_resource' => 'languages',
        ),
        'id_shop' => 
        array (
          'xlink_resource' => 'shops',
        ),
        'id_customer' => 
        array (
          'xlink_resource' => 'customers',
        ),
        'id_order' => 
        array (
          'xlink_resource' => 'orders',
        ),
        'id_product' => 
        array (
          'xlink_resource' => 'products',
        ),
      ),
      'associations' => 
      array (
        'customer_messages' => 
        array (
          'resource' => 'customer_message',
          'id' => 
          array (
            'required' => true,
          ),
        ),
      ),
    ),
     'image_dir' => NULL,
     'image_format' => 'jpg',
     'translator' => NULL,
     'def' => 
    array (
      'table' => 'customer_thread',
      'primary' => 'id_customer_thread',
      'fields' => 
      array (
        'id_lang' => 
        array (
          'type' => 1,
          'validate' => 'isUnsignedId',
          'required' => true,
        ),
        'id_contact' => 
        array (
          'type' => 1,
          'validate' => 'isUnsignedId',
          'required' => true,
        ),
        'id_shop' => 
        array (
          'type' => 1,
          'validate' => 'isUnsignedId',
        ),
        'id_customer' => 
        array (
          'type' => 1,
          'validate' => 'isUnsignedId',
        ),
        'id_order' => 
        array (
          'type' => 1,
          'validate' => 'isUnsignedId',
        ),
        'id_product' => 
        array (
          'type' => 1,
          'validate' => 'isUnsignedId',
        ),
        'email' => 
        array (
          'type' => 3,
          'validate' => 'isEmail',
          'size' => 255,
        ),
        'token' => 
        array (
          'type' => 3,
          'validate' => 'isGenericName',
          'required' => true,
        ),
        'status' => 
        array (
          'type' => 3,
        ),
        'date_add' => 
        array (
          'type' => 5,
          'validate' => 'isDate',
        ),
        'date_upd' => 
        array (
          'type' => 5,
          'validate' => 'isDate',
        ),
      ),
      'classname' => 'CustomerThread',
    ),
     'update_fields' => NULL,
     'force_id' => false,
     'id_contact' => 0,
     'id_customer' => 666673,
     'id_order' => 554,
     'id_product' => NULL,
     'status' => 'open',
     'email' => 'pppppp@ppp.pp',
     'token' => 'NkuVpHret6jp',
     'date_add' => '2023-02-13 10:25:45',
     'date_upd' => '2023-02-13 10:25:45',
  )),
  'cookie' => 
  Cookie::__set_state(array(
     '_content' => 
    array (
      'date_add' => '2023-01-25 11:13:54',
      'id_lang' => '1',
      'id_currency' => 1,
      'psgdpr_remove' => '1',
      'contactFormToken' => '7a0fc5c46dcf75af41780d138242a6c3',
      'contactFormTokenTTL' => '1675421711',
      'last_visited_category' => '321',
      'session_id' => '240',
      'session_token' => '1d6addaa85a7323fd99fc145dc55b10dbab356c3',
      'isSameInvoiceAddress' => '1',
      'supercheckout_temp_address_delivery' => '',
      'supercheckout_accepted_consent' => '[]',
      'supercheckout_default_policy' => 'Ik ga akkoord met de servicevoorwaarden en zal me er onvoorwaardelijk aan houden. ',
      'supercheckout_temp_address_invoice' => '642',
      'selected_customer_secure_key' => 'd7f044ef1143c6e871384ddd60a34fad',
      'selected_customer_customer_firstname' => 'pppppp',
      'selected_customer_customer_lastname' => 'ppppp',
      'selected_customer_id_customer' => '666673',
      'selected_customer_email' => 'pppppp@ppp.pp',
      'on_credit_reference' => 'ewfwefewf',
      'on_credit_buyer' => 'dqwdwqdqwdqwdqwd',
      'supercheckout_temp_address_shipping' => '753',
      'supercheckout_perm_address_shipping' => '753',
      'supercheckout_perm_address_delivery' => '753',
      'supercheckout_perm_address_invoice' => '642',
      'check_cgv' => '',
      'id_customer' => '4',
      'customer_lastname' => 'Stoker',
      'customer_firstname' => 'jelmer',
      'passwd' => '$2y$10$oOR6PVnNcuKrENJBlu3Uo.9qPWb5ptFtcRGjP945RI96IeiUiMHRu',
      'logged' => '1',
      'email' => 'jelmer@ijzershop.nl',
      'is_guest' => '',
      'id_cart' => '14466',
      'address_selector' => 'existing',
      'checksum' => '523bc14e28738b23797c65a7a34408e7bc1c7dbdcc57b011d73d3a89e0f12556',
    ),
     '_name' => 'PrestaShop-630243735b0579bc0e26d8824ee3d7b7',
     '_expire' => 1678008341,
     '_domain' => 'ijzershop8.local',
     '_sameSite' => 'Strict',
     '_path' => '/',
     'cipherTool' => 
    PhpEncryption::__set_state(array(
    )),
     '_modified' => false,
     '_allow_writing' => true,
     '_salt' => 'RYitkuu1',
     '_standalone' => false,
     '_secure' => false,
     'session' => 
    CustomerSession::__set_state(array(
       'id' => 240,
       'id_lang' => NULL,
       'id_shop' => NULL,
       'id_shop_list' => 
      array (
      ),
       'get_shop_from_context' => true,
       'table' => 'customer_session',
       'identifier' => 'id_customer_session',
       'fieldsRequired' => 
      array (
        0 => 'id_customer',
      ),
       'fieldsSize' => 
      array (
        'token' => 40,
      ),
       'fieldsValidate' => 
      array (
        'id_customer' => 'isUnsignedId',
        'token' => 'isSha1',
        'date_upd' => 'isDate',
        'date_add' => 'isDate',
      ),
       'fieldsRequiredLang' => 
      array (
      ),
       'fieldsSizeLang' => 
      array (
      ),
       'fieldsValidateLang' => 
      array (
      ),
       'tables' => 
      array (
      ),
       'webserviceParameters' => 
      array (
      ),
       'image_dir' => NULL,
       'image_format' => 'jpg',
       'translator' => NULL,
       'def' => 
      array (
        'table' => 'customer_session',
        'primary' => 'id_customer_session',
        'fields' => 
        array (
          'id_customer' => 
          array (
            'type' => 1,
            'validate' => 'isUnsignedId',
            'required' => true,
          ),
          'token' => 
          array (
            'type' => 3,
            'validate' => 'isSha1',
            'size' => 40,
            'copy_post' => false,
          ),
          'date_upd' => 
          array (
            'type' => 5,
            'validate' => 'isDate',
            'copy_post' => false,
          ),
          'date_add' => 
          array (
            'type' => 5,
            'validate' => 'isDate',
            'copy_post' => false,
          ),
        ),
        'classname' => 'CustomerSession',
      ),
       'update_fields' => NULL,
       'force_id' => false,
       'id_customer' => 4,
       'token' => '1d6addaa85a7323fd99fc145dc55b10dbab356c3',
       'date_upd' => '2023-02-13 10:25:41',
       'date_add' => '2023-02-06 12:35:26',
    )),
  )),
  'cart' => 
  Cart::__set_state(array(
     'id' => 14466,
     'id_lang' => 1,
     'id_shop' => 1,
     'id_shop_list' => 
    array (
    ),
     'get_shop_from_context' => true,
     'table' => 'cart',
     'identifier' => 'id_cart',
     'fieldsRequired' => 
    array (
      0 => 'id_currency',
      1 => 'id_lang',
    ),
     'fieldsSize' => 
    array (
      'secure_key' => 32,
    ),
     'fieldsValidate' => 
    array (
      'id_shop_group' => 'isUnsignedId',
      'id_shop' => 'isUnsignedId',
      'id_address_delivery' => 'isUnsignedId',
      'id_address_invoice' => 'isUnsignedId',
      'id_carrier' => 'isUnsignedId',
      'id_currency' => 'isUnsignedId',
      'id_customer' => 'isUnsignedId',
      'id_guest' => 'isUnsignedId',
      'id_lang' => 'isUnsignedId',
      'recyclable' => 'isBool',
      'gift' => 'isBool',
      'gift_message' => 'isMessage',
      'mobile_theme' => 'isBool',
      'allow_seperated_package' => 'isBool',
      'date_add' => 'isDate',
      'date_upd' => 'isDate',
    ),
     'fieldsRequiredLang' => 
    array (
    ),
     'fieldsSizeLang' => 
    array (
    ),
     'fieldsValidateLang' => 
    array (
    ),
     'tables' => 
    array (
    ),
     'webserviceParameters' => 
    array (
      'fields' => 
      array (
        'id_address_delivery' => 
        array (
          'xlink_resource' => 'addresses',
        ),
        'id_address_invoice' => 
        array (
          'xlink_resource' => 'addresses',
        ),
        'id_currency' => 
        array (
          'xlink_resource' => 'currencies',
        ),
        'id_customer' => 
        array (
          'xlink_resource' => 'customers',
        ),
        'id_guest' => 
        array (
          'xlink_resource' => 'guests',
        ),
        'id_lang' => 
        array (
          'xlink_resource' => 'languages',
        ),
      ),
      'associations' => 
      array (
        'cart_rows' => 
        array (
          'resource' => 'cart_row',
          'virtual_entity' => true,
          'fields' => 
          array (
            'id_product' => 
            array (
              'required' => true,
              'xlink_resource' => 'products',
            ),
            'id_product_attribute' => 
            array (
              'required' => true,
              'xlink_resource' => 'combinations',
            ),
            'id_address_delivery' => 
            array (
              'required' => true,
              'xlink_resource' => 'addresses',
            ),
            'id_customization' => 
            array (
              'required' => false,
              'xlink_resource' => 'customizations',
            ),
            'quantity' => 
            array (
              'required' => true,
            ),
          ),
        ),
      ),
    ),
     'image_dir' => NULL,
     'image_format' => 'jpg',
     'translator' => NULL,
     'def' => 
    array (
      'table' => 'cart',
      'primary' => 'id_cart',
      'fields' => 
      array (
        'id_shop_group' => 
        array (
          'type' => 1,
          'validate' => 'isUnsignedId',
        ),
        'id_shop' => 
        array (
          'type' => 1,
          'validate' => 'isUnsignedId',
        ),
        'id_address_delivery' => 
        array (
          'type' => 1,
          'validate' => 'isUnsignedId',
        ),
        'id_address_invoice' => 
        array (
          'type' => 1,
          'validate' => 'isUnsignedId',
        ),
        'id_carrier' => 
        array (
          'type' => 1,
          'validate' => 'isUnsignedId',
        ),
        'id_currency' => 
        array (
          'type' => 1,
          'validate' => 'isUnsignedId',
          'required' => true,
        ),
        'id_customer' => 
        array (
          'type' => 1,
          'validate' => 'isUnsignedId',
        ),
        'id_guest' => 
        array (
          'type' => 1,
          'validate' => 'isUnsignedId',
        ),
        'id_lang' => 
        array (
          'type' => 1,
          'validate' => 'isUnsignedId',
          'required' => true,
        ),
        'recyclable' => 
        array (
          'type' => 2,
          'validate' => 'isBool',
        ),
        'gift' => 
        array (
          'type' => 2,
          'validate' => 'isBool',
        ),
        'gift_message' => 
        array (
          'type' => 3,
          'validate' => 'isMessage',
        ),
        'mobile_theme' => 
        array (
          'type' => 2,
          'validate' => 'isBool',
        ),
        'delivery_option' => 
        array (
          'type' => 3,
        ),
        'secure_key' => 
        array (
          'type' => 3,
          'size' => 32,
        ),
        'allow_seperated_package' => 
        array (
          'type' => 2,
          'validate' => 'isBool',
        ),
        'date_add' => 
        array (
          'type' => 5,
          'validate' => 'isDate',
        ),
        'date_upd' => 
        array (
          'type' => 5,
          'validate' => 'isDate',
        ),
        'added_to_order' => 
        array (
          'type' => 3,
        ),
      ),
      'classname' => 'Cart',
    ),
     'update_fields' => NULL,
     'force_id' => false,
     'id_shop_group' => 1,
     'id_address_delivery' => 753,
     'id_address_invoice' => 642,
     'id_currency' => 1,
     'id_customer' => 666673,
     'id_guest' => 0,
     'recyclable' => 0,
     'gift' => 0,
     'gift_message' => '',
     'mobile_theme' => 0,
     'date_add' => '2023-02-13 10:24:59',
     'secure_key' => 'd7f044ef1143c6e871384ddd60a34fad',
     'id_carrier' => 7,
     'date_upd' => '2023-02-13 10:25:42',
     'checkedTos' => false,
     'pictures' => NULL,
     'textFields' => NULL,
     'delivery_option' => '{"752":"7,"}',
     'allow_seperated_package' => 0,
     '_products' => 
    array (
      0 => 
      array (
        'id_product_attribute' => 3781,
        'id_product' => 1040,
        'cart_quantity' => 1,
        'id_shop' => 1,
        'id_customization' => NULL,
        'name' => 'stalen koker 15 x 15 x 2mm',
        'is_virtual' => 0,
        'description_short' => '<p>gebeitst (lichte kleur), (hoogte x breedte x wanddikte), lengte 2 meter</p>',
        'available_now' => '',
        'available_later' => '',
        'id_category_default' => 321,
        'id_supplier' => 3,
        'id_manufacturer' => 0,
        'manufacturer_name' => NULL,
        'on_sale' => 0,
        'ecotax' => '0.000000',
        'additional_shipping_cost' => '0.000000',
        'available_for_order' => 1,
        'show_price' => 1,
        'price' => 7.4,
        'active' => 1,
        'unity' => '',
        'unit_price' => 0.0,
        'quantity_available' => 9925,
        'width' => '0.000000',
        'height' => '0.000000',
        'depth' => '0.000000',
        'out_of_stock' => 2,
        'weight' => 1.6,
        'available_date' => NULL,
        'date_add' => '2020-06-12 14:19:47',
        'date_upd' => '2022-04-05 16:47:30',
        'quantity' => 1,
        'link_rewrite' => 'stalen-koker-15-x-15-x-2mm',
        'category' => 'koker-vierkant',
        'unique_id' => '000000104000000037817530',
        'id_address_delivery' => 753,
        'advanced_stock_management' => 0,
        'supplier_reference' => '',
        'customization_quantity' => NULL,
        'price_attribute' => '0.000000',
        'ecotax_attr' => '0.000000',
        'reference' => 'L1',
        'weight_attribute' => 1.6,
        'ean13' => '',
        'isbn' => '',
        'upc' => '',
        'mpn' => '',
        'minimal_quantity' => 1,
        'wholesale_price' => '2.960000',
        'id_image' => '1040-2028',
        'legend' => 'stalen koker 15 x 15 x 2mm',
        'reduction_type' => 0,
        'is_gift' => false,
        'reduction' => 0.0,
        'reduction_without_tax' => 0.0,
        'price_without_reduction' => 8.954,
        'specific_prices' => false,
        'unit_price_ratio' => 0.0,
        'unit_price_tax_excluded' => 0.0,
        'unit_price_tax_included' => 0.0,
        'stock_quantity' => 9925,
        'price_without_reduction_without_tax' => 7.4,
        'price_with_reduction' => 8.954,
        'price_with_reduction_without_tax' => 7.4,
        'total' => 7.4,
        'total_wt' => 8.95,
        'price_wt' => 8.954,
        'reduction_applies' => false,
        'quantity_discount_applies' => false,
        'allow_oosp' => 1,
        'features' => 
        array (
          0 => 
          array (
            'id_feature' => 4,
            'id_product' => 1040,
            'id_feature_value' => 13,
          ),
          1 => 
          array (
            'id_feature' => 9,
            'id_product' => 1040,
            'id_feature_value' => 126,
          ),
          2 => 
          array (
            'id_feature' => 10,
            'id_product' => 1040,
            'id_feature_value' => 33,
          ),
          3 => 
          array (
            'id_feature' => 17,
            'id_product' => 1040,
            'id_feature_value' => 306,
          ),
          4 => 
          array (
            'id_feature' => 18,
            'id_product' => 1040,
            'id_feature_value' => 309,
          ),
          5 => 
          array (
            'id_feature' => 19,
            'id_product' => 1040,
            'id_feature_value' => 102,
          ),
          6 => 
          array (
            'id_feature' => 23,
            'id_product' => 1040,
            'id_feature_value' => 86,
          ),
          7 => 
          array (
            'id_feature' => 24,
            'id_product' => 1040,
            'id_feature_value' => 82,
          ),
          8 => 
          array (
            'id_feature' => 25,
            'id_product' => 1040,
            'id_feature_value' => 12996,
          ),
          9 => 
          array (
            'id_feature' => 26,
            'id_product' => 1040,
            'id_feature_value' => 87,
          ),
          10 => 
          array (
            'id_feature' => 27,
            'id_product' => 1040,
            'id_feature_value' => 80,
          ),
          11 => 
          array (
            'id_feature' => 28,
            'id_product' => 1040,
            'id_feature_value' => 12997,
          ),
          12 => 
          array (
            'id_feature' => 29,
            'id_product' => 1040,
            'id_feature_value' => 83,
          ),
          13 => 
          array (
            'id_feature' => 30,
            'id_product' => 1040,
            'id_feature_value' => 12998,
          ),
          14 => 
          array (
            'id_feature' => 32,
            'id_product' => 1040,
            'id_feature_value' => 1316,
          ),
          15 => 
          array (
            'id_feature' => 36,
            'id_product' => 1040,
            'id_feature_value' => 12808,
          ),
          16 => 
          array (
            'id_feature' => 36,
            'id_product' => 1040,
            'id_feature_value' => 12814,
          ),
          17 => 
          array (
            'id_feature' => 38,
            'id_product' => 1040,
            'id_feature_value' => 6567,
          ),
          18 => 
          array (
            'id_feature' => 39,
            'id_product' => 1040,
            'id_feature_value' => 12999,
          ),
          19 => 
          array (
            'id_feature' => 45,
            'id_product' => 1040,
            'id_feature_value' => 5851,
          ),
          20 => 
          array (
            'id_feature' => 46,
            'id_product' => 1040,
            'id_feature_value' => 12803,
          ),
          21 => 
          array (
            'id_feature' => 46,
            'id_product' => 1040,
            'id_feature_value' => 12809,
          ),
        ),
        'attributes' => 'Zagen: A',
        'attributes_small' => 'A',
        'rate' => 21.0,
        'tax_name' => 'BTW NL 21%',
      ),
      1 => 
      array (
        'id_product_attribute' => 0,
        'id_product' => 3348,
        'cart_quantity' => 1,
        'id_shop' => 1,
        'id_customization' => NULL,
        'name' => 'qwdqwd',
        'is_virtual' => 0,
        'description_short' => '<p>test</p>',
        'available_now' => '',
        'available_later' => '',
        'id_category_default' => 382,
        'id_supplier' => 0,
        'id_manufacturer' => 0,
        'manufacturer_name' => NULL,
        'on_sale' => 0,
        'ecotax' => '0.000000',
        'additional_shipping_cost' => '0.000000',
        'available_for_order' => 1,
        'show_price' => 1,
        'price' => 0.826446,
        'active' => 1,
        'unity' => NULL,
        'unit_price' => 0.0,
        'quantity_available' => 11,
        'width' => '0.000000',
        'height' => '0.000000',
        'depth' => '0.000000',
        'out_of_stock' => 2,
        'weight' => 0.0,
        'available_date' => '0000-00-00',
        'date_add' => '2023-02-13 10:25:22',
        'date_upd' => '2023-02-13 10:25:22',
        'quantity' => 1,
        'link_rewrite' => '63ea0202f3b21',
        'category' => 'offers',
        'unique_id' => '000000334800000000007530',
        'id_address_delivery' => 753,
        'advanced_stock_management' => 0,
        'supplier_reference' => NULL,
        'customization_quantity' => NULL,
        'price_attribute' => NULL,
        'ecotax_attr' => NULL,
        'reference' => 'CP',
        'weight_attribute' => NULL,
        'ean13' => NULL,
        'isbn' => NULL,
        'upc' => NULL,
        'mpn' => NULL,
        'minimal_quantity' => 1,
        'wholesale_price' => '0.000000',
        'id_image' => '3348-2769',
        'legend' => '',
        'reduction_type' => 0,
        'is_gift' => false,
        'reduction' => 0.0,
        'reduction_without_tax' => 0.0,
        'price_without_reduction' => 1.0,
        'specific_prices' => 
        array (
        ),
        'unit_price_ratio' => 0.0,
        'unit_price_tax_excluded' => 0.0,
        'unit_price_tax_included' => 0.0,
        'stock_quantity' => 11,
        'price_without_reduction_without_tax' => 0.826446,
        'price_with_reduction' => 1.0,
        'price_with_reduction_without_tax' => 0.826446,
        'total' => 0.83,
        'total_wt' => 1.0,
        'price_wt' => 1.0,
        'reduction_applies' => false,
        'quantity_discount_applies' => false,
        'allow_oosp' => 1,
        'features' => 
        array (
        ),
        'attributes' => '',
        'attributes_small' => '',
        'rate' => 21.0,
        'tax_name' => 'BTW NL 21%',
      ),
    ),
     '_taxCalculationMethod' => 0,
     'configuration' => 
    PrestaShop\PrestaShop\Adapter\Configuration::__set_state(array(
       'parameters' => NULL,
       'shop' => NULL,
    )),
     'addressFactory' => 
    PrestaShop\PrestaShop\Adapter\AddressFactory::__set_state(array(
    )),
     'shouldSplitGiftProductsQuantity' => false,
     'shouldExcludeGiftsDiscount' => false,
     'added_to_order' => '',
  )),
  'altern' => 2,
)array (
  'object' => 
  CustomerThread::__set_state(array(
     'id' => '49',
     'id_lang' => 1,
     'id_shop' => 1,
     'id_shop_list' => 
    array (
    ),
     'get_shop_from_context' => true,
     'table' => 'customer_thread',
     'identifier' => 'id_customer_thread',
     'fieldsRequired' => 
    array (
      0 => 'id_lang',
      1 => 'id_contact',
      2 => 'token',
    ),
     'fieldsSize' => 
    array (
      'email' => 255,
    ),
     'fieldsValidate' => 
    array (
      'id_lang' => 'isUnsignedId',
      'id_contact' => 'isUnsignedId',
      'id_shop' => 'isUnsignedId',
      'id_customer' => 'isUnsignedId',
      'id_order' => 'isUnsignedId',
      'id_product' => 'isUnsignedId',
      'email' => 'isEmail',
      'token' => 'isGenericName',
      'date_add' => 'isDate',
      'date_upd' => 'isDate',
    ),
     'fieldsRequiredLang' => 
    array (
    ),
     'fieldsSizeLang' => 
    array (
    ),
     'fieldsValidateLang' => 
    array (
    ),
     'tables' => 
    array (
    ),
     'webserviceParameters' => 
    array (
      'fields' => 
      array (
        'id_lang' => 
        array (
          'xlink_resource' => 'languages',
        ),
        'id_shop' => 
        array (
          'xlink_resource' => 'shops',
        ),
        'id_customer' => 
        array (
          'xlink_resource' => 'customers',
        ),
        'id_order' => 
        array (
          'xlink_resource' => 'orders',
        ),
        'id_product' => 
        array (
          'xlink_resource' => 'products',
        ),
      ),
      'associations' => 
      array (
        'customer_messages' => 
        array (
          'resource' => 'customer_message',
          'id' => 
          array (
            'required' => true,
          ),
        ),
      ),
    ),
     'image_dir' => NULL,
     'image_format' => 'jpg',
     'translator' => NULL,
     'def' => 
    array (
      'table' => 'customer_thread',
      'primary' => 'id_customer_thread',
      'fields' => 
      array (
        'id_lang' => 
        array (
          'type' => 1,
          'validate' => 'isUnsignedId',
          'required' => true,
        ),
        'id_contact' => 
        array (
          'type' => 1,
          'validate' => 'isUnsignedId',
          'required' => true,
        ),
        'id_shop' => 
        array (
          'type' => 1,
          'validate' => 'isUnsignedId',
        ),
        'id_customer' => 
        array (
          'type' => 1,
          'validate' => 'isUnsignedId',
        ),
        'id_order' => 
        array (
          'type' => 1,
          'validate' => 'isUnsignedId',
        ),
        'id_product' => 
        array (
          'type' => 1,
          'validate' => 'isUnsignedId',
        ),
        'email' => 
        array (
          'type' => 3,
          'validate' => 'isEmail',
          'size' => 255,
        ),
        'token' => 
        array (
          'type' => 3,
          'validate' => 'isGenericName',
          'required' => true,
        ),
        'status' => 
        array (
          'type' => 3,
        ),
        'date_add' => 
        array (
          'type' => 5,
          'validate' => 'isDate',
        ),
        'date_upd' => 
        array (
          'type' => 5,
          'validate' => 'isDate',
        ),
      ),
      'classname' => 'CustomerThread',
    ),
     'update_fields' => NULL,
     'force_id' => false,
     'id_contact' => 0,
     'id_customer' => 666673,
     'id_order' => 555,
     'id_product' => NULL,
     'status' => 'open',
     'email' => 'pppppp@ppp.pp',
     'token' => 'gijtadc1TfVb',
     'date_add' => '2023-02-15 10:20:37',
     'date_upd' => '2023-02-15 10:20:37',
  )),
  'cookie' => 
  Cookie::__set_state(array(
     '_content' => 
    array (
      'id_lang' => '1',
      'id_currency' => 1,
      'date_add' => '2023-02-15 08:19:49',
      'contactFormToken' => '74cedb9184d3b65294256bad74e868f4',
      'contactFormTokenTTL' => '1676451699',
      'last_visited_category' => '327',
      'id_customer' => '4',
      'customer_lastname' => 'Stoker',
      'customer_firstname' => 'jelmer',
      'passwd' => '$2y$10$bi2xijiVpMzVI1/bea4OjugHHrfweTPAncOmy6yy3SEGln0p.W1gW',
      'logged' => '1',
      'email' => 'jelmer@ijzershop.nl',
      'is_guest' => '',
      'session_id' => '243',
      'session_token' => '584fbd97038e5bf550aaa710ec3191f5dccac6ad',
      'id_cart' => '14468',
      'isSameInvoiceAddress' => '1',
      'address_selector' => 'existing',
      'supercheckout_temp_address_delivery' => '',
      'supercheckout_accepted_consent' => '[]',
      'supercheckout_default_policy' => 'Ik ga akkoord met de servicevoorwaarden en zal me er onvoorwaardelijk aan houden. ',
      'supercheckout_temp_address_invoice' => '642',
      'selected_customer_secure_key' => 'd7f044ef1143c6e871384ddd60a34fad',
      'selected_customer_customer_firstname' => 'pppppp',
      'selected_customer_customer_lastname' => 'ppppp',
      'selected_customer_id_customer' => '666673',
      'selected_customer_email' => 'pppppp@ppp.pp',
      'on_credit_reference' => 'test',
      'on_credit_buyer' => 'jb stoker',
      'supercheckout_temp_address_shipping' => '756',
      'supercheckout_perm_address_shipping' => '756',
      'supercheckout_perm_address_delivery' => '756',
      'supercheckout_perm_address_invoice' => '642',
      'checksum' => 'f7cc3164e3c20955a0eac5dc1961fc0ca12565cca160842bccba53420807bc86',
    ),
     '_name' => 'PrestaShop-630243735b0579bc0e26d8824ee3d7b7',
     '_expire' => 1678180833,
     '_domain' => 'ijzershop8.local',
     '_sameSite' => 'Strict',
     '_path' => '/',
     'cipherTool' => 
    PhpEncryption::__set_state(array(
    )),
     '_modified' => false,
     '_allow_writing' => true,
     '_salt' => 'RYitkuu1',
     '_standalone' => false,
     '_secure' => false,
     'session' => 
    CustomerSession::__set_state(array(
       'id' => 243,
       'id_lang' => NULL,
       'id_shop' => NULL,
       'id_shop_list' => 
      array (
      ),
       'get_shop_from_context' => true,
       'table' => 'customer_session',
       'identifier' => 'id_customer_session',
       'fieldsRequired' => 
      array (
        0 => 'id_customer',
      ),
       'fieldsSize' => 
      array (
        'token' => 40,
      ),
       'fieldsValidate' => 
      array (
        'id_customer' => 'isUnsignedId',
        'token' => 'isSha1',
        'date_upd' => 'isDate',
        'date_add' => 'isDate',
      ),
       'fieldsRequiredLang' => 
      array (
      ),
       'fieldsSizeLang' => 
      array (
      ),
       'fieldsValidateLang' => 
      array (
      ),
       'tables' => 
      array (
      ),
       'webserviceParameters' => 
      array (
      ),
       'image_dir' => NULL,
       'image_format' => 'jpg',
       'translator' => NULL,
       'def' => 
      array (
        'table' => 'customer_session',
        'primary' => 'id_customer_session',
        'fields' => 
        array (
          'id_customer' => 
          array (
            'type' => 1,
            'validate' => 'isUnsignedId',
            'required' => true,
          ),
          'token' => 
          array (
            'type' => 3,
            'validate' => 'isSha1',
            'size' => 40,
            'copy_post' => false,
          ),
          'date_upd' => 
          array (
            'type' => 5,
            'validate' => 'isDate',
            'copy_post' => false,
          ),
          'date_add' => 
          array (
            'type' => 5,
            'validate' => 'isDate',
            'copy_post' => false,
          ),
        ),
        'classname' => 'CustomerSession',
      ),
       'update_fields' => NULL,
       'force_id' => false,
       'id_customer' => 4,
       'token' => '584fbd97038e5bf550aaa710ec3191f5dccac6ad',
       'date_upd' => '2023-02-15 10:20:33',
       'date_add' => '2023-02-15 10:16:47',
    )),
  )),
  'cart' => 
  Cart::__set_state(array(
     'id' => 14468,
     'id_lang' => 1,
     'id_shop' => 1,
     'id_shop_list' => 
    array (
    ),
     'get_shop_from_context' => true,
     'table' => 'cart',
     'identifier' => 'id_cart',
     'fieldsRequired' => 
    array (
      0 => 'id_currency',
      1 => 'id_lang',
    ),
     'fieldsSize' => 
    array (
      'secure_key' => 32,
    ),
     'fieldsValidate' => 
    array (
      'id_shop_group' => 'isUnsignedId',
      'id_shop' => 'isUnsignedId',
      'id_address_delivery' => 'isUnsignedId',
      'id_address_invoice' => 'isUnsignedId',
      'id_carrier' => 'isUnsignedId',
      'id_currency' => 'isUnsignedId',
      'id_customer' => 'isUnsignedId',
      'id_guest' => 'isUnsignedId',
      'id_lang' => 'isUnsignedId',
      'recyclable' => 'isBool',
      'gift' => 'isBool',
      'gift_message' => 'isMessage',
      'mobile_theme' => 'isBool',
      'allow_seperated_package' => 'isBool',
      'date_add' => 'isDate',
      'date_upd' => 'isDate',
    ),
     'fieldsRequiredLang' => 
    array (
    ),
     'fieldsSizeLang' => 
    array (
    ),
     'fieldsValidateLang' => 
    array (
    ),
     'tables' => 
    array (
    ),
     'webserviceParameters' => 
    array (
      'fields' => 
      array (
        'id_address_delivery' => 
        array (
          'xlink_resource' => 'addresses',
        ),
        'id_address_invoice' => 
        array (
          'xlink_resource' => 'addresses',
        ),
        'id_currency' => 
        array (
          'xlink_resource' => 'currencies',
        ),
        'id_customer' => 
        array (
          'xlink_resource' => 'customers',
        ),
        'id_guest' => 
        array (
          'xlink_resource' => 'guests',
        ),
        'id_lang' => 
        array (
          'xlink_resource' => 'languages',
        ),
      ),
      'associations' => 
      array (
        'cart_rows' => 
        array (
          'resource' => 'cart_row',
          'virtual_entity' => true,
          'fields' => 
          array (
            'id_product' => 
            array (
              'required' => true,
              'xlink_resource' => 'products',
            ),
            'id_product_attribute' => 
            array (
              'required' => true,
              'xlink_resource' => 'combinations',
            ),
            'id_address_delivery' => 
            array (
              'required' => true,
              'xlink_resource' => 'addresses',
            ),
            'id_customization' => 
            array (
              'required' => false,
              'xlink_resource' => 'customizations',
            ),
            'quantity' => 
            array (
              'required' => true,
            ),
          ),
        ),
      ),
    ),
     'image_dir' => NULL,
     'image_format' => 'jpg',
     'translator' => NULL,
     'def' => 
    array (
      'table' => 'cart',
      'primary' => 'id_cart',
      'fields' => 
      array (
        'id_shop_group' => 
        array (
          'type' => 1,
          'validate' => 'isUnsignedId',
        ),
        'id_shop' => 
        array (
          'type' => 1,
          'validate' => 'isUnsignedId',
        ),
        'id_address_delivery' => 
        array (
          'type' => 1,
          'validate' => 'isUnsignedId',
        ),
        'id_address_invoice' => 
        array (
          'type' => 1,
          'validate' => 'isUnsignedId',
        ),
        'id_carrier' => 
        array (
          'type' => 1,
          'validate' => 'isUnsignedId',
        ),
        'id_currency' => 
        array (
          'type' => 1,
          'validate' => 'isUnsignedId',
          'required' => true,
        ),
        'id_customer' => 
        array (
          'type' => 1,
          'validate' => 'isUnsignedId',
        ),
        'id_guest' => 
        array (
          'type' => 1,
          'validate' => 'isUnsignedId',
        ),
        'id_lang' => 
        array (
          'type' => 1,
          'validate' => 'isUnsignedId',
          'required' => true,
        ),
        'recyclable' => 
        array (
          'type' => 2,
          'validate' => 'isBool',
        ),
        'gift' => 
        array (
          'type' => 2,
          'validate' => 'isBool',
        ),
        'gift_message' => 
        array (
          'type' => 3,
          'validate' => 'isMessage',
        ),
        'mobile_theme' => 
        array (
          'type' => 2,
          'validate' => 'isBool',
        ),
        'delivery_option' => 
        array (
          'type' => 3,
        ),
        'secure_key' => 
        array (
          'type' => 3,
          'size' => 32,
        ),
        'allow_seperated_package' => 
        array (
          'type' => 2,
          'validate' => 'isBool',
        ),
        'date_add' => 
        array (
          'type' => 5,
          'validate' => 'isDate',
        ),
        'date_upd' => 
        array (
          'type' => 5,
          'validate' => 'isDate',
        ),
        'added_to_order' => 
        array (
          'type' => 3,
        ),
      ),
      'classname' => 'Cart',
    ),
     'update_fields' => NULL,
     'force_id' => false,
     'id_shop_group' => 1,
     'id_address_delivery' => 756,
     'id_address_invoice' => 642,
     'id_currency' => 1,
     'id_customer' => 666673,
     'id_guest' => 0,
     'recyclable' => 0,
     'gift' => 0,
     'gift_message' => '',
     'mobile_theme' => 0,
     'date_add' => '2023-02-15 10:17:11',
     'secure_key' => 'd7f044ef1143c6e871384ddd60a34fad',
     'id_carrier' => 7,
     'date_upd' => '2023-02-15 10:20:33',
     'checkedTos' => false,
     'pictures' => NULL,
     'textFields' => NULL,
     'delivery_option' => '{"755":"7,"}',
     'allow_seperated_package' => 0,
     '_products' => 
    array (
      0 => 
      array (
        'id_product_attribute' => 0,
        'id_product' => 3349,
        'cart_quantity' => 1,
        'id_shop' => 1,
        'id_customization' => NULL,
        'name' => 'test proidycr',
        'is_virtual' => 0,
        'description_short' => '<p>test</p>',
        'available_now' => '',
        'available_later' => '',
        'id_category_default' => 382,
        'id_supplier' => 0,
        'id_manufacturer' => 0,
        'manufacturer_name' => NULL,
        'on_sale' => 0,
        'ecotax' => '0.000000',
        'additional_shipping_cost' => '0.000000',
        'available_for_order' => 1,
        'show_price' => 1,
        'price' => 10.0,
        'active' => 1,
        'unity' => NULL,
        'unit_price' => 0.0,
        'quantity_available' => 11,
        'width' => '0.000000',
        'height' => '0.000000',
        'depth' => '0.000000',
        'out_of_stock' => 2,
        'weight' => 0.0,
        'available_date' => '0000-00-00',
        'date_add' => '2023-02-15 10:17:11',
        'date_upd' => '2023-02-15 10:17:11',
        'quantity' => 1,
        'link_rewrite' => '63eca31779a2b',
        'category' => 'offers',
        'unique_id' => '000000334900000000007560',
        'id_address_delivery' => 756,
        'advanced_stock_management' => 0,
        'supplier_reference' => NULL,
        'customization_quantity' => NULL,
        'price_attribute' => NULL,
        'ecotax_attr' => NULL,
        'reference' => 'CP',
        'weight_attribute' => NULL,
        'ean13' => NULL,
        'isbn' => NULL,
        'upc' => NULL,
        'mpn' => NULL,
        'minimal_quantity' => 1,
        'wholesale_price' => '0.000000',
        'id_image' => '3349-2770',
        'legend' => '',
        'reduction_type' => 0,
        'is_gift' => false,
        'reduction' => 0.0,
        'reduction_without_tax' => 0.0,
        'price_without_reduction' => 12.1,
        'specific_prices' => 
        array (
        ),
        'unit_price_ratio' => 0.0,
        'unit_price_tax_excluded' => 0.0,
        'unit_price_tax_included' => 0.0,
        'stock_quantity' => 11,
        'price_without_reduction_without_tax' => 10.0,
        'price_with_reduction' => 12.1,
        'price_with_reduction_without_tax' => 10.0,
        'total' => 10.0,
        'total_wt' => 12.1,
        'price_wt' => 12.1,
        'reduction_applies' => false,
        'quantity_discount_applies' => false,
        'allow_oosp' => 1,
        'features' => 
        array (
        ),
        'attributes' => '',
        'attributes_small' => '',
        'rate' => 21.0,
        'tax_name' => 'BTW NL 21%',
      ),
    ),
     '_taxCalculationMethod' => 0,
     'configuration' => 
    PrestaShop\PrestaShop\Adapter\Configuration::__set_state(array(
       'parameters' => NULL,
       'shop' => NULL,
    )),
     'addressFactory' => 
    PrestaShop\PrestaShop\Adapter\AddressFactory::__set_state(array(
    )),
     'shouldSplitGiftProductsQuantity' => false,
     'shouldExcludeGiftsDiscount' => false,
     'added_to_order' => '',
  )),
  'altern' => 2,
)array (
  'object' => 
  CustomerThread::__set_state(array(
     'id' => '50',
     'id_lang' => 1,
     'id_shop' => 1,
     'id_shop_list' => 
    array (
    ),
     'get_shop_from_context' => true,
     'table' => 'customer_thread',
     'identifier' => 'id_customer_thread',
     'fieldsRequired' => 
    array (
      0 => 'id_lang',
      1 => 'id_contact',
      2 => 'token',
    ),
     'fieldsSize' => 
    array (
      'email' => 255,
    ),
     'fieldsValidate' => 
    array (
      'id_lang' => 'isUnsignedId',
      'id_contact' => 'isUnsignedId',
      'id_shop' => 'isUnsignedId',
      'id_customer' => 'isUnsignedId',
      'id_order' => 'isUnsignedId',
      'id_product' => 'isUnsignedId',
      'email' => 'isEmail',
      'token' => 'isGenericName',
      'date_add' => 'isDate',
      'date_upd' => 'isDate',
    ),
     'fieldsRequiredLang' => 
    array (
    ),
     'fieldsSizeLang' => 
    array (
    ),
     'fieldsValidateLang' => 
    array (
    ),
     'tables' => 
    array (
    ),
     'webserviceParameters' => 
    array (
      'fields' => 
      array (
        'id_lang' => 
        array (
          'xlink_resource' => 'languages',
        ),
        'id_shop' => 
        array (
          'xlink_resource' => 'shops',
        ),
        'id_customer' => 
        array (
          'xlink_resource' => 'customers',
        ),
        'id_order' => 
        array (
          'xlink_resource' => 'orders',
        ),
        'id_product' => 
        array (
          'xlink_resource' => 'products',
        ),
      ),
      'associations' => 
      array (
        'customer_messages' => 
        array (
          'resource' => 'customer_message',
          'id' => 
          array (
            'required' => true,
          ),
        ),
      ),
    ),
     'image_dir' => NULL,
     'image_format' => 'jpg',
     'translator' => NULL,
     'def' => 
    array (
      'table' => 'customer_thread',
      'primary' => 'id_customer_thread',
      'fields' => 
      array (
        'id_lang' => 
        array (
          'type' => 1,
          'validate' => 'isUnsignedId',
          'required' => true,
        ),
        'id_contact' => 
        array (
          'type' => 1,
          'validate' => 'isUnsignedId',
          'required' => true,
        ),
        'id_shop' => 
        array (
          'type' => 1,
          'validate' => 'isUnsignedId',
        ),
        'id_customer' => 
        array (
          'type' => 1,
          'validate' => 'isUnsignedId',
        ),
        'id_order' => 
        array (
          'type' => 1,
          'validate' => 'isUnsignedId',
        ),
        'id_product' => 
        array (
          'type' => 1,
          'validate' => 'isUnsignedId',
        ),
        'email' => 
        array (
          'type' => 3,
          'validate' => 'isEmail',
          'size' => 255,
        ),
        'token' => 
        array (
          'type' => 3,
          'validate' => 'isGenericName',
          'required' => true,
        ),
        'status' => 
        array (
          'type' => 3,
        ),
        'date_add' => 
        array (
          'type' => 5,
          'validate' => 'isDate',
        ),
        'date_upd' => 
        array (
          'type' => 5,
          'validate' => 'isDate',
        ),
      ),
      'classname' => 'CustomerThread',
    ),
     'update_fields' => NULL,
     'force_id' => false,
     'id_contact' => 0,
     'id_customer' => 4,
     'id_order' => 593,
     'id_product' => NULL,
     'status' => 'open',
     'email' => 'jelmer@ijzershop.nl',
     'token' => '7ucJinf5e2EF',
     'date_add' => '2023-03-13 12:14:18',
     'date_upd' => '2023-03-13 12:14:18',
  )),
  'cookie' => 
  Cookie::__set_state(array(
     '_content' => 
    array (
      'date_add' => '2023-02-23 11:52:59',
      'id_lang' => '1',
      'id_currency' => 1,
      'last_visited_category' => '321',
      'cart_toggle' => 'true',
      'supercheckout_temp_address_delivery' => '',
      'isSameInvoiceAddress' => '1',
      'id_customer' => '4',
      'customer_lastname' => 'Stoker',
      'customer_firstname' => 'jelmer',
      'passwd' => '$2y$10$bi2xijiVpMzVI1/bea4OjugHHrfweTPAncOmy6yy3SEGln0p.W1gW',
      'logged' => '1',
      'email' => 'jelmer@ijzershop.nl',
      'is_guest' => '',
      'session_id' => '247',
      'session_token' => '9a21331bbb1404d7337be9ab46c0d23d68d5cb42',
      'supercheckout_accepted_consent' => '[]',
      'supercheckout_default_policy' => 'Ik ga akkoord met de servicevoorwaarden en zal me er onvoorwaardelijk aan houden. ',
      'supercheckout_temp_address_invoice' => '',
      'selected_customer_secure_key' => 'dfa60599a75dabe329b3f5b034ec8be6',
      'selected_customer_customer_firstname' => 'jelmer',
      'selected_customer_customer_lastname' => 'Stoker',
      'selected_customer_id_customer' => '4',
      'selected_customer_email' => 'jelmer@ijzershop.nl',
      'on_credit_reference' => '',
      'on_credit_buyer' => '',
      'supercheckout_temp_address_shipping' => '847',
      'supercheckout_perm_address_shipping' => '847',
      'supercheckout_perm_address_delivery' => '847',
      'supercheckout_perm_address_invoice' => '847',
      'check_cgv' => '',
      'id_cart' => '14508',
      'address_selector' => 'existing',
      'checksum' => 'c5b3036bc223ba366e3b4411e5f474e54dfdc9bfdd40ae96ee08418b0b38e0ea',
    ),
     '_name' => 'PrestaShop-630243735b0579bc0e26d8824ee3d7b7',
     '_expire' => 1680434058,
     '_domain' => 'ijzershop8.local',
     '_sameSite' => 'Strict',
     '_path' => '/',
     'cipherTool' => 
    PhpEncryption::__set_state(array(
    )),
     '_modified' => false,
     '_allow_writing' => true,
     '_salt' => 'RYitkuu1',
     '_standalone' => false,
     '_secure' => false,
     'session' => 
    CustomerSession::__set_state(array(
       'id' => 247,
       'id_lang' => NULL,
       'id_shop' => NULL,
       'id_shop_list' => 
      array (
      ),
       'get_shop_from_context' => true,
       'table' => 'customer_session',
       'identifier' => 'id_customer_session',
       'fieldsRequired' => 
      array (
        0 => 'id_customer',
      ),
       'fieldsSize' => 
      array (
        'token' => 40,
      ),
       'fieldsValidate' => 
      array (
        'id_customer' => 'isUnsignedId',
        'token' => 'isSha1',
        'date_upd' => 'isDate',
        'date_add' => 'isDate',
      ),
       'fieldsRequiredLang' => 
      array (
      ),
       'fieldsSizeLang' => 
      array (
      ),
       'fieldsValidateLang' => 
      array (
      ),
       'tables' => 
      array (
      ),
       'webserviceParameters' => 
      array (
      ),
       'image_dir' => NULL,
       'image_format' => 'jpg',
       'translator' => NULL,
       'def' => 
      array (
        'table' => 'customer_session',
        'primary' => 'id_customer_session',
        'fields' => 
        array (
          'id_customer' => 
          array (
            'type' => 1,
            'validate' => 'isUnsignedId',
            'required' => true,
          ),
          'token' => 
          array (
            'type' => 3,
            'validate' => 'isSha1',
            'size' => 40,
            'copy_post' => false,
          ),
          'date_upd' => 
          array (
            'type' => 5,
            'validate' => 'isDate',
            'copy_post' => false,
          ),
          'date_add' => 
          array (
            'type' => 5,
            'validate' => 'isDate',
            'copy_post' => false,
          ),
        ),
        'classname' => 'CustomerSession',
      ),
       'update_fields' => NULL,
       'force_id' => false,
       'id_customer' => 4,
       'token' => '9a21331bbb1404d7337be9ab46c0d23d68d5cb42',
       'date_upd' => '2023-03-13 12:14:18',
       'date_add' => '2023-03-08 13:34:37',
    )),
  )),
  'cart' => 
  Cart::__set_state(array(
     'id' => 14508,
     'id_lang' => 1,
     'id_shop' => 1,
     'id_shop_list' => 
    array (
    ),
     'get_shop_from_context' => true,
     'table' => 'cart',
     'identifier' => 'id_cart',
     'fieldsRequired' => 
    array (
      0 => 'id_currency',
      1 => 'id_lang',
    ),
     'fieldsSize' => 
    array (
      'secure_key' => 32,
    ),
     'fieldsValidate' => 
    array (
      'id_shop_group' => 'isUnsignedId',
      'id_shop' => 'isUnsignedId',
      'id_address_delivery' => 'isUnsignedId',
      'id_address_invoice' => 'isUnsignedId',
      'id_carrier' => 'isUnsignedId',
      'id_currency' => 'isUnsignedId',
      'id_customer' => 'isUnsignedId',
      'id_guest' => 'isUnsignedId',
      'id_lang' => 'isUnsignedId',
      'recyclable' => 'isBool',
      'gift' => 'isBool',
      'gift_message' => 'isMessage',
      'mobile_theme' => 'isBool',
      'allow_seperated_package' => 'isBool',
      'date_add' => 'isDate',
      'date_upd' => 'isDate',
    ),
     'fieldsRequiredLang' => 
    array (
    ),
     'fieldsSizeLang' => 
    array (
    ),
     'fieldsValidateLang' => 
    array (
    ),
     'tables' => 
    array (
    ),
     'webserviceParameters' => 
    array (
      'fields' => 
      array (
        'id_address_delivery' => 
        array (
          'xlink_resource' => 'addresses',
        ),
        'id_address_invoice' => 
        array (
          'xlink_resource' => 'addresses',
        ),
        'id_currency' => 
        array (
          'xlink_resource' => 'currencies',
        ),
        'id_customer' => 
        array (
          'xlink_resource' => 'customers',
        ),
        'id_guest' => 
        array (
          'xlink_resource' => 'guests',
        ),
        'id_lang' => 
        array (
          'xlink_resource' => 'languages',
        ),
      ),
      'associations' => 
      array (
        'cart_rows' => 
        array (
          'resource' => 'cart_row',
          'virtual_entity' => true,
          'fields' => 
          array (
            'id_product' => 
            array (
              'required' => true,
              'xlink_resource' => 'products',
            ),
            'id_product_attribute' => 
            array (
              'required' => true,
              'xlink_resource' => 'combinations',
            ),
            'id_address_delivery' => 
            array (
              'required' => true,
              'xlink_resource' => 'addresses',
            ),
            'id_customization' => 
            array (
              'required' => false,
              'xlink_resource' => 'customizations',
            ),
            'quantity' => 
            array (
              'required' => true,
            ),
          ),
        ),
      ),
    ),
     'image_dir' => NULL,
     'image_format' => 'jpg',
     'translator' => NULL,
     'def' => 
    array (
      'table' => 'cart',
      'primary' => 'id_cart',
      'fields' => 
      array (
        'id_shop_group' => 
        array (
          'type' => 1,
          'validate' => 'isUnsignedId',
        ),
        'id_shop' => 
        array (
          'type' => 1,
          'validate' => 'isUnsignedId',
        ),
        'id_address_delivery' => 
        array (
          'type' => 1,
          'validate' => 'isUnsignedId',
        ),
        'id_address_invoice' => 
        array (
          'type' => 1,
          'validate' => 'isUnsignedId',
        ),
        'id_carrier' => 
        array (
          'type' => 1,
          'validate' => 'isUnsignedId',
        ),
        'id_currency' => 
        array (
          'type' => 1,
          'validate' => 'isUnsignedId',
          'required' => true,
        ),
        'id_customer' => 
        array (
          'type' => 1,
          'validate' => 'isUnsignedId',
        ),
        'id_guest' => 
        array (
          'type' => 1,
          'validate' => 'isUnsignedId',
        ),
        'id_lang' => 
        array (
          'type' => 1,
          'validate' => 'isUnsignedId',
          'required' => true,
        ),
        'recyclable' => 
        array (
          'type' => 2,
          'validate' => 'isBool',
        ),
        'gift' => 
        array (
          'type' => 2,
          'validate' => 'isBool',
        ),
        'gift_message' => 
        array (
          'type' => 3,
          'validate' => 'isMessage',
        ),
        'mobile_theme' => 
        array (
          'type' => 2,
          'validate' => 'isBool',
        ),
        'delivery_option' => 
        array (
          'type' => 3,
        ),
        'secure_key' => 
        array (
          'type' => 3,
          'size' => 32,
        ),
        'allow_seperated_package' => 
        array (
          'type' => 2,
          'validate' => 'isBool',
        ),
        'date_add' => 
        array (
          'type' => 5,
          'validate' => 'isDate',
        ),
        'date_upd' => 
        array (
          'type' => 5,
          'validate' => 'isDate',
        ),
        'added_to_order' => 
        array (
          'type' => 3,
        ),
      ),
      'classname' => 'Cart',
    ),
     'update_fields' => NULL,
     'force_id' => false,
     'id_shop_group' => 1,
     'id_address_delivery' => 847,
     'id_address_invoice' => 847,
     'id_currency' => 1,
     'id_customer' => 4,
     'id_guest' => 0,
     'recyclable' => 0,
     'gift' => 0,
     'gift_message' => '',
     'mobile_theme' => 0,
     'date_add' => '2023-03-13 08:36:29',
     'secure_key' => 'dfa60599a75dabe329b3f5b034ec8be6',
     'id_carrier' => 11,
     'date_upd' => '2023-03-13 12:14:17',
     'checkedTos' => false,
     'pictures' => NULL,
     'textFields' => NULL,
     'delivery_option' => '{"846":"11,"}',
     'allow_seperated_package' => 0,
     '_products' => 
    array (
      0 => 
      array (
        'id_product_attribute' => 3781,
        'id_product' => 1040,
        'cart_quantity' => 2,
        'id_shop' => 1,
        'id_customization' => NULL,
        'name' => 'stalen koker 15 x 15 x 2mm',
        'is_virtual' => 0,
        'description_short' => '<p>gebeitst (lichte kleur), (hoogte x breedte x wanddikte), lengte 2 meter</p>',
        'available_now' => '',
        'available_later' => '',
        'id_category_default' => 321,
        'id_supplier' => 3,
        'id_manufacturer' => 0,
        'manufacturer_name' => NULL,
        'on_sale' => 0,
        'ecotax' => '0.000000',
        'additional_shipping_cost' => '0.000000',
        'available_for_order' => 1,
        'show_price' => 1,
        'price' => 7.4,
        'active' => 1,
        'unity' => '',
        'unit_price' => 0.0,
        'quantity_available' => 9902,
        'width' => '0.000000',
        'height' => '0.000000',
        'depth' => '0.000000',
        'out_of_stock' => 2,
        'weight' => 1.6,
        'available_date' => '0000-00-00',
        'date_add' => '2020-06-12 14:19:47',
        'date_upd' => '2022-04-05 16:47:30',
        'quantity' => 2,
        'link_rewrite' => 'stalen-koker-15-x-15-x-2mm',
        'category' => 'koker-vierkant',
        'unique_id' => '000000104000000037818470',
        'id_address_delivery' => 847,
        'advanced_stock_management' => 0,
        'supplier_reference' => '',
        'customization_quantity' => NULL,
        'price_attribute' => '0.000000',
        'ecotax_attr' => '0.000000',
        'reference' => 'L1',
        'weight_attribute' => 1.6,
        'ean13' => '',
        'isbn' => '',
        'upc' => '',
        'mpn' => '',
        'minimal_quantity' => 1,
        'wholesale_price' => '2.960000',
        'id_image' => '1040-2028',
        'legend' => 'stalen koker 15 x 15 x 2mm',
        'reduction_type' => 0,
        'is_gift' => false,
        'reduction' => 0.0,
        'reduction_without_tax' => 0.0,
        'price_without_reduction' => 8.954,
        'specific_prices' => false,
        'unit_price_ratio' => 0.0,
        'unit_price_tax_excluded' => 0.0,
        'unit_price_tax_included' => 0.0,
        'stock_quantity' => 9902,
        'price_without_reduction_without_tax' => 7.4,
        'price_with_reduction' => 8.954,
        'price_with_reduction_without_tax' => 7.4,
        'total' => 14.8,
        'total_wt' => 17.91,
        'price_wt' => 8.954,
        'reduction_applies' => false,
        'quantity_discount_applies' => false,
        'allow_oosp' => 1,
        'features' => 
        array (
          0 => 
          array (
            'id_feature' => 4,
            'id_product' => 1040,
            'id_feature_value' => 13,
          ),
          1 => 
          array (
            'id_feature' => 9,
            'id_product' => 1040,
            'id_feature_value' => 126,
          ),
          2 => 
          array (
            'id_feature' => 10,
            'id_product' => 1040,
            'id_feature_value' => 33,
          ),
          3 => 
          array (
            'id_feature' => 17,
            'id_product' => 1040,
            'id_feature_value' => 306,
          ),
          4 => 
          array (
            'id_feature' => 18,
            'id_product' => 1040,
            'id_feature_value' => 309,
          ),
          5 => 
          array (
            'id_feature' => 19,
            'id_product' => 1040,
            'id_feature_value' => 102,
          ),
          6 => 
          array (
            'id_feature' => 23,
            'id_product' => 1040,
            'id_feature_value' => 86,
          ),
          7 => 
          array (
            'id_feature' => 24,
            'id_product' => 1040,
            'id_feature_value' => 82,
          ),
          8 => 
          array (
            'id_feature' => 25,
            'id_product' => 1040,
            'id_feature_value' => 12996,
          ),
          9 => 
          array (
            'id_feature' => 26,
            'id_product' => 1040,
            'id_feature_value' => 87,
          ),
          10 => 
          array (
            'id_feature' => 27,
            'id_product' => 1040,
            'id_feature_value' => 80,
          ),
          11 => 
          array (
            'id_feature' => 28,
            'id_product' => 1040,
            'id_feature_value' => 12997,
          ),
          12 => 
          array (
            'id_feature' => 29,
            'id_product' => 1040,
            'id_feature_value' => 83,
          ),
          13 => 
          array (
            'id_feature' => 30,
            'id_product' => 1040,
            'id_feature_value' => 12998,
          ),
          14 => 
          array (
            'id_feature' => 32,
            'id_product' => 1040,
            'id_feature_value' => 1316,
          ),
          15 => 
          array (
            'id_feature' => 36,
            'id_product' => 1040,
            'id_feature_value' => 12808,
          ),
          16 => 
          array (
            'id_feature' => 36,
            'id_product' => 1040,
            'id_feature_value' => 12814,
          ),
          17 => 
          array (
            'id_feature' => 38,
            'id_product' => 1040,
            'id_feature_value' => 6567,
          ),
          18 => 
          array (
            'id_feature' => 39,
            'id_product' => 1040,
            'id_feature_value' => 12999,
          ),
          19 => 
          array (
            'id_feature' => 45,
            'id_product' => 1040,
            'id_feature_value' => 5851,
          ),
          20 => 
          array (
            'id_feature' => 46,
            'id_product' => 1040,
            'id_feature_value' => 12803,
          ),
          21 => 
          array (
            'id_feature' => 46,
            'id_product' => 1040,
            'id_feature_value' => 12809,
          ),
        ),
        'attributes' => 'Zagen: A',
        'attributes_small' => 'A',
        'rate' => 21.0,
        'tax_name' => 'BTW NL 21%',
      ),
    ),
     '_taxCalculationMethod' => 0,
     'configuration' => 
    PrestaShop\PrestaShop\Adapter\Configuration::__set_state(array(
       'parameters' => NULL,
       'shop' => NULL,
    )),
     'addressFactory' => 
    PrestaShop\PrestaShop\Adapter\AddressFactory::__set_state(array(
    )),
     'shouldSplitGiftProductsQuantity' => false,
     'shouldExcludeGiftsDiscount' => false,
     'added_to_order' => '',
  )),
  'altern' => 2,
)array (
  'object' => 
  CustomerThread::__set_state(array(
     'id' => '51',
     'id_lang' => 1,
     'lang_associated' => NULL,
     'id_shop' => 1,
     'id_shop_list' => 
    array (
    ),
     'get_shop_from_context' => true,
     'table' => 'customer_thread',
     'identifier' => 'id_customer_thread',
     'fieldsRequired' => 
    array (
      0 => 'id_lang',
      1 => 'id_contact',
      2 => 'token',
    ),
     'fieldsSize' => 
    array (
      'email' => 255,
    ),
     'fieldsValidate' => 
    array (
      'id_lang' => 'isUnsignedId',
      'id_contact' => 'isUnsignedId',
      'id_shop' => 'isUnsignedId',
      'id_customer' => 'isUnsignedId',
      'id_order' => 'isUnsignedId',
      'id_product' => 'isUnsignedId',
      'email' => 'isEmail',
      'token' => 'isGenericName',
      'date_add' => 'isDate',
      'date_upd' => 'isDate',
    ),
     'fieldsRequiredLang' => 
    array (
    ),
     'fieldsSizeLang' => 
    array (
    ),
     'fieldsValidateLang' => 
    array (
    ),
     'tables' => 
    array (
    ),
     'webserviceParameters' => 
    array (
      'fields' => 
      array (
        'id_lang' => 
        array (
          'xlink_resource' => 'languages',
        ),
        'id_shop' => 
        array (
          'xlink_resource' => 'shops',
        ),
        'id_customer' => 
        array (
          'xlink_resource' => 'customers',
        ),
        'id_order' => 
        array (
          'xlink_resource' => 'orders',
        ),
        'id_product' => 
        array (
          'xlink_resource' => 'products',
        ),
      ),
      'associations' => 
      array (
        'customer_messages' => 
        array (
          'resource' => 'customer_message',
          'id' => 
          array (
            'required' => true,
          ),
        ),
      ),
    ),
     'image_dir' => NULL,
     'image_format' => 'jpg',
     'translator' => NULL,
     'def' => 
    array (
      'table' => 'customer_thread',
      'primary' => 'id_customer_thread',
      'fields' => 
      array (
        'id_lang' => 
        array (
          'type' => 1,
          'validate' => 'isUnsignedId',
          'required' => true,
        ),
        'id_contact' => 
        array (
          'type' => 1,
          'validate' => 'isUnsignedId',
          'required' => true,
        ),
        'id_shop' => 
        array (
          'type' => 1,
          'validate' => 'isUnsignedId',
        ),
        'id_customer' => 
        array (
          'type' => 1,
          'validate' => 'isUnsignedId',
        ),
        'id_order' => 
        array (
          'type' => 1,
          'validate' => 'isUnsignedId',
        ),
        'id_product' => 
        array (
          'type' => 1,
          'validate' => 'isUnsignedId',
        ),
        'email' => 
        array (
          'type' => 3,
          'validate' => 'isEmail',
          'size' => 255,
        ),
        'token' => 
        array (
          'type' => 3,
          'validate' => 'isGenericName',
          'required' => true,
        ),
        'status' => 
        array (
          'type' => 3,
        ),
        'date_add' => 
        array (
          'type' => 5,
          'validate' => 'isDate',
        ),
        'date_upd' => 
        array (
          'type' => 5,
          'validate' => 'isDate',
        ),
      ),
      'classname' => 'CustomerThread',
    ),
     'update_fields' => NULL,
     'force_id' => false,
     'id_contact' => 0,
     'id_customer' => 666673,
     'id_order' => 721,
     'id_product' => NULL,
     'status' => 'open',
     'email' => 'pppppp@ppp.pp',
     'token' => 'LMETsnn00P50',
     'date_add' => '2024-05-16 10:10:06',
     'date_upd' => '2024-05-16 10:10:06',
  )),
  'cookie' => 
  Cookie::__set_state(array(
     '_content' => 
    array (
      'date_add' => '2024-05-16 10:05:34',
      'id_lang' => '1',
      'price_vat_settings_incl' => 'true',
      'id_currency' => 1,
      'wk_webp_safari' => 0,
      'last_visited_category' => '381',
      'id_customer' => '4',
      'customer_lastname' => 'Stoker',
      'customer_firstname' => 'jelmer',
      'passwd' => '$2y$10$27puIXuzbzn4xyX4RRAtV../pIpEdUUpbgOrpPNaVvzIwqrq5ArZi',
      'logged' => '1',
      'email' => 'jelmer@ijzershop.nl',
      'is_guest' => '0',
      'id_guest' => '2952',
      'session_id' => '310',
      'session_token' => 'c4396f1ee6c22d22f9f52a5377c39816265c30bf',
      'selected_customer_secure_key' => 'd7f044ef1143c6e871384ddd60a34fad',
      'selected_customer_customer_firstname' => 'pppppp',
      'selected_customer_customer_lastname' => 'ppppp',
      'selected_customer_id_customer' => 666673,
      'selected_customer_email' => 'pppppp@ppp.pp',
      'on_credit_reference' => 'tes project',
      'on_credit_buyer' => 'Piet Snot',
      'check_cgv' => '',
      'id_cart' => '15838',
      'checksum' => '11d7f22e88bc3c8b786a8912348d24fb8fe9b1aaa0158e01a030809e6b507730',
    ),
     '_name' => 'PrestaShop-7a6284c5161ca69f9f431d50b1a8802b',
     '_expire' => 1717575005,
     '_domain' => 'ijzershop8.local',
     '_sameSite' => 'Lax',
     '_path' => '/',
     'cipherTool' => 
    PhpEncryption::__set_state(array(
    )),
     '_modified' => true,
     '_allow_writing' => true,
     '_salt' => 'RYitkuu1',
     '_standalone' => false,
     '_secure' => true,
     'session' => 
    CustomerSession::__set_state(array(
       'id' => 310,
       'id_lang' => NULL,
       'lang_associated' => NULL,
       'id_shop' => NULL,
       'id_shop_list' => 
      array (
      ),
       'get_shop_from_context' => true,
       'table' => 'customer_session',
       'identifier' => 'id_customer_session',
       'fieldsRequired' => 
      array (
        0 => 'id_customer',
      ),
       'fieldsSize' => 
      array (
        'token' => 40,
      ),
       'fieldsValidate' => 
      array (
        'id_customer' => 'isUnsignedId',
        'token' => 'isSha1',
        'date_upd' => 'isDate',
        'date_add' => 'isDate',
      ),
       'fieldsRequiredLang' => 
      array (
      ),
       'fieldsSizeLang' => 
      array (
      ),
       'fieldsValidateLang' => 
      array (
      ),
       'tables' => 
      array (
      ),
       'webserviceParameters' => 
      array (
      ),
       'image_dir' => NULL,
       'image_format' => 'jpg',
       'translator' => NULL,
       'def' => 
      array (
        'table' => 'customer_session',
        'primary' => 'id_customer_session',
        'fields' => 
        array (
          'id_customer' => 
          array (
            'type' => 1,
            'validate' => 'isUnsignedId',
            'required' => true,
          ),
          'token' => 
          array (
            'type' => 3,
            'validate' => 'isSha1',
            'size' => 40,
            'copy_post' => false,
          ),
          'date_upd' => 
          array (
            'type' => 5,
            'validate' => 'isDate',
            'copy_post' => false,
          ),
          'date_add' => 
          array (
            'type' => 5,
            'validate' => 'isDate',
            'copy_post' => false,
          ),
        ),
        'classname' => 'CustomerSession',
      ),
       'update_fields' => NULL,
       'force_id' => false,
       'id_customer' => 4,
       'token' => 'c4396f1ee6c22d22f9f52a5377c39816265c30bf',
       'date_upd' => '2024-05-16 10:10:05',
       'date_add' => '2024-05-16 10:06:43',
    )),
  )),
  'cart' => 
  Cart::__set_state(array(
     'id' => 15838,
     'id_lang' => 1,
     'lang_associated' => 
    Language::__set_state(array(
       'id' => 1,
       'id_lang' => NULL,
       'lang_associated' => NULL,
       'id_shop' => 1,
       'id_shop_list' => 
      array (
      ),
       'get_shop_from_context' => true,
       'table' => 'lang',
       'identifier' => 'id_lang',
       'fieldsRequired' => 
      array (
        0 => 'name',
        1 => 'iso_code',
        2 => 'date_format_lite',
        3 => 'date_format_full',
      ),
       'fieldsSize' => 
      array (
        'name' => 32,
        'iso_code' => 2,
        'locale' => 5,
        'language_code' => 5,
        'date_format_lite' => 32,
        'date_format_full' => 32,
      ),
       'fieldsValidate' => 
      array (
        'name' => 'isGenericName',
        'iso_code' => 'isLanguageIsoCode',
        'locale' => 'isLocale',
        'language_code' => 'isLanguageCode',
        'active' => 'isBool',
        'is_rtl' => 'isBool',
        'date_format_lite' => 'isPhpDateFormat',
        'date_format_full' => 'isPhpDateFormat',
      ),
       'fieldsRequiredLang' => 
      array (
      ),
       'fieldsSizeLang' => 
      array (
      ),
       'fieldsValidateLang' => 
      array (
      ),
       'tables' => 
      array (
      ),
       'webserviceParameters' => 
      array (
        'objectNodeName' => 'language',
        'objectsNodeName' => 'languages',
      ),
       'image_dir' => NULL,
       'image_format' => 'jpg',
       'translator' => NULL,
       'def' => 
      array (
        'table' => 'lang',
        'primary' => 'id_lang',
        'fields' => 
        array (
          'name' => 
          array (
            'type' => 3,
            'validate' => 'isGenericName',
            'required' => true,
            'size' => 32,
          ),
          'iso_code' => 
          array (
            'type' => 3,
            'validate' => 'isLanguageIsoCode',
            'required' => true,
            'size' => 2,
          ),
          'locale' => 
          array (
            'type' => 3,
            'validate' => 'isLocale',
            'size' => 5,
          ),
          'language_code' => 
          array (
            'type' => 3,
            'validate' => 'isLanguageCode',
            'size' => 5,
          ),
          'active' => 
          array (
            'type' => 2,
            'validate' => 'isBool',
          ),
          'is_rtl' => 
          array (
            'type' => 2,
            'validate' => 'isBool',
          ),
          'date_format_lite' => 
          array (
            'type' => 3,
            'validate' => 'isPhpDateFormat',
            'required' => true,
            'size' => 32,
          ),
          'date_format_full' => 
          array (
            'type' => 3,
            'validate' => 'isPhpDateFormat',
            'required' => true,
            'size' => 32,
          ),
        ),
        'classname' => 'Language',
      ),
       'update_fields' => NULL,
       'force_id' => false,
       'name' => 'Nederlands (Dutch)',
       'iso_code' => 'nl',
       'locale' => 'nl-NL',
       'language_code' => 'nl-nl',
       'date_format_lite' => 'd-m-Y',
       'date_format_full' => 'd-m-Y H:i:s',
       'is_rtl' => 0,
       'active' => 1,
       'translationsFilesAndVars' => 
      array (
        'fields' => '_FIELDS',
        'errors' => '_ERRORS',
        'admin' => '_LANGADM',
        'pdf' => '_LANGPDF',
        'tabs' => 'tabs',
      ),
    )),
     'id_shop' => 1,
     'id_shop_list' => 
    array (
    ),
     'get_shop_from_context' => true,
     'table' => 'cart',
     'identifier' => 'id_cart',
     'fieldsRequired' => 
    array (
      0 => 'id_currency',
      1 => 'id_lang',
    ),
     'fieldsSize' => 
    array (
      'secure_key' => 32,
    ),
     'fieldsValidate' => 
    array (
      'id_shop_group' => 'isUnsignedId',
      'id_shop' => 'isUnsignedId',
      'id_address_delivery' => 'isUnsignedId',
      'id_address_invoice' => 'isUnsignedId',
      'id_carrier' => 'isUnsignedId',
      'id_currency' => 'isUnsignedId',
      'id_customer' => 'isUnsignedId',
      'id_guest' => 'isUnsignedId',
      'id_lang' => 'isUnsignedId',
      'recyclable' => 'isBool',
      'gift' => 'isBool',
      'gift_message' => 'isMessage',
      'mobile_theme' => 'isBool',
      'allow_seperated_package' => 'isBool',
      'date_add' => 'isDate',
      'date_upd' => 'isDate',
    ),
     'fieldsRequiredLang' => 
    array (
    ),
     'fieldsSizeLang' => 
    array (
    ),
     'fieldsValidateLang' => 
    array (
    ),
     'tables' => 
    array (
    ),
     'webserviceParameters' => 
    array (
      'fields' => 
      array (
        'id_address_delivery' => 
        array (
          'xlink_resource' => 'addresses',
        ),
        'id_address_invoice' => 
        array (
          'xlink_resource' => 'addresses',
        ),
        'id_currency' => 
        array (
          'xlink_resource' => 'currencies',
        ),
        'id_customer' => 
        array (
          'xlink_resource' => 'customers',
        ),
        'id_guest' => 
        array (
          'xlink_resource' => 'guests',
        ),
        'id_lang' => 
        array (
          'xlink_resource' => 'languages',
        ),
      ),
      'associations' => 
      array (
        'cart_rows' => 
        array (
          'resource' => 'cart_row',
          'virtual_entity' => true,
          'fields' => 
          array (
            'id_product' => 
            array (
              'required' => true,
              'xlink_resource' => 'products',
            ),
            'id_product_attribute' => 
            array (
              'required' => true,
              'xlink_resource' => 'combinations',
            ),
            'id_address_delivery' => 
            array (
              'required' => true,
              'xlink_resource' => 'addresses',
            ),
            'id_customization' => 
            array (
              'required' => false,
              'xlink_resource' => 'customizations',
            ),
            'quantity' => 
            array (
              'required' => true,
            ),
          ),
        ),
      ),
    ),
     'image_dir' => NULL,
     'image_format' => 'jpg',
     'translator' => NULL,
     'def' => 
    array (
      'table' => 'cart',
      'primary' => 'id_cart',
      'fields' => 
      array (
        'id_shop_group' => 
        array (
          'type' => 1,
          'validate' => 'isUnsignedId',
        ),
        'id_shop' => 
        array (
          'type' => 1,
          'validate' => 'isUnsignedId',
        ),
        'id_address_delivery' => 
        array (
          'type' => 1,
          'validate' => 'isUnsignedId',
        ),
        'id_address_invoice' => 
        array (
          'type' => 1,
          'validate' => 'isUnsignedId',
        ),
        'id_carrier' => 
        array (
          'type' => 1,
          'validate' => 'isUnsignedId',
        ),
        'id_currency' => 
        array (
          'type' => 1,
          'validate' => 'isUnsignedId',
          'required' => true,
        ),
        'id_customer' => 
        array (
          'type' => 1,
          'validate' => 'isUnsignedId',
        ),
        'id_guest' => 
        array (
          'type' => 1,
          'validate' => 'isUnsignedId',
        ),
        'id_lang' => 
        array (
          'type' => 1,
          'validate' => 'isUnsignedId',
          'required' => true,
        ),
        'recyclable' => 
        array (
          'type' => 2,
          'validate' => 'isBool',
        ),
        'gift' => 
        array (
          'type' => 2,
          'validate' => 'isBool',
        ),
        'gift_message' => 
        array (
          'type' => 3,
          'validate' => 'isMessage',
        ),
        'mobile_theme' => 
        array (
          'type' => 2,
          'validate' => 'isBool',
        ),
        'delivery_option' => 
        array (
          'type' => 3,
        ),
        'secure_key' => 
        array (
          'type' => 3,
          'size' => 32,
        ),
        'allow_seperated_package' => 
        array (
          'type' => 2,
          'validate' => 'isBool',
        ),
        'date_add' => 
        array (
          'type' => 5,
          'validate' => 'isDate',
        ),
        'date_upd' => 
        array (
          'type' => 5,
          'validate' => 'isDate',
        ),
        'added_to_order' => 
        array (
          'type' => 3,
        ),
      ),
      'classname' => 'Cart',
    ),
     'update_fields' => NULL,
     'force_id' => false,
     'id_shop_group' => 1,
     'id_address_delivery' => 1052,
     'id_address_invoice' => 1256,
     'id_currency' => 1,
     'id_customer' => 666673,
     'id_guest' => 2952,
     'recyclable' => 0,
     'gift' => 0,
     'gift_message' => '',
     'mobile_theme' => 0,
     'date_add' => '2024-05-16 10:08:48',
     'secure_key' => 'dfa60599a75dabe329b3f5b034ec8be6',
     'id_carrier' => 7,
     'date_upd' => '2024-05-16 10:09:45',
     'checkedTos' => false,
     'pictures' => NULL,
     'textFields' => NULL,
     'delivery_option' => '{"1052":"7,"}',
     'allow_seperated_package' => 0,
     '_products' => 
    array (
      0 => 
      array (
        'id_product_attribute' => 3821,
        'id_product' => 1534,
        'cart_quantity' => 1,
        'id_shop' => 1,
        'id_customization' => NULL,
        'name' => 'Montageprofiel',
        'is_virtual' => 0,
        'description_short' => '<p>lengte 2 meter</p>',
        'available_now' => '',
        'available_later' => '',
        'id_category_default' => 381,
        'id_supplier' => 1,
        'id_manufacturer' => 0,
        'manufacturer_name' => NULL,
        'on_sale' => 0,
        'ecotax' => '0.000000',
        'additional_shipping_cost' => '0.000000',
        'available_for_order' => 1,
        'show_price' => 1,
        'price' => 26.3,
        'active' => 1,
        'unity' => '',
        'unit_price' => 0.0,
        'quantity_available' => 999999999,
        'width' => '0.000000',
        'height' => '0.000000',
        'depth' => '0.000000',
        'out_of_stock' => 2,
        'weight' => 0.0,
        'available_date' => '0000-00-00',
        'date_add' => '2020-06-12 14:20:30',
        'date_upd' => '2022-01-14 16:32:04',
        'quantity' => 1,
        'link_rewrite' => 'montageprofiel',
        'category' => 'montageprofiel',
        'unique_id' => '0000001534000000382110520',
        'id_address_delivery' => 1052,
        'advanced_stock_management' => 0,
        'supplier_reference' => '',
        'customization_quantity' => NULL,
        'price_attribute' => '12.500000',
        'ecotax_attr' => '0.000000',
        'reference' => 'E',
        'weight_attribute' => 0.0,
        'ean13' => '',
        'isbn' => '',
        'upc' => '',
        'mpn' => '',
        'minimal_quantity' => 1,
        'wholesale_price' => '6.740000',
        'id_image' => '1534-1597',
        'legend' => 'Montageprofiel',
        'reduction_type' => 0,
        'is_gift' => false,
        'reduction' => 0.0,
        'reduction_without_tax' => 0.0,
        'price_without_reduction' => 31.823,
        'specific_prices' => 
        array (
        ),
        'unit_price_ratio' => 0.0,
        'unit_price_tax_excluded' => 0.0,
        'unit_price_tax_included' => 0.0,
        'stock_quantity' => 999999999,
        'price_without_reduction_without_tax' => 26.3,
        'price_with_reduction' => 31.823,
        'price_with_reduction_without_tax' => 26.3,
        'total' => 26.3,
        'total_wt' => 31.82,
        'price_wt' => 31.823,
        'reduction_applies' => false,
        'quantity_discount_applies' => false,
        'allow_oosp' => 1,
        'features' => 
        array (
          0 => 
          array (
            'id_feature' => 4,
            'id_product' => 1534,
            'id_feature_value' => 13,
          ),
          1 => 
          array (
            'id_feature' => 23,
            'id_product' => 1534,
            'id_feature_value' => 1438,
          ),
          2 => 
          array (
            'id_feature' => 24,
            'id_product' => 1534,
            'id_feature_value' => 1433,
          ),
          3 => 
          array (
            'id_feature' => 25,
            'id_product' => 1534,
            'id_feature_value' => 1437,
          ),
          4 => 
          array (
            'id_feature' => 26,
            'id_product' => 1534,
            'id_feature_value' => 1439,
          ),
          5 => 
          array (
            'id_feature' => 27,
            'id_product' => 1534,
            'id_feature_value' => 80,
          ),
          6 => 
          array (
            'id_feature' => 28,
            'id_product' => 1534,
            'id_feature_value' => 81,
          ),
          7 => 
          array (
            'id_feature' => 29,
            'id_product' => 1534,
            'id_feature_value' => 1434,
          ),
          8 => 
          array (
            'id_feature' => 30,
            'id_product' => 1534,
            'id_feature_value' => 1436,
          ),
          9 => 
          array (
            'id_feature' => 32,
            'id_product' => 1534,
            'id_feature_value' => 1316,
          ),
          10 => 
          array (
            'id_feature' => 45,
            'id_product' => 1534,
            'id_feature_value' => 6010,
          ),
          11 => 
          array (
            'id_feature' => 46,
            'id_product' => 1534,
            'id_feature_value' => 7144,
          ),
        ),
        'attributes' => 'Zagen: G',
        'attributes_small' => 'G',
        'rate' => 21.0,
        'tax_name' => 'BTW NL 21%',
      ),
      1 => 
      array (
        'id_product_attribute' => 0,
        'id_product' => 1552,
        'cart_quantity' => 1,
        'id_shop' => 1,
        'id_customization' => NULL,
        'name' => 'Schuifmoer M6, verzinkt',
        'is_virtual' => 0,
        'description_short' => '<p>kan worden toegepast in combinatie met een railprofiel</p>',
        'available_now' => '',
        'available_later' => '',
        'id_category_default' => 381,
        'id_supplier' => 0,
        'id_manufacturer' => 0,
        'manufacturer_name' => NULL,
        'on_sale' => 0,
        'ecotax' => '0.000000',
        'additional_shipping_cost' => '0.000000',
        'available_for_order' => 1,
        'show_price' => 1,
        'price' => 0.92,
        'active' => 1,
        'unity' => '',
        'unit_price' => 0.0,
        'quantity_available' => 99999999,
        'width' => '0.000000',
        'height' => '0.000000',
        'depth' => '0.000000',
        'out_of_stock' => 2,
        'weight' => 0.0,
        'available_date' => '0000-00-00',
        'date_add' => '2020-06-12 14:20:31',
        'date_upd' => '2022-01-14 16:32:04',
        'quantity' => 1,
        'link_rewrite' => 'schuifmoer-m6-verzinkt',
        'category' => 'montageprofiel',
        'unique_id' => '0000001552000000000010520',
        'id_address_delivery' => 1052,
        'advanced_stock_management' => 0,
        'supplier_reference' => NULL,
        'customization_quantity' => NULL,
        'price_attribute' => NULL,
        'ecotax_attr' => NULL,
        'reference' => 'B2',
        'weight_attribute' => NULL,
        'ean13' => '',
        'isbn' => '',
        'upc' => '',
        'mpn' => '',
        'minimal_quantity' => 1,
        'wholesale_price' => '0.000000',
        'id_image' => '1552-1617',
        'legend' => 'Schuifmoer M6, verzinkt',
        'reduction_type' => 0,
        'is_gift' => false,
        'reduction' => 0.0,
        'reduction_without_tax' => 0.0,
        'price_without_reduction' => 1.1132,
        'specific_prices' => 
        array (
        ),
        'unit_price_ratio' => 0.0,
        'unit_price_tax_excluded' => 0.0,
        'unit_price_tax_included' => 0.0,
        'stock_quantity' => 99999999,
        'price_without_reduction_without_tax' => 0.92,
        'price_with_reduction' => 1.1132,
        'price_with_reduction_without_tax' => 0.92,
        'total' => 0.92,
        'total_wt' => 1.11,
        'price_wt' => 1.1132,
        'reduction_applies' => false,
        'quantity_discount_applies' => false,
        'allow_oosp' => 1,
        'features' => 
        array (
          0 => 
          array (
            'id_feature' => 23,
            'id_product' => 1552,
            'id_feature_value' => 1445,
          ),
          1 => 
          array (
            'id_feature' => 24,
            'id_product' => 1552,
            'id_feature_value' => 1441,
          ),
          2 => 
          array (
            'id_feature' => 25,
            'id_product' => 1552,
            'id_feature_value' => 1444,
          ),
          3 => 
          array (
            'id_feature' => 28,
            'id_product' => 1552,
            'id_feature_value' => 1440,
          ),
          4 => 
          array (
            'id_feature' => 29,
            'id_product' => 1552,
            'id_feature_value' => 1442,
          ),
          5 => 
          array (
            'id_feature' => 30,
            'id_product' => 1552,
            'id_feature_value' => 1443,
          ),
          6 => 
          array (
            'id_feature' => 32,
            'id_product' => 1552,
            'id_feature_value' => 1316,
          ),
          7 => 
          array (
            'id_feature' => 45,
            'id_product' => 1552,
            'id_feature_value' => 6010,
          ),
          8 => 
          array (
            'id_feature' => 46,
            'id_product' => 1552,
            'id_feature_value' => 7439,
          ),
        ),
        'attributes' => '',
        'attributes_small' => '',
        'rate' => 21.0,
        'tax_name' => 'BTW NL 21%',
      ),
    ),
     '_taxCalculationMethod' => 0,
     'configuration' => 
    PrestaShop\PrestaShop\Adapter\Configuration::__set_state(array(
       'parameters' => NULL,
       'shop' => NULL,
    )),
     'addressFactory' => 
    PrestaShop\PrestaShop\Adapter\AddressFactory::__set_state(array(
    )),
     'shouldSplitGiftProductsQuantity' => false,
     'shouldExcludeGiftsDiscount' => false,
     'added_to_order' => '',
  )),
  'altern' => 1,
)array (
  'object' => 
  CustomerThread::__set_state(array(
     'id' => '52',
     'id_lang' => 1,
     'lang_associated' => NULL,
     'id_shop' => 1,
     'id_shop_list' => 
    array (
    ),
     'get_shop_from_context' => true,
     'table' => 'customer_thread',
     'identifier' => 'id_customer_thread',
     'fieldsRequired' => 
    array (
      0 => 'id_lang',
      1 => 'id_contact',
      2 => 'token',
    ),
     'fieldsSize' => 
    array (
      'email' => 255,
    ),
     'fieldsValidate' => 
    array (
      'id_lang' => 'isUnsignedId',
      'id_contact' => 'isUnsignedId',
      'id_shop' => 'isUnsignedId',
      'id_customer' => 'isUnsignedId',
      'id_order' => 'isUnsignedId',
      'id_product' => 'isUnsignedId',
      'email' => 'isEmail',
      'token' => 'isGenericName',
      'date_add' => 'isDate',
      'date_upd' => 'isDate',
    ),
     'fieldsRequiredLang' => 
    array (
    ),
     'fieldsSizeLang' => 
    array (
    ),
     'fieldsValidateLang' => 
    array (
    ),
     'tables' => 
    array (
    ),
     'webserviceParameters' => 
    array (
      'fields' => 
      array (
        'id_lang' => 
        array (
          'xlink_resource' => 'languages',
        ),
        'id_shop' => 
        array (
          'xlink_resource' => 'shops',
        ),
        'id_customer' => 
        array (
          'xlink_resource' => 'customers',
        ),
        'id_order' => 
        array (
          'xlink_resource' => 'orders',
        ),
        'id_product' => 
        array (
          'xlink_resource' => 'products',
        ),
      ),
      'associations' => 
      array (
        'customer_messages' => 
        array (
          'resource' => 'customer_message',
          'id' => 
          array (
            'required' => true,
          ),
        ),
      ),
    ),
     'image_dir' => NULL,
     'image_format' => 'jpg',
     'translator' => NULL,
     'def' => 
    array (
      'table' => 'customer_thread',
      'primary' => 'id_customer_thread',
      'fields' => 
      array (
        'id_lang' => 
        array (
          'type' => 1,
          'validate' => 'isUnsignedId',
          'required' => true,
        ),
        'id_contact' => 
        array (
          'type' => 1,
          'validate' => 'isUnsignedId',
          'required' => true,
        ),
        'id_shop' => 
        array (
          'type' => 1,
          'validate' => 'isUnsignedId',
        ),
        'id_customer' => 
        array (
          'type' => 1,
          'validate' => 'isUnsignedId',
        ),
        'id_order' => 
        array (
          'type' => 1,
          'validate' => 'isUnsignedId',
        ),
        'id_product' => 
        array (
          'type' => 1,
          'validate' => 'isUnsignedId',
        ),
        'email' => 
        array (
          'type' => 3,
          'validate' => 'isEmail',
          'size' => 255,
        ),
        'token' => 
        array (
          'type' => 3,
          'validate' => 'isGenericName',
          'required' => true,
        ),
        'status' => 
        array (
          'type' => 3,
        ),
        'date_add' => 
        array (
          'type' => 5,
          'validate' => 'isDate',
        ),
        'date_upd' => 
        array (
          'type' => 5,
          'validate' => 'isDate',
        ),
      ),
      'classname' => 'CustomerThread',
    ),
     'update_fields' => NULL,
     'force_id' => false,
     'id_contact' => 0,
     'id_customer' => 666673,
     'id_order' => 723,
     'id_product' => NULL,
     'status' => 'open',
     'email' => 'pppppp@ppp.pp',
     'token' => 'vJH6Y31EYIno',
     'date_add' => '2024-05-16 10:23:58',
     'date_upd' => '2024-05-16 10:23:58',
  )),
  'cookie' => 
  Cookie::__set_state(array(
     '_content' => 
    array (
      'date_add' => '2024-05-16 10:10:55',
      'id_lang' => '1',
      'price_vat_settings_incl' => 'true',
      'id_currency' => 1,
      'wk_webp_safari' => 0,
      'id_customer' => '4',
      'customer_lastname' => 'Stoker',
      'customer_firstname' => 'jelmer',
      'passwd' => '$2y$10$27puIXuzbzn4xyX4RRAtV../pIpEdUUpbgOrpPNaVvzIwqrq5ArZi',
      'logged' => '1',
      'email' => 'jelmer@ijzershop.nl',
      'is_guest' => '',
      'id_guest' => '2952',
      'session_id' => '311',
      'session_token' => '122860a3abf3fe8172a6a194d94ca65298d21ae6',
      'selected_customer_secure_key' => 'd7f044ef1143c6e871384ddd60a34fad',
      'selected_customer_customer_firstname' => 'pppppp',
      'selected_customer_customer_lastname' => 'ppppp',
      'selected_customer_id_customer' => 666673,
      'selected_customer_email' => 'pppppp@ppp.pp',
      'on_credit_reference' => 'wdq',
      'on_credit_buyer' => 'Piet Snot',
      'check_cgv' => '',
      'last_visited_category' => '321',
      'id_cart' => '15840',
      'checksum' => '12f9f2632ef11d4839fc3e5e01fa2f7e9b4d3a8ed0fddff5a313deb2d03ddd3d',
    ),
     '_name' => 'PrestaShop-7a6284c5161ca69f9f431d50b1a8802b',
     '_expire' => 1717575837,
     '_domain' => 'ijzershop8.local',
     '_sameSite' => 'Lax',
     '_path' => '/',
     'cipherTool' => 
    PhpEncryption::__set_state(array(
    )),
     '_modified' => true,
     '_allow_writing' => true,
     '_salt' => 'RYitkuu1',
     '_standalone' => false,
     '_secure' => true,
     'session' => 
    CustomerSession::__set_state(array(
       'id' => 311,
       'id_lang' => NULL,
       'lang_associated' => NULL,
       'id_shop' => NULL,
       'id_shop_list' => 
      array (
      ),
       'get_shop_from_context' => true,
       'table' => 'customer_session',
       'identifier' => 'id_customer_session',
       'fieldsRequired' => 
      array (
        0 => 'id_customer',
      ),
       'fieldsSize' => 
      array (
        'token' => 40,
      ),
       'fieldsValidate' => 
      array (
        'id_customer' => 'isUnsignedId',
        'token' => 'isSha1',
        'date_upd' => 'isDate',
        'date_add' => 'isDate',
      ),
       'fieldsRequiredLang' => 
      array (
      ),
       'fieldsSizeLang' => 
      array (
      ),
       'fieldsValidateLang' => 
      array (
      ),
       'tables' => 
      array (
      ),
       'webserviceParameters' => 
      array (
      ),
       'image_dir' => NULL,
       'image_format' => 'jpg',
       'translator' => NULL,
       'def' => 
      array (
        'table' => 'customer_session',
        'primary' => 'id_customer_session',
        'fields' => 
        array (
          'id_customer' => 
          array (
            'type' => 1,
            'validate' => 'isUnsignedId',
            'required' => true,
          ),
          'token' => 
          array (
            'type' => 3,
            'validate' => 'isSha1',
            'size' => 40,
            'copy_post' => false,
          ),
          'date_upd' => 
          array (
            'type' => 5,
            'validate' => 'isDate',
            'copy_post' => false,
          ),
          'date_add' => 
          array (
            'type' => 5,
            'validate' => 'isDate',
            'copy_post' => false,
          ),
        ),
        'classname' => 'CustomerSession',
      ),
       'update_fields' => NULL,
       'force_id' => false,
       'id_customer' => 4,
       'token' => '122860a3abf3fe8172a6a194d94ca65298d21ae6',
       'date_upd' => '2024-05-16 10:23:57',
       'date_add' => '2024-05-16 10:17:10',
    )),
  )),
  'cart' => 
  Cart::__set_state(array(
     'id' => 15840,
     'id_lang' => 1,
     'lang_associated' => 
    Language::__set_state(array(
       'id' => 1,
       'id_lang' => NULL,
       'lang_associated' => NULL,
       'id_shop' => 1,
       'id_shop_list' => 
      array (
      ),
       'get_shop_from_context' => true,
       'table' => 'lang',
       'identifier' => 'id_lang',
       'fieldsRequired' => 
      array (
        0 => 'name',
        1 => 'iso_code',
        2 => 'date_format_lite',
        3 => 'date_format_full',
      ),
       'fieldsSize' => 
      array (
        'name' => 32,
        'iso_code' => 2,
        'locale' => 5,
        'language_code' => 5,
        'date_format_lite' => 32,
        'date_format_full' => 32,
      ),
       'fieldsValidate' => 
      array (
        'name' => 'isGenericName',
        'iso_code' => 'isLanguageIsoCode',
        'locale' => 'isLocale',
        'language_code' => 'isLanguageCode',
        'active' => 'isBool',
        'is_rtl' => 'isBool',
        'date_format_lite' => 'isPhpDateFormat',
        'date_format_full' => 'isPhpDateFormat',
      ),
       'fieldsRequiredLang' => 
      array (
      ),
       'fieldsSizeLang' => 
      array (
      ),
       'fieldsValidateLang' => 
      array (
      ),
       'tables' => 
      array (
      ),
       'webserviceParameters' => 
      array (
        'objectNodeName' => 'language',
        'objectsNodeName' => 'languages',
      ),
       'image_dir' => NULL,
       'image_format' => 'jpg',
       'translator' => NULL,
       'def' => 
      array (
        'table' => 'lang',
        'primary' => 'id_lang',
        'fields' => 
        array (
          'name' => 
          array (
            'type' => 3,
            'validate' => 'isGenericName',
            'required' => true,
            'size' => 32,
          ),
          'iso_code' => 
          array (
            'type' => 3,
            'validate' => 'isLanguageIsoCode',
            'required' => true,
            'size' => 2,
          ),
          'locale' => 
          array (
            'type' => 3,
            'validate' => 'isLocale',
            'size' => 5,
          ),
          'language_code' => 
          array (
            'type' => 3,
            'validate' => 'isLanguageCode',
            'size' => 5,
          ),
          'active' => 
          array (
            'type' => 2,
            'validate' => 'isBool',
          ),
          'is_rtl' => 
          array (
            'type' => 2,
            'validate' => 'isBool',
          ),
          'date_format_lite' => 
          array (
            'type' => 3,
            'validate' => 'isPhpDateFormat',
            'required' => true,
            'size' => 32,
          ),
          'date_format_full' => 
          array (
            'type' => 3,
            'validate' => 'isPhpDateFormat',
            'required' => true,
            'size' => 32,
          ),
        ),
        'classname' => 'Language',
      ),
       'update_fields' => NULL,
       'force_id' => false,
       'name' => 'Nederlands (Dutch)',
       'iso_code' => 'nl',
       'locale' => 'nl-NL',
       'language_code' => 'nl-nl',
       'date_format_lite' => 'd-m-Y',
       'date_format_full' => 'd-m-Y H:i:s',
       'is_rtl' => 0,
       'active' => 1,
       'translationsFilesAndVars' => 
      array (
        'fields' => '_FIELDS',
        'errors' => '_ERRORS',
        'admin' => '_LANGADM',
        'pdf' => '_LANGPDF',
        'tabs' => 'tabs',
      ),
    )),
     'id_shop' => 1,
     'id_shop_list' => 
    array (
    ),
     'get_shop_from_context' => true,
     'table' => 'cart',
     'identifier' => 'id_cart',
     'fieldsRequired' => 
    array (
      0 => 'id_currency',
      1 => 'id_lang',
    ),
     'fieldsSize' => 
    array (
      'secure_key' => 32,
    ),
     'fieldsValidate' => 
    array (
      'id_shop_group' => 'isUnsignedId',
      'id_shop' => 'isUnsignedId',
      'id_address_delivery' => 'isUnsignedId',
      'id_address_invoice' => 'isUnsignedId',
      'id_carrier' => 'isUnsignedId',
      'id_currency' => 'isUnsignedId',
      'id_customer' => 'isUnsignedId',
      'id_guest' => 'isUnsignedId',
      'id_lang' => 'isUnsignedId',
      'recyclable' => 'isBool',
      'gift' => 'isBool',
      'gift_message' => 'isMessage',
      'mobile_theme' => 'isBool',
      'allow_seperated_package' => 'isBool',
      'date_add' => 'isDate',
      'date_upd' => 'isDate',
    ),
     'fieldsRequiredLang' => 
    array (
    ),
     'fieldsSizeLang' => 
    array (
    ),
     'fieldsValidateLang' => 
    array (
    ),
     'tables' => 
    array (
    ),
     'webserviceParameters' => 
    array (
      'fields' => 
      array (
        'id_address_delivery' => 
        array (
          'xlink_resource' => 'addresses',
        ),
        'id_address_invoice' => 
        array (
          'xlink_resource' => 'addresses',
        ),
        'id_currency' => 
        array (
          'xlink_resource' => 'currencies',
        ),
        'id_customer' => 
        array (
          'xlink_resource' => 'customers',
        ),
        'id_guest' => 
        array (
          'xlink_resource' => 'guests',
        ),
        'id_lang' => 
        array (
          'xlink_resource' => 'languages',
        ),
      ),
      'associations' => 
      array (
        'cart_rows' => 
        array (
          'resource' => 'cart_row',
          'virtual_entity' => true,
          'fields' => 
          array (
            'id_product' => 
            array (
              'required' => true,
              'xlink_resource' => 'products',
            ),
            'id_product_attribute' => 
            array (
              'required' => true,
              'xlink_resource' => 'combinations',
            ),
            'id_address_delivery' => 
            array (
              'required' => true,
              'xlink_resource' => 'addresses',
            ),
            'id_customization' => 
            array (
              'required' => false,
              'xlink_resource' => 'customizations',
            ),
            'quantity' => 
            array (
              'required' => true,
            ),
          ),
        ),
      ),
    ),
     'image_dir' => NULL,
     'image_format' => 'jpg',
     'translator' => NULL,
     'def' => 
    array (
      'table' => 'cart',
      'primary' => 'id_cart',
      'fields' => 
      array (
        'id_shop_group' => 
        array (
          'type' => 1,
          'validate' => 'isUnsignedId',
        ),
        'id_shop' => 
        array (
          'type' => 1,
          'validate' => 'isUnsignedId',
        ),
        'id_address_delivery' => 
        array (
          'type' => 1,
          'validate' => 'isUnsignedId',
        ),
        'id_address_invoice' => 
        array (
          'type' => 1,
          'validate' => 'isUnsignedId',
        ),
        'id_carrier' => 
        array (
          'type' => 1,
          'validate' => 'isUnsignedId',
        ),
        'id_currency' => 
        array (
          'type' => 1,
          'validate' => 'isUnsignedId',
          'required' => true,
        ),
        'id_customer' => 
        array (
          'type' => 1,
          'validate' => 'isUnsignedId',
        ),
        'id_guest' => 
        array (
          'type' => 1,
          'validate' => 'isUnsignedId',
        ),
        'id_lang' => 
        array (
          'type' => 1,
          'validate' => 'isUnsignedId',
          'required' => true,
        ),
        'recyclable' => 
        array (
          'type' => 2,
          'validate' => 'isBool',
        ),
        'gift' => 
        array (
          'type' => 2,
          'validate' => 'isBool',
        ),
        'gift_message' => 
        array (
          'type' => 3,
          'validate' => 'isMessage',
        ),
        'mobile_theme' => 
        array (
          'type' => 2,
          'validate' => 'isBool',
        ),
        'delivery_option' => 
        array (
          'type' => 3,
        ),
        'secure_key' => 
        array (
          'type' => 3,
          'size' => 32,
        ),
        'allow_seperated_package' => 
        array (
          'type' => 2,
          'validate' => 'isBool',
        ),
        'date_add' => 
        array (
          'type' => 5,
          'validate' => 'isDate',
        ),
        'date_upd' => 
        array (
          'type' => 5,
          'validate' => 'isDate',
        ),
        'added_to_order' => 
        array (
          'type' => 3,
        ),
      ),
      'classname' => 'Cart',
    ),
     'update_fields' => NULL,
     'force_id' => false,
     'id_shop_group' => 1,
     'id_address_delivery' => 1256,
     'id_address_invoice' => 1256,
     'id_currency' => 1,
     'id_customer' => 666673,
     'id_guest' => 2952,
     'recyclable' => 0,
     'gift' => 0,
     'gift_message' => '',
     'mobile_theme' => 0,
     'date_add' => '2024-05-16 10:21:23',
     'secure_key' => 'dfa60599a75dabe329b3f5b034ec8be6',
     'id_carrier' => 7,
     'date_upd' => '2024-05-16 10:22:41',
     'checkedTos' => false,
     'pictures' => NULL,
     'textFields' => NULL,
     'delivery_option' => '{"1256":"7,"}',
     'allow_seperated_package' => 0,
     '_products' => 
    array (
      0 => 
      array (
        'id_product_attribute' => 69,
        'id_product' => 1040,
        'cart_quantity' => 2,
        'id_shop' => 1,
        'id_customization' => NULL,
        'name' => 'stalen koker 15 x 15 x 2mm',
        'is_virtual' => 0,
        'description_short' => '<p>gebeitst (lichte kleur), (hoogte x breedte x wanddikte), lengte 2 meter</p>',
        'available_now' => '',
        'available_later' => '',
        'id_category_default' => 321,
        'id_supplier' => 3,
        'id_manufacturer' => 0,
        'manufacturer_name' => NULL,
        'on_sale' => 0,
        'ecotax' => '0.000000',
        'additional_shipping_cost' => '0.000000',
        'available_for_order' => 1,
        'show_price' => 1,
        'price' => 7.4,
        'active' => 1,
        'unity' => '',
        'unit_price' => 0.0,
        'quantity_available' => 8603,
        'width' => '0.000000',
        'height' => '0.000000',
        'depth' => '0.000000',
        'out_of_stock' => 1,
        'weight' => 0.055,
        'available_date' => '0000-00-00',
        'date_add' => '2020-06-12 14:19:47',
        'date_upd' => '2023-11-01 15:36:07',
        'quantity' => 2,
        'link_rewrite' => 'stalen-koker-15-x-15-x-2mm',
        'category' => 'koker-vierkant',
        'unique_id' => '0000001040000000006912560',
        'id_address_delivery' => 1256,
        'advanced_stock_management' => 1,
        'supplier_reference' => '',
        'customization_quantity' => NULL,
        'price_attribute' => '0.000000',
        'ecotax_attr' => '0.000000',
        'reference' => 'L1',
        'weight_attribute' => 0.055,
        'ean13' => '',
        'isbn' => '',
        'upc' => '',
        'mpn' => '',
        'minimal_quantity' => 1,
        'wholesale_price' => '2.960000',
        'id_image' => '1040-2028',
        'legend' => 'stalen koker 15 x 15 x 2mm',
        'reduction_type' => 0,
        'is_gift' => false,
        'reduction' => 0.0,
        'reduction_without_tax' => 0.0,
        'price_without_reduction' => 8.954,
        'specific_prices' => false,
        'unit_price_ratio' => 0.0,
        'unit_price_tax_excluded' => 0.0,
        'unit_price_tax_included' => 0.0,
        'stock_quantity' => 8603,
        'price_without_reduction_without_tax' => 7.4,
        'price_with_reduction' => 8.954,
        'price_with_reduction_without_tax' => 7.4,
        'total' => 14.8,
        'total_wt' => 17.9,
        'price_wt' => 8.954,
        'reduction_applies' => false,
        'quantity_discount_applies' => false,
        'allow_oosp' => 1,
        'features' => 
        array (
          0 => 
          array (
            'id_feature' => 17,
            'id_product' => 1040,
            'id_feature_value' => 306,
          ),
          1 => 
          array (
            'id_feature' => 18,
            'id_product' => 1040,
            'id_feature_value' => 309,
          ),
          2 => 
          array (
            'id_feature' => 19,
            'id_product' => 1040,
            'id_feature_value' => 102,
          ),
          3 => 
          array (
            'id_feature' => 23,
            'id_product' => 1040,
            'id_feature_value' => 86,
          ),
          4 => 
          array (
            'id_feature' => 24,
            'id_product' => 1040,
            'id_feature_value' => 82,
          ),
          5 => 
          array (
            'id_feature' => 25,
            'id_product' => 1040,
            'id_feature_value' => 13194,
          ),
          6 => 
          array (
            'id_feature' => 26,
            'id_product' => 1040,
            'id_feature_value' => 87,
          ),
          7 => 
          array (
            'id_feature' => 27,
            'id_product' => 1040,
            'id_feature_value' => 80,
          ),
          8 => 
          array (
            'id_feature' => 28,
            'id_product' => 1040,
            'id_feature_value' => 13195,
          ),
          9 => 
          array (
            'id_feature' => 29,
            'id_product' => 1040,
            'id_feature_value' => 83,
          ),
          10 => 
          array (
            'id_feature' => 30,
            'id_product' => 1040,
            'id_feature_value' => 13196,
          ),
          11 => 
          array (
            'id_feature' => 32,
            'id_product' => 1040,
            'id_feature_value' => 1316,
          ),
          12 => 
          array (
            'id_feature' => 36,
            'id_product' => 1040,
            'id_feature_value' => 13197,
          ),
          13 => 
          array (
            'id_feature' => 36,
            'id_product' => 1040,
            'id_feature_value' => 13198,
          ),
          14 => 
          array (
            'id_feature' => 38,
            'id_product' => 1040,
            'id_feature_value' => 6567,
          ),
          15 => 
          array (
            'id_feature' => 39,
            'id_product' => 1040,
            'id_feature_value' => 13199,
          ),
          16 => 
          array (
            'id_feature' => 45,
            'id_product' => 1040,
            'id_feature_value' => 5851,
          ),
          17 => 
          array (
            'id_feature' => 46,
            'id_product' => 1040,
            'id_feature_value' => 13200,
          ),
          18 => 
          array (
            'id_feature' => 46,
            'id_product' => 1040,
            'id_feature_value' => 13201,
          ),
        ),
        'attributes' => 'Zagen: B',
        'attributes_small' => 'B',
        'rate' => 21.0,
        'tax_name' => 'BTW NL 21%',
      ),
      1 => 
      array (
        'id_product_attribute' => 2666,
        'id_product' => 1440,
        'cart_quantity' => 1,
        'id_shop' => 1,
        'id_customization' => NULL,
        'name' => 'stalen koker 20 x 20 x 2mm',
        'is_virtual' => 0,
        'description_short' => '<p>(hoogte x breedte x wanddikte), lengte 2 meter</p>',
        'available_now' => '',
        'available_later' => '',
        'id_category_default' => 321,
        'id_supplier' => 3,
        'id_manufacturer' => 0,
        'manufacturer_name' => NULL,
        'on_sale' => 0,
        'ecotax' => '0.000000',
        'additional_shipping_cost' => '0.000000',
        'available_for_order' => 1,
        'show_price' => 1,
        'price' => 6.9536,
        'active' => 1,
        'unity' => '',
        'unit_price' => 0.0,
        'quantity_available' => 999998967,
        'width' => '0.000000',
        'height' => '0.000000',
        'depth' => '0.000000',
        'out_of_stock' => 2,
        'weight' => 0.0,
        'available_date' => '0000-00-00',
        'date_add' => '2020-06-12 14:20:24',
        'date_upd' => '2023-09-01 10:17:41',
        'quantity' => 1,
        'link_rewrite' => 'stalen-koker-20-x-20-x-2mm',
        'category' => 'koker-vierkant',
        'unique_id' => '0000001440000000266612560',
        'id_address_delivery' => 1256,
        'advanced_stock_management' => 0,
        'supplier_reference' => '',
        'customization_quantity' => NULL,
        'price_attribute' => '0.000000',
        'ecotax_attr' => '0.000000',
        'reference' => 'A20V',
        'weight_attribute' => 0.0,
        'ean13' => '',
        'isbn' => '',
        'upc' => '',
        'mpn' => '',
        'minimal_quantity' => 1,
        'wholesale_price' => '3.885000',
        'id_image' => '1440-2029',
        'legend' => 'stalen koker 20 x 20 x 2mm',
        'reduction_type' => 0,
        'is_gift' => false,
        'reduction' => 0.0,
        'reduction_without_tax' => 0.0,
        'price_without_reduction' => 8.413856,
        'specific_prices' => false,
        'unit_price_ratio' => 0.0,
        'unit_price_tax_excluded' => 0.0,
        'unit_price_tax_included' => 0.0,
        'stock_quantity' => 999998967,
        'price_without_reduction_without_tax' => 6.9536,
        'price_with_reduction' => 8.413856,
        'price_with_reduction_without_tax' => 6.9536,
        'total' => 6.95,
        'total_wt' => 8.41,
        'price_wt' => 8.413856,
        'reduction_applies' => false,
        'quantity_discount_applies' => false,
        'allow_oosp' => 1,
        'features' => 
        array (
          0 => 
          array (
            'id_feature' => 4,
            'id_product' => 1440,
            'id_feature_value' => 13,
          ),
          1 => 
          array (
            'id_feature' => 9,
            'id_product' => 1440,
            'id_feature_value' => 127,
          ),
          2 => 
          array (
            'id_feature' => 10,
            'id_product' => 1440,
            'id_feature_value' => 33,
          ),
          3 => 
          array (
            'id_feature' => 17,
            'id_product' => 1440,
            'id_feature_value' => 306,
          ),
          4 => 
          array (
            'id_feature' => 18,
            'id_product' => 1440,
            'id_feature_value' => 350,
          ),
          5 => 
          array (
            'id_feature' => 19,
            'id_product' => 1440,
            'id_feature_value' => 91,
          ),
          6 => 
          array (
            'id_feature' => 23,
            'id_product' => 1440,
            'id_feature_value' => 86,
          ),
          7 => 
          array (
            'id_feature' => 24,
            'id_product' => 1440,
            'id_feature_value' => 82,
          ),
          8 => 
          array (
            'id_feature' => 25,
            'id_product' => 1440,
            'id_feature_value' => 13000,
          ),
          9 => 
          array (
            'id_feature' => 26,
            'id_product' => 1440,
            'id_feature_value' => 87,
          ),
          10 => 
          array (
            'id_feature' => 27,
            'id_product' => 1440,
            'id_feature_value' => 80,
          ),
          11 => 
          array (
            'id_feature' => 28,
            'id_product' => 1440,
            'id_feature_value' => 13001,
          ),
          12 => 
          array (
            'id_feature' => 29,
            'id_product' => 1440,
            'id_feature_value' => 83,
          ),
          13 => 
          array (
            'id_feature' => 30,
            'id_product' => 1440,
            'id_feature_value' => 13002,
          ),
          14 => 
          array (
            'id_feature' => 32,
            'id_product' => 1440,
            'id_feature_value' => 1316,
          ),
          15 => 
          array (
            'id_feature' => 36,
            'id_product' => 1440,
            'id_feature_value' => 12964,
          ),
          16 => 
          array (
            'id_feature' => 36,
            'id_product' => 1440,
            'id_feature_value' => 12970,
          ),
          17 => 
          array (
            'id_feature' => 38,
            'id_product' => 1440,
            'id_feature_value' => 6567,
          ),
          18 => 
          array (
            'id_feature' => 39,
            'id_product' => 1440,
            'id_feature_value' => 13003,
          ),
          19 => 
          array (
            'id_feature' => 45,
            'id_product' => 1440,
            'id_feature_value' => 5864,
          ),
          20 => 
          array (
            'id_feature' => 46,
            'id_product' => 1440,
            'id_feature_value' => 12959,
          ),
          21 => 
          array (
            'id_feature' => 46,
            'id_product' => 1440,
            'id_feature_value' => 12965,
          ),
        ),
        'attributes' => 'Zagen: A',
        'attributes_small' => 'A',
        'rate' => 21.0,
        'tax_name' => 'BTW NL 21%',
      ),
      2 => 
      array (
        'id_product_attribute' => 76,
        'id_product' => 1041,
        'cart_quantity' => 1,
        'id_shop' => 1,
        'id_customization' => NULL,
        'name' => 'stalen koker 25 x 25 x 2mm',
        'is_virtual' => 0,
        'description_short' => '<p>(hoogte x breedte x wanddikte), lengte 2 meter</p>',
        'available_now' => '',
        'available_later' => '',
        'id_category_default' => 321,
        'id_supplier' => 3,
        'id_manufacturer' => 0,
        'manufacturer_name' => NULL,
        'on_sale' => 0,
        'ecotax' => '0.000000',
        'additional_shipping_cost' => '0.000000',
        'available_for_order' => 1,
        'show_price' => 1,
        'price' => 12.49,
        'active' => 1,
        'unity' => '',
        'unit_price' => 0.0,
        'quantity_available' => 999000004,
        'width' => '0.000000',
        'height' => '0.000000',
        'depth' => '0.000000',
        'out_of_stock' => 2,
        'weight' => 0.111,
        'available_date' => '0000-00-00',
        'date_add' => '2020-06-12 14:19:47',
        'date_upd' => '2022-04-05 16:47:30',
        'quantity' => 1,
        'link_rewrite' => 'stalen-koker-25-x-25-x-2mm',
        'category' => 'koker-vierkant',
        'unique_id' => '0000001041000000007612560',
        'id_address_delivery' => 1256,
        'advanced_stock_management' => 0,
        'supplier_reference' => '',
        'customization_quantity' => NULL,
        'price_attribute' => '0.000000',
        'ecotax_attr' => '0.000000',
        'reference' => 'A20V',
        'weight_attribute' => 0.111,
        'ean13' => '',
        'isbn' => '',
        'upc' => '',
        'mpn' => '',
        'minimal_quantity' => 1,
        'wholesale_price' => '4.995000',
        'id_image' => '1041-2031',
        'legend' => 'stalen koker 25 x 25 x 2mm',
        'reduction_type' => 0,
        'is_gift' => false,
        'reduction' => 0.0,
        'reduction_without_tax' => 0.0,
        'price_without_reduction' => 15.1129,
        'specific_prices' => false,
        'unit_price_ratio' => 0.0,
        'unit_price_tax_excluded' => 0.0,
        'unit_price_tax_included' => 0.0,
        'stock_quantity' => 999000004,
        'price_without_reduction_without_tax' => 12.49,
        'price_with_reduction' => 15.1129,
        'price_with_reduction_without_tax' => 12.49,
        'total' => 12.49,
        'total_wt' => 15.11,
        'price_wt' => 15.1129,
        'reduction_applies' => false,
        'quantity_discount_applies' => false,
        'allow_oosp' => 1,
        'features' => 
        array (
          0 => 
          array (
            'id_feature' => 4,
            'id_product' => 1041,
            'id_feature_value' => 13,
          ),
          1 => 
          array (
            'id_feature' => 9,
            'id_product' => 1041,
            'id_feature_value' => 128,
          ),
          2 => 
          array (
            'id_feature' => 10,
            'id_product' => 1041,
            'id_feature_value' => 33,
          ),
          3 => 
          array (
            'id_feature' => 17,
            'id_product' => 1041,
            'id_feature_value' => 306,
          ),
          4 => 
          array (
            'id_feature' => 18,
            'id_product' => 1041,
            'id_feature_value' => 310,
          ),
          5 => 
          array (
            'id_feature' => 19,
            'id_product' => 1041,
            'id_feature_value' => 93,
          ),
          6 => 
          array (
            'id_feature' => 23,
            'id_product' => 1041,
            'id_feature_value' => 86,
          ),
          7 => 
          array (
            'id_feature' => 24,
            'id_product' => 1041,
            'id_feature_value' => 82,
          ),
          8 => 
          array (
            'id_feature' => 25,
            'id_product' => 1041,
            'id_feature_value' => 13004,
          ),
          9 => 
          array (
            'id_feature' => 26,
            'id_product' => 1041,
            'id_feature_value' => 87,
          ),
          10 => 
          array (
            'id_feature' => 27,
            'id_product' => 1041,
            'id_feature_value' => 80,
          ),
          11 => 
          array (
            'id_feature' => 28,
            'id_product' => 1041,
            'id_feature_value' => 13005,
          ),
          12 => 
          array (
            'id_feature' => 29,
            'id_product' => 1041,
            'id_feature_value' => 83,
          ),
          13 => 
          array (
            'id_feature' => 30,
            'id_product' => 1041,
            'id_feature_value' => 13006,
          ),
          14 => 
          array (
            'id_feature' => 32,
            'id_product' => 1041,
            'id_feature_value' => 1316,
          ),
          15 => 
          array (
            'id_feature' => 36,
            'id_product' => 1041,
            'id_feature_value' => 12820,
          ),
          16 => 
          array (
            'id_feature' => 36,
            'id_product' => 1041,
            'id_feature_value' => 12826,
          ),
          17 => 
          array (
            'id_feature' => 38,
            'id_product' => 1041,
            'id_feature_value' => 6567,
          ),
          18 => 
          array (
            'id_feature' => 39,
            'id_product' => 1041,
            'id_feature_value' => 13007,
          ),
          19 => 
          array (
            'id_feature' => 45,
            'id_product' => 1041,
            'id_feature_value' => 5852,
          ),
          20 => 
          array (
            'id_feature' => 46,
            'id_product' => 1041,
            'id_feature_value' => 12815,
          ),
          21 => 
          array (
            'id_feature' => 46,
            'id_product' => 1041,
            'id_feature_value' => 12821,
          ),
        ),
        'attributes' => 'Zagen: A',
        'attributes_small' => 'A',
        'rate' => 21.0,
        'tax_name' => 'BTW NL 21%',
      ),
    ),
     '_taxCalculationMethod' => 0,
     'configuration' => 
    PrestaShop\PrestaShop\Adapter\Configuration::__set_state(array(
       'parameters' => NULL,
       'shop' => NULL,
    )),
     'addressFactory' => 
    PrestaShop\PrestaShop\Adapter\AddressFactory::__set_state(array(
    )),
     'shouldSplitGiftProductsQuantity' => false,
     'shouldExcludeGiftsDiscount' => false,
     'added_to_order' => '',
  )),
  'altern' => 1,
)array (
  'object' => 
  CustomerThread::__set_state(array(
     'id' => '53',
     'id_lang' => 1,
     'lang_associated' => NULL,
     'id_shop' => 1,
     'id_shop_list' => 
    array (
    ),
     'get_shop_from_context' => true,
     'table' => 'customer_thread',
     'identifier' => 'id_customer_thread',
     'fieldsRequired' => 
    array (
      0 => 'id_lang',
      1 => 'id_contact',
      2 => 'token',
    ),
     'fieldsSize' => 
    array (
      'email' => 255,
    ),
     'fieldsValidate' => 
    array (
      'id_lang' => 'isUnsignedId',
      'id_contact' => 'isUnsignedId',
      'id_shop' => 'isUnsignedId',
      'id_customer' => 'isUnsignedId',
      'id_order' => 'isUnsignedId',
      'id_product' => 'isUnsignedId',
      'email' => 'isEmail',
      'token' => 'isGenericName',
      'date_add' => 'isDate',
      'date_upd' => 'isDate',
    ),
     'fieldsRequiredLang' => 
    array (
    ),
     'fieldsSizeLang' => 
    array (
    ),
     'fieldsValidateLang' => 
    array (
    ),
     'tables' => 
    array (
    ),
     'webserviceParameters' => 
    array (
      'fields' => 
      array (
        'id_lang' => 
        array (
          'xlink_resource' => 'languages',
        ),
        'id_shop' => 
        array (
          'xlink_resource' => 'shops',
        ),
        'id_customer' => 
        array (
          'xlink_resource' => 'customers',
        ),
        'id_order' => 
        array (
          'xlink_resource' => 'orders',
        ),
        'id_product' => 
        array (
          'xlink_resource' => 'products',
        ),
      ),
      'associations' => 
      array (
        'customer_messages' => 
        array (
          'resource' => 'customer_message',
          'id' => 
          array (
            'required' => true,
          ),
        ),
      ),
    ),
     'image_dir' => NULL,
     'image_format' => 'jpg',
     'translator' => NULL,
     'def' => 
    array (
      'table' => 'customer_thread',
      'primary' => 'id_customer_thread',
      'fields' => 
      array (
        'id_lang' => 
        array (
          'type' => 1,
          'validate' => 'isUnsignedId',
          'required' => true,
        ),
        'id_contact' => 
        array (
          'type' => 1,
          'validate' => 'isUnsignedId',
          'required' => true,
        ),
        'id_shop' => 
        array (
          'type' => 1,
          'validate' => 'isUnsignedId',
        ),
        'id_customer' => 
        array (
          'type' => 1,
          'validate' => 'isUnsignedId',
        ),
        'id_order' => 
        array (
          'type' => 1,
          'validate' => 'isUnsignedId',
        ),
        'id_product' => 
        array (
          'type' => 1,
          'validate' => 'isUnsignedId',
        ),
        'email' => 
        array (
          'type' => 3,
          'validate' => 'isEmail',
          'size' => 255,
        ),
        'token' => 
        array (
          'type' => 3,
          'validate' => 'isGenericName',
          'required' => true,
        ),
        'status' => 
        array (
          'type' => 3,
        ),
        'date_add' => 
        array (
          'type' => 5,
          'validate' => 'isDate',
        ),
        'date_upd' => 
        array (
          'type' => 5,
          'validate' => 'isDate',
        ),
      ),
      'classname' => 'CustomerThread',
    ),
     'update_fields' => NULL,
     'force_id' => false,
     'id_contact' => 0,
     'id_customer' => 666673,
     'id_order' => 724,
     'id_product' => NULL,
     'status' => 'open',
     'email' => 'pppppp@ppp.pp',
     'token' => 'BFuLsiMHmSTM',
     'date_add' => '2024-05-16 11:00:56',
     'date_upd' => '2024-05-16 11:00:56',
  )),
  'cookie' => 
  Cookie::__set_state(array(
     '_content' => 
    array (
      'date_add' => '2024-05-16 10:59:29',
      'id_lang' => '1',
      'price_vat_settings_incl' => 'true',
      'id_currency' => 1,
      'wk_webp_safari' => 0,
      'id_cart' => '15842',
      'id_customer' => '4',
      'customer_lastname' => 'Stoker',
      'customer_firstname' => 'jelmer',
      'passwd' => '$2y$10$27puIXuzbzn4xyX4RRAtV../pIpEdUUpbgOrpPNaVvzIwqrq5ArZi',
      'logged' => '1',
      'email' => 'jelmer@ijzershop.nl',
      'is_guest' => '',
      'id_guest' => '2952',
      'session_id' => '312',
      'session_token' => 'b827da109dbf4facee3e01a4fe94fef77dfab528',
      'checksum' => 'c5e0bf8139746e4a2d12f52ec498638a94647ba53a8132ac45511c3fc5a693e3',
      'selected_customer_secure_key' => 'd7f044ef1143c6e871384ddd60a34fad',
      'selected_customer_customer_firstname' => 'pppppp',
      'selected_customer_customer_lastname' => 'ppppp',
      'selected_customer_id_customer' => 666673,
      'selected_customer_email' => 'pppppp@ppp.pp',
      'on_credit_reference' => 'effe testen met referentietietietietietatatatatata',
      'on_credit_buyer' => 'Piet Snot',
    ),
     '_name' => 'PrestaShop-7a6284c5161ca69f9f431d50b1a8802b',
     '_expire' => 1717578055,
     '_domain' => 'ijzershop8.local',
     '_sameSite' => 'Lax',
     '_path' => '/',
     'cipherTool' => 
    PhpEncryption::__set_state(array(
    )),
     '_modified' => true,
     '_allow_writing' => true,
     '_salt' => 'RYitkuu1',
     '_standalone' => false,
     '_secure' => true,
     'session' => 
    CustomerSession::__set_state(array(
       'id' => 312,
       'id_lang' => NULL,
       'lang_associated' => NULL,
       'id_shop' => NULL,
       'id_shop_list' => 
      array (
      ),
       'get_shop_from_context' => true,
       'table' => 'customer_session',
       'identifier' => 'id_customer_session',
       'fieldsRequired' => 
      array (
        0 => 'id_customer',
      ),
       'fieldsSize' => 
      array (
        'token' => 40,
      ),
       'fieldsValidate' => 
      array (
        'id_customer' => 'isUnsignedId',
        'token' => 'isSha1',
        'date_upd' => 'isDate',
        'date_add' => 'isDate',
      ),
       'fieldsRequiredLang' => 
      array (
      ),
       'fieldsSizeLang' => 
      array (
      ),
       'fieldsValidateLang' => 
      array (
      ),
       'tables' => 
      array (
      ),
       'webserviceParameters' => 
      array (
      ),
       'image_dir' => NULL,
       'image_format' => 'jpg',
       'translator' => NULL,
       'def' => 
      array (
        'table' => 'customer_session',
        'primary' => 'id_customer_session',
        'fields' => 
        array (
          'id_customer' => 
          array (
            'type' => 1,
            'validate' => 'isUnsignedId',
            'required' => true,
          ),
          'token' => 
          array (
            'type' => 3,
            'validate' => 'isSha1',
            'size' => 40,
            'copy_post' => false,
          ),
          'date_upd' => 
          array (
            'type' => 5,
            'validate' => 'isDate',
            'copy_post' => false,
          ),
          'date_add' => 
          array (
            'type' => 5,
            'validate' => 'isDate',
            'copy_post' => false,
          ),
        ),
        'classname' => 'CustomerSession',
      ),
       'update_fields' => NULL,
       'force_id' => false,
       'id_customer' => 4,
       'token' => 'b827da109dbf4facee3e01a4fe94fef77dfab528',
       'date_upd' => '2024-05-16 11:00:55',
       'date_add' => '2024-05-16 11:00:02',
    )),
  )),
  'cart' => 
  Cart::__set_state(array(
     'id' => 15842,
     'id_lang' => 1,
     'lang_associated' => 
    Language::__set_state(array(
       'id' => 1,
       'id_lang' => NULL,
       'lang_associated' => NULL,
       'id_shop' => 1,
       'id_shop_list' => 
      array (
      ),
       'get_shop_from_context' => true,
       'table' => 'lang',
       'identifier' => 'id_lang',
       'fieldsRequired' => 
      array (
        0 => 'name',
        1 => 'iso_code',
        2 => 'date_format_lite',
        3 => 'date_format_full',
      ),
       'fieldsSize' => 
      array (
        'name' => 32,
        'iso_code' => 2,
        'locale' => 5,
        'language_code' => 5,
        'date_format_lite' => 32,
        'date_format_full' => 32,
      ),
       'fieldsValidate' => 
      array (
        'name' => 'isGenericName',
        'iso_code' => 'isLanguageIsoCode',
        'locale' => 'isLocale',
        'language_code' => 'isLanguageCode',
        'active' => 'isBool',
        'is_rtl' => 'isBool',
        'date_format_lite' => 'isPhpDateFormat',
        'date_format_full' => 'isPhpDateFormat',
      ),
       'fieldsRequiredLang' => 
      array (
      ),
       'fieldsSizeLang' => 
      array (
      ),
       'fieldsValidateLang' => 
      array (
      ),
       'tables' => 
      array (
      ),
       'webserviceParameters' => 
      array (
        'objectNodeName' => 'language',
        'objectsNodeName' => 'languages',
      ),
       'image_dir' => NULL,
       'image_format' => 'jpg',
       'translator' => NULL,
       'def' => 
      array (
        'table' => 'lang',
        'primary' => 'id_lang',
        'fields' => 
        array (
          'name' => 
          array (
            'type' => 3,
            'validate' => 'isGenericName',
            'required' => true,
            'size' => 32,
          ),
          'iso_code' => 
          array (
            'type' => 3,
            'validate' => 'isLanguageIsoCode',
            'required' => true,
            'size' => 2,
          ),
          'locale' => 
          array (
            'type' => 3,
            'validate' => 'isLocale',
            'size' => 5,
          ),
          'language_code' => 
          array (
            'type' => 3,
            'validate' => 'isLanguageCode',
            'size' => 5,
          ),
          'active' => 
          array (
            'type' => 2,
            'validate' => 'isBool',
          ),
          'is_rtl' => 
          array (
            'type' => 2,
            'validate' => 'isBool',
          ),
          'date_format_lite' => 
          array (
            'type' => 3,
            'validate' => 'isPhpDateFormat',
            'required' => true,
            'size' => 32,
          ),
          'date_format_full' => 
          array (
            'type' => 3,
            'validate' => 'isPhpDateFormat',
            'required' => true,
            'size' => 32,
          ),
        ),
        'classname' => 'Language',
      ),
       'update_fields' => NULL,
       'force_id' => false,
       'name' => 'Nederlands (Dutch)',
       'iso_code' => 'nl',
       'locale' => 'nl-NL',
       'language_code' => 'nl-nl',
       'date_format_lite' => 'd-m-Y',
       'date_format_full' => 'd-m-Y H:i:s',
       'is_rtl' => 0,
       'active' => 1,
       'translationsFilesAndVars' => 
      array (
        'fields' => '_FIELDS',
        'errors' => '_ERRORS',
        'admin' => '_LANGADM',
        'pdf' => '_LANGPDF',
        'tabs' => 'tabs',
      ),
    )),
     'id_shop' => 1,
     'id_shop_list' => 
    array (
    ),
     'get_shop_from_context' => true,
     'table' => 'cart',
     'identifier' => 'id_cart',
     'fieldsRequired' => 
    array (
      0 => 'id_currency',
      1 => 'id_lang',
    ),
     'fieldsSize' => 
    array (
      'secure_key' => 32,
    ),
     'fieldsValidate' => 
    array (
      'id_shop_group' => 'isUnsignedId',
      'id_shop' => 'isUnsignedId',
      'id_address_delivery' => 'isUnsignedId',
      'id_address_invoice' => 'isUnsignedId',
      'id_carrier' => 'isUnsignedId',
      'id_currency' => 'isUnsignedId',
      'id_customer' => 'isUnsignedId',
      'id_guest' => 'isUnsignedId',
      'id_lang' => 'isUnsignedId',
      'recyclable' => 'isBool',
      'gift' => 'isBool',
      'gift_message' => 'isMessage',
      'mobile_theme' => 'isBool',
      'allow_seperated_package' => 'isBool',
      'date_add' => 'isDate',
      'date_upd' => 'isDate',
    ),
     'fieldsRequiredLang' => 
    array (
    ),
     'fieldsSizeLang' => 
    array (
    ),
     'fieldsValidateLang' => 
    array (
    ),
     'tables' => 
    array (
    ),
     'webserviceParameters' => 
    array (
      'fields' => 
      array (
        'id_address_delivery' => 
        array (
          'xlink_resource' => 'addresses',
        ),
        'id_address_invoice' => 
        array (
          'xlink_resource' => 'addresses',
        ),
        'id_currency' => 
        array (
          'xlink_resource' => 'currencies',
        ),
        'id_customer' => 
        array (
          'xlink_resource' => 'customers',
        ),
        'id_guest' => 
        array (
          'xlink_resource' => 'guests',
        ),
        'id_lang' => 
        array (
          'xlink_resource' => 'languages',
        ),
      ),
      'associations' => 
      array (
        'cart_rows' => 
        array (
          'resource' => 'cart_row',
          'virtual_entity' => true,
          'fields' => 
          array (
            'id_product' => 
            array (
              'required' => true,
              'xlink_resource' => 'products',
            ),
            'id_product_attribute' => 
            array (
              'required' => true,
              'xlink_resource' => 'combinations',
            ),
            'id_address_delivery' => 
            array (
              'required' => true,
              'xlink_resource' => 'addresses',
            ),
            'id_customization' => 
            array (
              'required' => false,
              'xlink_resource' => 'customizations',
            ),
            'quantity' => 
            array (
              'required' => true,
            ),
          ),
        ),
      ),
    ),
     'image_dir' => NULL,
     'image_format' => 'jpg',
     'translator' => NULL,
     'def' => 
    array (
      'table' => 'cart',
      'primary' => 'id_cart',
      'fields' => 
      array (
        'id_shop_group' => 
        array (
          'type' => 1,
          'validate' => 'isUnsignedId',
        ),
        'id_shop' => 
        array (
          'type' => 1,
          'validate' => 'isUnsignedId',
        ),
        'id_address_delivery' => 
        array (
          'type' => 1,
          'validate' => 'isUnsignedId',
        ),
        'id_address_invoice' => 
        array (
          'type' => 1,
          'validate' => 'isUnsignedId',
        ),
        'id_carrier' => 
        array (
          'type' => 1,
          'validate' => 'isUnsignedId',
        ),
        'id_currency' => 
        array (
          'type' => 1,
          'validate' => 'isUnsignedId',
          'required' => true,
        ),
        'id_customer' => 
        array (
          'type' => 1,
          'validate' => 'isUnsignedId',
        ),
        'id_guest' => 
        array (
          'type' => 1,
          'validate' => 'isUnsignedId',
        ),
        'id_lang' => 
        array (
          'type' => 1,
          'validate' => 'isUnsignedId',
          'required' => true,
        ),
        'recyclable' => 
        array (
          'type' => 2,
          'validate' => 'isBool',
        ),
        'gift' => 
        array (
          'type' => 2,
          'validate' => 'isBool',
        ),
        'gift_message' => 
        array (
          'type' => 3,
          'validate' => 'isMessage',
        ),
        'mobile_theme' => 
        array (
          'type' => 2,
          'validate' => 'isBool',
        ),
        'delivery_option' => 
        array (
          'type' => 3,
        ),
        'secure_key' => 
        array (
          'type' => 3,
          'size' => 32,
        ),
        'allow_seperated_package' => 
        array (
          'type' => 2,
          'validate' => 'isBool',
        ),
        'date_add' => 
        array (
          'type' => 5,
          'validate' => 'isDate',
        ),
        'date_upd' => 
        array (
          'type' => 5,
          'validate' => 'isDate',
        ),
        'added_to_order' => 
        array (
          'type' => 3,
        ),
      ),
      'classname' => 'Cart',
    ),
     'update_fields' => NULL,
     'force_id' => false,
     'id_shop_group' => 1,
     'id_address_delivery' => 1052,
     'id_address_invoice' => 1052,
     'id_currency' => 1,
     'id_customer' => 666673,
     'id_guest' => 2952,
     'recyclable' => 0,
     'gift' => 0,
     'gift_message' => '',
     'mobile_theme' => 0,
     'date_add' => '2024-05-16 10:59:42',
     'secure_key' => 'dfa60599a75dabe329b3f5b034ec8be6',
     'id_carrier' => 7,
     'date_upd' => '2024-05-16 11:00:40',
     'checkedTos' => false,
     'pictures' => NULL,
     'textFields' => NULL,
     'delivery_option' => '{"1052":"7,"}',
     'allow_seperated_package' => 0,
     '_products' => 
    array (
      0 => 
      array (
        'id_product_attribute' => 69,
        'id_product' => 1040,
        'cart_quantity' => 1,
        'id_shop' => 1,
        'id_customization' => NULL,
        'name' => 'stalen koker 15 x 15 x 2mm',
        'is_virtual' => 0,
        'description_short' => '<p>gebeitst (lichte kleur), (hoogte x breedte x wanddikte), lengte 2 meter</p>',
        'available_now' => '',
        'available_later' => '',
        'id_category_default' => 321,
        'id_supplier' => 3,
        'id_manufacturer' => 0,
        'manufacturer_name' => NULL,
        'on_sale' => 0,
        'ecotax' => '0.000000',
        'additional_shipping_cost' => '0.000000',
        'available_for_order' => 1,
        'show_price' => 1,
        'price' => 7.4,
        'active' => 1,
        'unity' => '',
        'unit_price' => 0.0,
        'quantity_available' => 8601,
        'width' => '0.000000',
        'height' => '0.000000',
        'depth' => '0.000000',
        'out_of_stock' => 1,
        'weight' => 0.055,
        'available_date' => '0000-00-00',
        'date_add' => '2020-06-12 14:19:47',
        'date_upd' => '2023-11-01 15:36:07',
        'quantity' => 1,
        'link_rewrite' => 'stalen-koker-15-x-15-x-2mm',
        'category' => 'koker-vierkant',
        'unique_id' => '0000001040000000006910520',
        'id_address_delivery' => 1052,
        'advanced_stock_management' => 1,
        'supplier_reference' => '',
        'customization_quantity' => NULL,
        'price_attribute' => '0.000000',
        'ecotax_attr' => '0.000000',
        'reference' => 'L1',
        'weight_attribute' => 0.055,
        'ean13' => '',
        'isbn' => '',
        'upc' => '',
        'mpn' => '',
        'minimal_quantity' => 1,
        'wholesale_price' => '2.960000',
        'id_image' => '1040-2028',
        'legend' => 'stalen koker 15 x 15 x 2mm',
        'reduction_type' => 0,
        'is_gift' => false,
        'reduction' => 0.0,
        'reduction_without_tax' => 0.0,
        'price_without_reduction' => 8.954,
        'specific_prices' => false,
        'unit_price_ratio' => 0.0,
        'unit_price_tax_excluded' => 0.0,
        'unit_price_tax_included' => 0.0,
        'stock_quantity' => 8601,
        'price_without_reduction_without_tax' => 7.4,
        'price_with_reduction' => 8.954,
        'price_with_reduction_without_tax' => 7.4,
        'total' => 7.4,
        'total_wt' => 8.95,
        'price_wt' => 8.954,
        'reduction_applies' => false,
        'quantity_discount_applies' => false,
        'allow_oosp' => 1,
        'features' => 
        array (
          0 => 
          array (
            'id_feature' => 17,
            'id_product' => 1040,
            'id_feature_value' => 306,
          ),
          1 => 
          array (
            'id_feature' => 18,
            'id_product' => 1040,
            'id_feature_value' => 309,
          ),
          2 => 
          array (
            'id_feature' => 19,
            'id_product' => 1040,
            'id_feature_value' => 102,
          ),
          3 => 
          array (
            'id_feature' => 23,
            'id_product' => 1040,
            'id_feature_value' => 86,
          ),
          4 => 
          array (
            'id_feature' => 24,
            'id_product' => 1040,
            'id_feature_value' => 82,
          ),
          5 => 
          array (
            'id_feature' => 25,
            'id_product' => 1040,
            'id_feature_value' => 13194,
          ),
          6 => 
          array (
            'id_feature' => 26,
            'id_product' => 1040,
            'id_feature_value' => 87,
          ),
          7 => 
          array (
            'id_feature' => 27,
            'id_product' => 1040,
            'id_feature_value' => 80,
          ),
          8 => 
          array (
            'id_feature' => 28,
            'id_product' => 1040,
            'id_feature_value' => 13195,
          ),
          9 => 
          array (
            'id_feature' => 29,
            'id_product' => 1040,
            'id_feature_value' => 83,
          ),
          10 => 
          array (
            'id_feature' => 30,
            'id_product' => 1040,
            'id_feature_value' => 13196,
          ),
          11 => 
          array (
            'id_feature' => 32,
            'id_product' => 1040,
            'id_feature_value' => 1316,
          ),
          12 => 
          array (
            'id_feature' => 36,
            'id_product' => 1040,
            'id_feature_value' => 13197,
          ),
          13 => 
          array (
            'id_feature' => 36,
            'id_product' => 1040,
            'id_feature_value' => 13198,
          ),
          14 => 
          array (
            'id_feature' => 38,
            'id_product' => 1040,
            'id_feature_value' => 6567,
          ),
          15 => 
          array (
            'id_feature' => 39,
            'id_product' => 1040,
            'id_feature_value' => 13199,
          ),
          16 => 
          array (
            'id_feature' => 45,
            'id_product' => 1040,
            'id_feature_value' => 5851,
          ),
          17 => 
          array (
            'id_feature' => 46,
            'id_product' => 1040,
            'id_feature_value' => 13200,
          ),
          18 => 
          array (
            'id_feature' => 46,
            'id_product' => 1040,
            'id_feature_value' => 13201,
          ),
        ),
        'attributes' => 'Zagen: B',
        'attributes_small' => 'B',
        'rate' => 21.0,
        'tax_name' => 'BTW NL 21%',
      ),
      1 => 
      array (
        'id_product_attribute' => 2666,
        'id_product' => 1440,
        'cart_quantity' => 1,
        'id_shop' => 1,
        'id_customization' => NULL,
        'name' => 'stalen koker 20 x 20 x 2mm',
        'is_virtual' => 0,
        'description_short' => '<p>(hoogte x breedte x wanddikte), lengte 2 meter</p>',
        'available_now' => '',
        'available_later' => '',
        'id_category_default' => 321,
        'id_supplier' => 3,
        'id_manufacturer' => 0,
        'manufacturer_name' => NULL,
        'on_sale' => 0,
        'ecotax' => '0.000000',
        'additional_shipping_cost' => '0.000000',
        'available_for_order' => 1,
        'show_price' => 1,
        'price' => 6.9536,
        'active' => 1,
        'unity' => '',
        'unit_price' => 0.0,
        'quantity_available' => 999998966,
        'width' => '0.000000',
        'height' => '0.000000',
        'depth' => '0.000000',
        'out_of_stock' => 2,
        'weight' => 0.0,
        'available_date' => '0000-00-00',
        'date_add' => '2020-06-12 14:20:24',
        'date_upd' => '2023-09-01 10:17:41',
        'quantity' => 1,
        'link_rewrite' => 'stalen-koker-20-x-20-x-2mm',
        'category' => 'koker-vierkant',
        'unique_id' => '0000001440000000266610520',
        'id_address_delivery' => 1052,
        'advanced_stock_management' => 0,
        'supplier_reference' => '',
        'customization_quantity' => NULL,
        'price_attribute' => '0.000000',
        'ecotax_attr' => '0.000000',
        'reference' => 'A20V',
        'weight_attribute' => 0.0,
        'ean13' => '',
        'isbn' => '',
        'upc' => '',
        'mpn' => '',
        'minimal_quantity' => 1,
        'wholesale_price' => '3.885000',
        'id_image' => '1440-2029',
        'legend' => 'stalen koker 20 x 20 x 2mm',
        'reduction_type' => 0,
        'is_gift' => false,
        'reduction' => 0.0,
        'reduction_without_tax' => 0.0,
        'price_without_reduction' => 8.413856,
        'specific_prices' => false,
        'unit_price_ratio' => 0.0,
        'unit_price_tax_excluded' => 0.0,
        'unit_price_tax_included' => 0.0,
        'stock_quantity' => 999998966,
        'price_without_reduction_without_tax' => 6.9536,
        'price_with_reduction' => 8.413856,
        'price_with_reduction_without_tax' => 6.9536,
        'total' => 6.95,
        'total_wt' => 8.41,
        'price_wt' => 8.413856,
        'reduction_applies' => false,
        'quantity_discount_applies' => false,
        'allow_oosp' => 1,
        'features' => 
        array (
          0 => 
          array (
            'id_feature' => 4,
            'id_product' => 1440,
            'id_feature_value' => 13,
          ),
          1 => 
          array (
            'id_feature' => 9,
            'id_product' => 1440,
            'id_feature_value' => 127,
          ),
          2 => 
          array (
            'id_feature' => 10,
            'id_product' => 1440,
            'id_feature_value' => 33,
          ),
          3 => 
          array (
            'id_feature' => 17,
            'id_product' => 1440,
            'id_feature_value' => 306,
          ),
          4 => 
          array (
            'id_feature' => 18,
            'id_product' => 1440,
            'id_feature_value' => 350,
          ),
          5 => 
          array (
            'id_feature' => 19,
            'id_product' => 1440,
            'id_feature_value' => 91,
          ),
          6 => 
          array (
            'id_feature' => 23,
            'id_product' => 1440,
            'id_feature_value' => 86,
          ),
          7 => 
          array (
            'id_feature' => 24,
            'id_product' => 1440,
            'id_feature_value' => 82,
          ),
          8 => 
          array (
            'id_feature' => 25,
            'id_product' => 1440,
            'id_feature_value' => 13000,
          ),
          9 => 
          array (
            'id_feature' => 26,
            'id_product' => 1440,
            'id_feature_value' => 87,
          ),
          10 => 
          array (
            'id_feature' => 27,
            'id_product' => 1440,
            'id_feature_value' => 80,
          ),
          11 => 
          array (
            'id_feature' => 28,
            'id_product' => 1440,
            'id_feature_value' => 13001,
          ),
          12 => 
          array (
            'id_feature' => 29,
            'id_product' => 1440,
            'id_feature_value' => 83,
          ),
          13 => 
          array (
            'id_feature' => 30,
            'id_product' => 1440,
            'id_feature_value' => 13002,
          ),
          14 => 
          array (
            'id_feature' => 32,
            'id_product' => 1440,
            'id_feature_value' => 1316,
          ),
          15 => 
          array (
            'id_feature' => 36,
            'id_product' => 1440,
            'id_feature_value' => 12964,
          ),
          16 => 
          array (
            'id_feature' => 36,
            'id_product' => 1440,
            'id_feature_value' => 12970,
          ),
          17 => 
          array (
            'id_feature' => 38,
            'id_product' => 1440,
            'id_feature_value' => 6567,
          ),
          18 => 
          array (
            'id_feature' => 39,
            'id_product' => 1440,
            'id_feature_value' => 13003,
          ),
          19 => 
          array (
            'id_feature' => 45,
            'id_product' => 1440,
            'id_feature_value' => 5864,
          ),
          20 => 
          array (
            'id_feature' => 46,
            'id_product' => 1440,
            'id_feature_value' => 12959,
          ),
          21 => 
          array (
            'id_feature' => 46,
            'id_product' => 1440,
            'id_feature_value' => 12965,
          ),
        ),
        'attributes' => 'Zagen: A',
        'attributes_small' => 'A',
        'rate' => 21.0,
        'tax_name' => 'BTW NL 21%',
      ),
    ),
     '_taxCalculationMethod' => 0,
     'configuration' => 
    PrestaShop\PrestaShop\Adapter\Configuration::__set_state(array(
       'parameters' => NULL,
       'shop' => NULL,
    )),
     'addressFactory' => 
    PrestaShop\PrestaShop\Adapter\AddressFactory::__set_state(array(
    )),
     'shouldSplitGiftProductsQuantity' => false,
     'shouldExcludeGiftsDiscount' => false,
     'added_to_order' => '',
  )),
  'altern' => 1,
)array (
  'object' => 
  CustomerThread::__set_state(array(
     'id' => '54',
     'id_lang' => 1,
     'lang_associated' => NULL,
     'id_shop' => 1,
     'id_shop_list' => 
    array (
    ),
     'get_shop_from_context' => true,
     'table' => 'customer_thread',
     'identifier' => 'id_customer_thread',
     'fieldsRequired' => 
    array (
      0 => 'id_lang',
      1 => 'id_contact',
      2 => 'token',
    ),
     'fieldsSize' => 
    array (
      'email' => 255,
    ),
     'fieldsValidate' => 
    array (
      'id_lang' => 'isUnsignedId',
      'id_contact' => 'isUnsignedId',
      'id_shop' => 'isUnsignedId',
      'id_customer' => 'isUnsignedId',
      'id_order' => 'isUnsignedId',
      'id_product' => 'isUnsignedId',
      'email' => 'isEmail',
      'token' => 'isGenericName',
      'date_add' => 'isDate',
      'date_upd' => 'isDate',
    ),
     'fieldsRequiredLang' => 
    array (
    ),
     'fieldsSizeLang' => 
    array (
    ),
     'fieldsValidateLang' => 
    array (
    ),
     'tables' => 
    array (
    ),
     'webserviceParameters' => 
    array (
      'fields' => 
      array (
        'id_lang' => 
        array (
          'xlink_resource' => 'languages',
        ),
        'id_shop' => 
        array (
          'xlink_resource' => 'shops',
        ),
        'id_customer' => 
        array (
          'xlink_resource' => 'customers',
        ),
        'id_order' => 
        array (
          'xlink_resource' => 'orders',
        ),
        'id_product' => 
        array (
          'xlink_resource' => 'products',
        ),
      ),
      'associations' => 
      array (
        'customer_messages' => 
        array (
          'resource' => 'customer_message',
          'id' => 
          array (
            'required' => true,
          ),
        ),
      ),
    ),
     'image_dir' => NULL,
     'image_format' => 'jpg',
     'translator' => NULL,
     'def' => 
    array (
      'table' => 'customer_thread',
      'primary' => 'id_customer_thread',
      'fields' => 
      array (
        'id_lang' => 
        array (
          'type' => 1,
          'validate' => 'isUnsignedId',
          'required' => true,
        ),
        'id_contact' => 
        array (
          'type' => 1,
          'validate' => 'isUnsignedId',
          'required' => true,
        ),
        'id_shop' => 
        array (
          'type' => 1,
          'validate' => 'isUnsignedId',
        ),
        'id_customer' => 
        array (
          'type' => 1,
          'validate' => 'isUnsignedId',
        ),
        'id_order' => 
        array (
          'type' => 1,
          'validate' => 'isUnsignedId',
        ),
        'id_product' => 
        array (
          'type' => 1,
          'validate' => 'isUnsignedId',
        ),
        'email' => 
        array (
          'type' => 3,
          'validate' => 'isEmail',
          'size' => 255,
        ),
        'token' => 
        array (
          'type' => 3,
          'validate' => 'isGenericName',
          'required' => true,
        ),
        'status' => 
        array (
          'type' => 3,
        ),
        'date_add' => 
        array (
          'type' => 5,
          'validate' => 'isDate',
        ),
        'date_upd' => 
        array (
          'type' => 5,
          'validate' => 'isDate',
        ),
      ),
      'classname' => 'CustomerThread',
    ),
     'update_fields' => NULL,
     'force_id' => false,
     'id_contact' => 0,
     'id_customer' => 666673,
     'id_order' => 725,
     'id_product' => NULL,
     'status' => 'open',
     'email' => 'pppppp@ppp.pp',
     'token' => 'xntGMHX693MQ',
     'date_add' => '2024-05-16 11:05:12',
     'date_upd' => '2024-05-16 11:05:12',
  )),
  'cookie' => 
  Cookie::__set_state(array(
     '_content' => 
    array (
      'date_add' => '2024-05-16 10:59:29',
      'id_lang' => '1',
      'price_vat_settings_incl' => 'true',
      'id_currency' => 1,
      'wk_webp_safari' => 0,
      'id_customer' => '4',
      'customer_lastname' => 'Stoker',
      'customer_firstname' => 'jelmer',
      'passwd' => '$2y$10$27puIXuzbzn4xyX4RRAtV../pIpEdUUpbgOrpPNaVvzIwqrq5ArZi',
      'logged' => '1',
      'email' => 'jelmer@ijzershop.nl',
      'is_guest' => '0',
      'id_guest' => '2952',
      'session_id' => '312',
      'session_token' => 'b827da109dbf4facee3e01a4fe94fef77dfab528',
      'selected_customer_secure_key' => 'd7f044ef1143c6e871384ddd60a34fad',
      'selected_customer_customer_firstname' => 'pppppp',
      'selected_customer_customer_lastname' => 'ppppp',
      'selected_customer_id_customer' => 666673,
      'selected_customer_email' => 'pppppp@ppp.pp',
      'on_credit_reference' => 'Markiezen in de zon',
      'on_credit_buyer' => 'Zara Zomer',
      'check_cgv' => '',
      'last_visited_category' => '291',
      'id_cart' => '15843',
      'checksum' => 'beeace1bcc93a4867abdeb49bc92ab576d096d8b12c8b358723a029411282e89',
    ),
     '_name' => 'PrestaShop-7a6284c5161ca69f9f431d50b1a8802b',
     '_expire' => 1717578312,
     '_domain' => 'ijzershop8.local',
     '_sameSite' => 'Lax',
     '_path' => '/',
     'cipherTool' => 
    PhpEncryption::__set_state(array(
    )),
     '_modified' => true,
     '_allow_writing' => true,
     '_salt' => 'RYitkuu1',
     '_standalone' => false,
     '_secure' => true,
     'session' => 
    CustomerSession::__set_state(array(
       'id' => 312,
       'id_lang' => NULL,
       'lang_associated' => NULL,
       'id_shop' => NULL,
       'id_shop_list' => 
      array (
      ),
       'get_shop_from_context' => true,
       'table' => 'customer_session',
       'identifier' => 'id_customer_session',
       'fieldsRequired' => 
      array (
        0 => 'id_customer',
      ),
       'fieldsSize' => 
      array (
        'token' => 40,
      ),
       'fieldsValidate' => 
      array (
        'id_customer' => 'isUnsignedId',
        'token' => 'isSha1',
        'date_upd' => 'isDate',
        'date_add' => 'isDate',
      ),
       'fieldsRequiredLang' => 
      array (
      ),
       'fieldsSizeLang' => 
      array (
      ),
       'fieldsValidateLang' => 
      array (
      ),
       'tables' => 
      array (
      ),
       'webserviceParameters' => 
      array (
      ),
       'image_dir' => NULL,
       'image_format' => 'jpg',
       'translator' => NULL,
       'def' => 
      array (
        'table' => 'customer_session',
        'primary' => 'id_customer_session',
        'fields' => 
        array (
          'id_customer' => 
          array (
            'type' => 1,
            'validate' => 'isUnsignedId',
            'required' => true,
          ),
          'token' => 
          array (
            'type' => 3,
            'validate' => 'isSha1',
            'size' => 40,
            'copy_post' => false,
          ),
          'date_upd' => 
          array (
            'type' => 5,
            'validate' => 'isDate',
            'copy_post' => false,
          ),
          'date_add' => 
          array (
            'type' => 5,
            'validate' => 'isDate',
            'copy_post' => false,
          ),
        ),
        'classname' => 'CustomerSession',
      ),
       'update_fields' => NULL,
       'force_id' => false,
       'id_customer' => 4,
       'token' => 'b827da109dbf4facee3e01a4fe94fef77dfab528',
       'date_upd' => '2024-05-16 11:05:12',
       'date_add' => '2024-05-16 11:00:02',
    )),
  )),
  'cart' => 
  Cart::__set_state(array(
     'id' => 15843,
     'id_lang' => 1,
     'lang_associated' => 
    Language::__set_state(array(
       'id' => 1,
       'id_lang' => NULL,
       'lang_associated' => NULL,
       'id_shop' => 1,
       'id_shop_list' => 
      array (
      ),
       'get_shop_from_context' => true,
       'table' => 'lang',
       'identifier' => 'id_lang',
       'fieldsRequired' => 
      array (
        0 => 'name',
        1 => 'iso_code',
        2 => 'date_format_lite',
        3 => 'date_format_full',
      ),
       'fieldsSize' => 
      array (
        'name' => 32,
        'iso_code' => 2,
        'locale' => 5,
        'language_code' => 5,
        'date_format_lite' => 32,
        'date_format_full' => 32,
      ),
       'fieldsValidate' => 
      array (
        'name' => 'isGenericName',
        'iso_code' => 'isLanguageIsoCode',
        'locale' => 'isLocale',
        'language_code' => 'isLanguageCode',
        'active' => 'isBool',
        'is_rtl' => 'isBool',
        'date_format_lite' => 'isPhpDateFormat',
        'date_format_full' => 'isPhpDateFormat',
      ),
       'fieldsRequiredLang' => 
      array (
      ),
       'fieldsSizeLang' => 
      array (
      ),
       'fieldsValidateLang' => 
      array (
      ),
       'tables' => 
      array (
      ),
       'webserviceParameters' => 
      array (
        'objectNodeName' => 'language',
        'objectsNodeName' => 'languages',
      ),
       'image_dir' => NULL,
       'image_format' => 'jpg',
       'translator' => NULL,
       'def' => 
      array (
        'table' => 'lang',
        'primary' => 'id_lang',
        'fields' => 
        array (
          'name' => 
          array (
            'type' => 3,
            'validate' => 'isGenericName',
            'required' => true,
            'size' => 32,
          ),
          'iso_code' => 
          array (
            'type' => 3,
            'validate' => 'isLanguageIsoCode',
            'required' => true,
            'size' => 2,
          ),
          'locale' => 
          array (
            'type' => 3,
            'validate' => 'isLocale',
            'size' => 5,
          ),
          'language_code' => 
          array (
            'type' => 3,
            'validate' => 'isLanguageCode',
            'size' => 5,
          ),
          'active' => 
          array (
            'type' => 2,
            'validate' => 'isBool',
          ),
          'is_rtl' => 
          array (
            'type' => 2,
            'validate' => 'isBool',
          ),
          'date_format_lite' => 
          array (
            'type' => 3,
            'validate' => 'isPhpDateFormat',
            'required' => true,
            'size' => 32,
          ),
          'date_format_full' => 
          array (
            'type' => 3,
            'validate' => 'isPhpDateFormat',
            'required' => true,
            'size' => 32,
          ),
        ),
        'classname' => 'Language',
      ),
       'update_fields' => NULL,
       'force_id' => false,
       'name' => 'Nederlands (Dutch)',
       'iso_code' => 'nl',
       'locale' => 'nl-NL',
       'language_code' => 'nl-nl',
       'date_format_lite' => 'd-m-Y',
       'date_format_full' => 'd-m-Y H:i:s',
       'is_rtl' => 0,
       'active' => 1,
       'translationsFilesAndVars' => 
      array (
        'fields' => '_FIELDS',
        'errors' => '_ERRORS',
        'admin' => '_LANGADM',
        'pdf' => '_LANGPDF',
        'tabs' => 'tabs',
      ),
    )),
     'id_shop' => 1,
     'id_shop_list' => 
    array (
    ),
     'get_shop_from_context' => true,
     'table' => 'cart',
     'identifier' => 'id_cart',
     'fieldsRequired' => 
    array (
      0 => 'id_currency',
      1 => 'id_lang',
    ),
     'fieldsSize' => 
    array (
      'secure_key' => 32,
    ),
     'fieldsValidate' => 
    array (
      'id_shop_group' => 'isUnsignedId',
      'id_shop' => 'isUnsignedId',
      'id_address_delivery' => 'isUnsignedId',
      'id_address_invoice' => 'isUnsignedId',
      'id_carrier' => 'isUnsignedId',
      'id_currency' => 'isUnsignedId',
      'id_customer' => 'isUnsignedId',
      'id_guest' => 'isUnsignedId',
      'id_lang' => 'isUnsignedId',
      'recyclable' => 'isBool',
      'gift' => 'isBool',
      'gift_message' => 'isMessage',
      'mobile_theme' => 'isBool',
      'allow_seperated_package' => 'isBool',
      'date_add' => 'isDate',
      'date_upd' => 'isDate',
    ),
     'fieldsRequiredLang' => 
    array (
    ),
     'fieldsSizeLang' => 
    array (
    ),
     'fieldsValidateLang' => 
    array (
    ),
     'tables' => 
    array (
    ),
     'webserviceParameters' => 
    array (
      'fields' => 
      array (
        'id_address_delivery' => 
        array (
          'xlink_resource' => 'addresses',
        ),
        'id_address_invoice' => 
        array (
          'xlink_resource' => 'addresses',
        ),
        'id_currency' => 
        array (
          'xlink_resource' => 'currencies',
        ),
        'id_customer' => 
        array (
          'xlink_resource' => 'customers',
        ),
        'id_guest' => 
        array (
          'xlink_resource' => 'guests',
        ),
        'id_lang' => 
        array (
          'xlink_resource' => 'languages',
        ),
      ),
      'associations' => 
      array (
        'cart_rows' => 
        array (
          'resource' => 'cart_row',
          'virtual_entity' => true,
          'fields' => 
          array (
            'id_product' => 
            array (
              'required' => true,
              'xlink_resource' => 'products',
            ),
            'id_product_attribute' => 
            array (
              'required' => true,
              'xlink_resource' => 'combinations',
            ),
            'id_address_delivery' => 
            array (
              'required' => true,
              'xlink_resource' => 'addresses',
            ),
            'id_customization' => 
            array (
              'required' => false,
              'xlink_resource' => 'customizations',
            ),
            'quantity' => 
            array (
              'required' => true,
            ),
          ),
        ),
      ),
    ),
     'image_dir' => NULL,
     'image_format' => 'jpg',
     'translator' => NULL,
     'def' => 
    array (
      'table' => 'cart',
      'primary' => 'id_cart',
      'fields' => 
      array (
        'id_shop_group' => 
        array (
          'type' => 1,
          'validate' => 'isUnsignedId',
        ),
        'id_shop' => 
        array (
          'type' => 1,
          'validate' => 'isUnsignedId',
        ),
        'id_address_delivery' => 
        array (
          'type' => 1,
          'validate' => 'isUnsignedId',
        ),
        'id_address_invoice' => 
        array (
          'type' => 1,
          'validate' => 'isUnsignedId',
        ),
        'id_carrier' => 
        array (
          'type' => 1,
          'validate' => 'isUnsignedId',
        ),
        'id_currency' => 
        array (
          'type' => 1,
          'validate' => 'isUnsignedId',
          'required' => true,
        ),
        'id_customer' => 
        array (
          'type' => 1,
          'validate' => 'isUnsignedId',
        ),
        'id_guest' => 
        array (
          'type' => 1,
          'validate' => 'isUnsignedId',
        ),
        'id_lang' => 
        array (
          'type' => 1,
          'validate' => 'isUnsignedId',
          'required' => true,
        ),
        'recyclable' => 
        array (
          'type' => 2,
          'validate' => 'isBool',
        ),
        'gift' => 
        array (
          'type' => 2,
          'validate' => 'isBool',
        ),
        'gift_message' => 
        array (
          'type' => 3,
          'validate' => 'isMessage',
        ),
        'mobile_theme' => 
        array (
          'type' => 2,
          'validate' => 'isBool',
        ),
        'delivery_option' => 
        array (
          'type' => 3,
        ),
        'secure_key' => 
        array (
          'type' => 3,
          'size' => 32,
        ),
        'allow_seperated_package' => 
        array (
          'type' => 2,
          'validate' => 'isBool',
        ),
        'date_add' => 
        array (
          'type' => 5,
          'validate' => 'isDate',
        ),
        'date_upd' => 
        array (
          'type' => 5,
          'validate' => 'isDate',
        ),
        'added_to_order' => 
        array (
          'type' => 3,
        ),
      ),
      'classname' => 'Cart',
    ),
     'update_fields' => NULL,
     'force_id' => false,
     'id_shop_group' => 1,
     'id_address_delivery' => 1052,
     'id_address_invoice' => 1052,
     'id_currency' => 1,
     'id_customer' => 666673,
     'id_guest' => 2952,
     'recyclable' => 0,
     'gift' => 0,
     'gift_message' => '',
     'mobile_theme' => 0,
     'date_add' => '2024-05-16 11:03:32',
     'secure_key' => 'dfa60599a75dabe329b3f5b034ec8be6',
     'id_carrier' => 7,
     'date_upd' => '2024-05-16 11:04:31',
     'checkedTos' => false,
     'pictures' => NULL,
     'textFields' => NULL,
     'delivery_option' => '{"1052":"7,"}',
     'allow_seperated_package' => 0,
     '_products' => 
    array (
      0 => 
      array (
        'id_product_attribute' => 0,
        'id_product' => 996,
        'cart_quantity' => 1,
        'id_shop' => 1,
        'id_customization' => NULL,
        'name' => 'aluminium blok rond 100mm, 150mm lang',
        'is_virtual' => 0,
        'description_short' => '',
        'available_now' => '',
        'available_later' => '',
        'id_category_default' => 291,
        'id_supplier' => 0,
        'id_manufacturer' => 0,
        'manufacturer_name' => NULL,
        'on_sale' => 0,
        'ecotax' => '0.000000',
        'additional_shipping_cost' => '0.000000',
        'available_for_order' => 1,
        'show_price' => 1,
        'price' => 56.22,
        'active' => 1,
        'unity' => '',
        'unit_price' => 0.0,
        'quantity_available' => 999999999,
        'width' => '0.000000',
        'height' => '0.000000',
        'depth' => '0.000000',
        'out_of_stock' => 2,
        'weight' => 3.0,
        'available_date' => '0000-00-00',
        'date_add' => '2020-06-12 14:19:46',
        'date_upd' => '2021-10-22 15:44:36',
        'quantity' => 1,
        'link_rewrite' => 'aluminium-blok-rond-100mm-150mm-lang',
        'category' => 'aluminium-as',
        'unique_id' => '0000000996000000000010520',
        'id_address_delivery' => 1052,
        'advanced_stock_management' => 0,
        'supplier_reference' => NULL,
        'customization_quantity' => NULL,
        'price_attribute' => NULL,
        'ecotax_attr' => NULL,
        'reference' => '',
        'weight_attribute' => NULL,
        'ean13' => '',
        'isbn' => '',
        'upc' => '',
        'mpn' => '',
        'minimal_quantity' => 1,
        'wholesale_price' => '24.000000',
        'id_image' => '996-1957',
        'legend' => 'aluminium blok rond 100mm, 150mm lang',
        'reduction_type' => 0,
        'is_gift' => false,
        'reduction' => 0.0,
        'reduction_without_tax' => 0.0,
        'price_without_reduction' => 68.0262,
        'specific_prices' => 
        array (
        ),
        'unit_price_ratio' => 0.0,
        'unit_price_tax_excluded' => 0.0,
        'unit_price_tax_included' => 0.0,
        'stock_quantity' => 999999999,
        'price_without_reduction_without_tax' => 56.22,
        'price_with_reduction' => 68.0262,
        'price_with_reduction_without_tax' => 56.22,
        'total' => 56.22,
        'total_wt' => 68.03,
        'price_wt' => 68.0262,
        'reduction_applies' => false,
        'quantity_discount_applies' => false,
        'allow_oosp' => 1,
        'features' => 
        array (
          0 => 
          array (
            'id_feature' => 18,
            'id_product' => 996,
            'id_feature_value' => 89,
          ),
          1 => 
          array (
            'id_feature' => 22,
            'id_product' => 996,
            'id_feature_value' => 3080,
          ),
          2 => 
          array (
            'id_feature' => 23,
            'id_product' => 996,
            'id_feature_value' => 3085,
          ),
          3 => 
          array (
            'id_feature' => 24,
            'id_product' => 996,
            'id_feature_value' => 3083,
          ),
          4 => 
          array (
            'id_feature' => 25,
            'id_product' => 996,
            'id_feature_value' => 1323,
          ),
          5 => 
          array (
            'id_feature' => 26,
            'id_product' => 996,
            'id_feature_value' => 3086,
          ),
          6 => 
          array (
            'id_feature' => 27,
            'id_product' => 996,
            'id_feature_value' => 3081,
          ),
          7 => 
          array (
            'id_feature' => 28,
            'id_product' => 996,
            'id_feature_value' => 3082,
          ),
          8 => 
          array (
            'id_feature' => 29,
            'id_product' => 996,
            'id_feature_value' => 3084,
          ),
          9 => 
          array (
            'id_feature' => 30,
            'id_product' => 996,
            'id_feature_value' => 1322,
          ),
          10 => 
          array (
            'id_feature' => 45,
            'id_product' => 996,
            'id_feature_value' => 6113,
          ),
          11 => 
          array (
            'id_feature' => 46,
            'id_product' => 996,
            'id_feature_value' => 7667,
          ),
        ),
        'attributes' => '',
        'attributes_small' => '',
        'rate' => 21.0,
        'tax_name' => 'BTW NL 21%',
      ),
    ),
     '_taxCalculationMethod' => 0,
     'configuration' => 
    PrestaShop\PrestaShop\Adapter\Configuration::__set_state(array(
       'parameters' => NULL,
       'shop' => NULL,
    )),
     'addressFactory' => 
    PrestaShop\PrestaShop\Adapter\AddressFactory::__set_state(array(
    )),
     'shouldSplitGiftProductsQuantity' => false,
     'shouldExcludeGiftsDiscount' => false,
     'added_to_order' => '',
  )),
  'altern' => 1,
)array (
  'object' => 
  CustomerThread::__set_state(array(
     'id' => '55',
     'id_lang' => 1,
     'lang_associated' => NULL,
     'id_shop' => 1,
     'id_shop_list' => 
    array (
    ),
     'get_shop_from_context' => true,
     'table' => 'customer_thread',
     'identifier' => 'id_customer_thread',
     'fieldsRequired' => 
    array (
      0 => 'id_lang',
      1 => 'id_contact',
      2 => 'token',
    ),
     'fieldsSize' => 
    array (
      'email' => 255,
    ),
     'fieldsValidate' => 
    array (
      'id_lang' => 'isUnsignedId',
      'id_contact' => 'isUnsignedId',
      'id_shop' => 'isUnsignedId',
      'id_customer' => 'isUnsignedId',
      'id_order' => 'isUnsignedId',
      'id_product' => 'isUnsignedId',
      'email' => 'isEmail',
      'token' => 'isGenericName',
      'date_add' => 'isDate',
      'date_upd' => 'isDate',
    ),
     'fieldsRequiredLang' => 
    array (
    ),
     'fieldsSizeLang' => 
    array (
    ),
     'fieldsValidateLang' => 
    array (
    ),
     'tables' => 
    array (
    ),
     'webserviceParameters' => 
    array (
      'fields' => 
      array (
        'id_lang' => 
        array (
          'xlink_resource' => 'languages',
        ),
        'id_shop' => 
        array (
          'xlink_resource' => 'shops',
        ),
        'id_customer' => 
        array (
          'xlink_resource' => 'customers',
        ),
        'id_order' => 
        array (
          'xlink_resource' => 'orders',
        ),
        'id_product' => 
        array (
          'xlink_resource' => 'products',
        ),
      ),
      'associations' => 
      array (
        'customer_messages' => 
        array (
          'resource' => 'customer_message',
          'id' => 
          array (
            'required' => true,
          ),
        ),
      ),
    ),
     'image_dir' => NULL,
     'image_format' => 'jpg',
     'translator' => NULL,
     'def' => 
    array (
      'table' => 'customer_thread',
      'primary' => 'id_customer_thread',
      'fields' => 
      array (
        'id_lang' => 
        array (
          'type' => 1,
          'validate' => 'isUnsignedId',
          'required' => true,
        ),
        'id_contact' => 
        array (
          'type' => 1,
          'validate' => 'isUnsignedId',
          'required' => true,
        ),
        'id_shop' => 
        array (
          'type' => 1,
          'validate' => 'isUnsignedId',
        ),
        'id_customer' => 
        array (
          'type' => 1,
          'validate' => 'isUnsignedId',
        ),
        'id_order' => 
        array (
          'type' => 1,
          'validate' => 'isUnsignedId',
        ),
        'id_product' => 
        array (
          'type' => 1,
          'validate' => 'isUnsignedId',
        ),
        'email' => 
        array (
          'type' => 3,
          'validate' => 'isEmail',
          'size' => 255,
        ),
        'token' => 
        array (
          'type' => 3,
          'validate' => 'isGenericName',
          'required' => true,
        ),
        'status' => 
        array (
          'type' => 3,
        ),
        'date_add' => 
        array (
          'type' => 5,
          'validate' => 'isDate',
        ),
        'date_upd' => 
        array (
          'type' => 5,
          'validate' => 'isDate',
        ),
      ),
      'classname' => 'CustomerThread',
    ),
     'update_fields' => NULL,
     'force_id' => false,
     'id_contact' => 0,
     'id_customer' => 666673,
     'id_order' => 726,
     'id_product' => NULL,
     'status' => 'open',
     'email' => 'pppppp@ppp.pp',
     'token' => 'o7BuTYk8u38c',
     'date_add' => '2024-05-16 11:26:41',
     'date_upd' => '2024-05-16 11:26:41',
  )),
  'cookie' => 
  Cookie::__set_state(array(
     '_content' => 
    array (
      'date_add' => '2024-05-16 11:05:33',
      'id_lang' => '1',
      'price_vat_settings_incl' => 'true',
      'id_currency' => 1,
      'wk_webp_safari' => 0,
      'id_cart' => '15844',
      'id_customer' => '4',
      'customer_lastname' => 'Stoker',
      'customer_firstname' => 'jelmer',
      'passwd' => '$2y$10$27puIXuzbzn4xyX4RRAtV../pIpEdUUpbgOrpPNaVvzIwqrq5ArZi',
      'logged' => '1',
      'email' => 'jelmer@ijzershop.nl',
      'is_guest' => '',
      'id_guest' => '2952',
      'session_id' => '313',
      'session_token' => 'bbd8fca5ecaa8f33b0c64d8a87bfab688dcd3da1',
      'checksum' => '6ae03bf0ced3610c372d431e720477bf715b61539c9391afdd9c73e6908408a4',
      'selected_customer_secure_key' => 'd7f044ef1143c6e871384ddd60a34fad',
      'selected_customer_customer_firstname' => 'pppppp',
      'selected_customer_customer_lastname' => 'ppppp',
      'selected_customer_id_customer' => 666673,
      'selected_customer_email' => 'pppppp@ppp.pp',
      'on_credit_reference' => '',
      'on_credit_buyer' => '',
    ),
     '_name' => 'PrestaShop-7a6284c5161ca69f9f431d50b1a8802b',
     '_expire' => 1717579597,
     '_domain' => 'ijzershop8.local',
     '_sameSite' => 'Lax',
     '_path' => '/',
     'cipherTool' => 
    PhpEncryption::__set_state(array(
    )),
     '_modified' => true,
     '_allow_writing' => true,
     '_salt' => 'RYitkuu1',
     '_standalone' => false,
     '_secure' => true,
     'session' => 
    CustomerSession::__set_state(array(
       'id' => 313,
       'id_lang' => NULL,
       'lang_associated' => NULL,
       'id_shop' => NULL,
       'id_shop_list' => 
      array (
      ),
       'get_shop_from_context' => true,
       'table' => 'customer_session',
       'identifier' => 'id_customer_session',
       'fieldsRequired' => 
      array (
        0 => 'id_customer',
      ),
       'fieldsSize' => 
      array (
        'token' => 40,
      ),
       'fieldsValidate' => 
      array (
        'id_customer' => 'isUnsignedId',
        'token' => 'isSha1',
        'date_upd' => 'isDate',
        'date_add' => 'isDate',
      ),
       'fieldsRequiredLang' => 
      array (
      ),
       'fieldsSizeLang' => 
      array (
      ),
       'fieldsValidateLang' => 
      array (
      ),
       'tables' => 
      array (
      ),
       'webserviceParameters' => 
      array (
      ),
       'image_dir' => NULL,
       'image_format' => 'jpg',
       'translator' => NULL,
       'def' => 
      array (
        'table' => 'customer_session',
        'primary' => 'id_customer_session',
        'fields' => 
        array (
          'id_customer' => 
          array (
            'type' => 1,
            'validate' => 'isUnsignedId',
            'required' => true,
          ),
          'token' => 
          array (
            'type' => 3,
            'validate' => 'isSha1',
            'size' => 40,
            'copy_post' => false,
          ),
          'date_upd' => 
          array (
            'type' => 5,
            'validate' => 'isDate',
            'copy_post' => false,
          ),
          'date_add' => 
          array (
            'type' => 5,
            'validate' => 'isDate',
            'copy_post' => false,
          ),
        ),
        'classname' => 'CustomerSession',
      ),
       'update_fields' => NULL,
       'force_id' => false,
       'id_customer' => 4,
       'token' => 'bbd8fca5ecaa8f33b0c64d8a87bfab688dcd3da1',
       'date_upd' => '2024-05-16 11:26:37',
       'date_add' => '2024-05-16 11:16:27',
    )),
  )),
  'cart' => 
  Cart::__set_state(array(
     'id' => 15844,
     'id_lang' => 1,
     'lang_associated' => 
    Language::__set_state(array(
       'id' => 1,
       'id_lang' => NULL,
       'lang_associated' => NULL,
       'id_shop' => 1,
       'id_shop_list' => 
      array (
      ),
       'get_shop_from_context' => true,
       'table' => 'lang',
       'identifier' => 'id_lang',
       'fieldsRequired' => 
      array (
        0 => 'name',
        1 => 'iso_code',
        2 => 'date_format_lite',
        3 => 'date_format_full',
      ),
       'fieldsSize' => 
      array (
        'name' => 32,
        'iso_code' => 2,
        'locale' => 5,
        'language_code' => 5,
        'date_format_lite' => 32,
        'date_format_full' => 32,
      ),
       'fieldsValidate' => 
      array (
        'name' => 'isGenericName',
        'iso_code' => 'isLanguageIsoCode',
        'locale' => 'isLocale',
        'language_code' => 'isLanguageCode',
        'active' => 'isBool',
        'is_rtl' => 'isBool',
        'date_format_lite' => 'isPhpDateFormat',
        'date_format_full' => 'isPhpDateFormat',
      ),
       'fieldsRequiredLang' => 
      array (
      ),
       'fieldsSizeLang' => 
      array (
      ),
       'fieldsValidateLang' => 
      array (
      ),
       'tables' => 
      array (
      ),
       'webserviceParameters' => 
      array (
        'objectNodeName' => 'language',
        'objectsNodeName' => 'languages',
      ),
       'image_dir' => NULL,
       'image_format' => 'jpg',
       'translator' => NULL,
       'def' => 
      array (
        'table' => 'lang',
        'primary' => 'id_lang',
        'fields' => 
        array (
          'name' => 
          array (
            'type' => 3,
            'validate' => 'isGenericName',
            'required' => true,
            'size' => 32,
          ),
          'iso_code' => 
          array (
            'type' => 3,
            'validate' => 'isLanguageIsoCode',
            'required' => true,
            'size' => 2,
          ),
          'locale' => 
          array (
            'type' => 3,
            'validate' => 'isLocale',
            'size' => 5,
          ),
          'language_code' => 
          array (
            'type' => 3,
            'validate' => 'isLanguageCode',
            'size' => 5,
          ),
          'active' => 
          array (
            'type' => 2,
            'validate' => 'isBool',
          ),
          'is_rtl' => 
          array (
            'type' => 2,
            'validate' => 'isBool',
          ),
          'date_format_lite' => 
          array (
            'type' => 3,
            'validate' => 'isPhpDateFormat',
            'required' => true,
            'size' => 32,
          ),
          'date_format_full' => 
          array (
            'type' => 3,
            'validate' => 'isPhpDateFormat',
            'required' => true,
            'size' => 32,
          ),
        ),
        'classname' => 'Language',
      ),
       'update_fields' => NULL,
       'force_id' => false,
       'name' => 'Nederlands (Dutch)',
       'iso_code' => 'nl',
       'locale' => 'nl-NL',
       'language_code' => 'nl-nl',
       'date_format_lite' => 'd-m-Y',
       'date_format_full' => 'd-m-Y H:i:s',
       'is_rtl' => 0,
       'active' => 1,
       'translationsFilesAndVars' => 
      array (
        'fields' => '_FIELDS',
        'errors' => '_ERRORS',
        'admin' => '_LANGADM',
        'pdf' => '_LANGPDF',
        'tabs' => 'tabs',
      ),
    )),
     'id_shop' => 1,
     'id_shop_list' => 
    array (
    ),
     'get_shop_from_context' => true,
     'table' => 'cart',
     'identifier' => 'id_cart',
     'fieldsRequired' => 
    array (
      0 => 'id_currency',
      1 => 'id_lang',
    ),
     'fieldsSize' => 
    array (
      'secure_key' => 32,
    ),
     'fieldsValidate' => 
    array (
      'id_shop_group' => 'isUnsignedId',
      'id_shop' => 'isUnsignedId',
      'id_address_delivery' => 'isUnsignedId',
      'id_address_invoice' => 'isUnsignedId',
      'id_carrier' => 'isUnsignedId',
      'id_currency' => 'isUnsignedId',
      'id_customer' => 'isUnsignedId',
      'id_guest' => 'isUnsignedId',
      'id_lang' => 'isUnsignedId',
      'recyclable' => 'isBool',
      'gift' => 'isBool',
      'gift_message' => 'isMessage',
      'mobile_theme' => 'isBool',
      'allow_seperated_package' => 'isBool',
      'date_add' => 'isDate',
      'date_upd' => 'isDate',
    ),
     'fieldsRequiredLang' => 
    array (
    ),
     'fieldsSizeLang' => 
    array (
    ),
     'fieldsValidateLang' => 
    array (
    ),
     'tables' => 
    array (
    ),
     'webserviceParameters' => 
    array (
      'fields' => 
      array (
        'id_address_delivery' => 
        array (
          'xlink_resource' => 'addresses',
        ),
        'id_address_invoice' => 
        array (
          'xlink_resource' => 'addresses',
        ),
        'id_currency' => 
        array (
          'xlink_resource' => 'currencies',
        ),
        'id_customer' => 
        array (
          'xlink_resource' => 'customers',
        ),
        'id_guest' => 
        array (
          'xlink_resource' => 'guests',
        ),
        'id_lang' => 
        array (
          'xlink_resource' => 'languages',
        ),
      ),
      'associations' => 
      array (
        'cart_rows' => 
        array (
          'resource' => 'cart_row',
          'virtual_entity' => true,
          'fields' => 
          array (
            'id_product' => 
            array (
              'required' => true,
              'xlink_resource' => 'products',
            ),
            'id_product_attribute' => 
            array (
              'required' => true,
              'xlink_resource' => 'combinations',
            ),
            'id_address_delivery' => 
            array (
              'required' => true,
              'xlink_resource' => 'addresses',
            ),
            'id_customization' => 
            array (
              'required' => false,
              'xlink_resource' => 'customizations',
            ),
            'quantity' => 
            array (
              'required' => true,
            ),
          ),
        ),
      ),
    ),
     'image_dir' => NULL,
     'image_format' => 'jpg',
     'translator' => NULL,
     'def' => 
    array (
      'table' => 'cart',
      'primary' => 'id_cart',
      'fields' => 
      array (
        'id_shop_group' => 
        array (
          'type' => 1,
          'validate' => 'isUnsignedId',
        ),
        'id_shop' => 
        array (
          'type' => 1,
          'validate' => 'isUnsignedId',
        ),
        'id_address_delivery' => 
        array (
          'type' => 1,
          'validate' => 'isUnsignedId',
        ),
        'id_address_invoice' => 
        array (
          'type' => 1,
          'validate' => 'isUnsignedId',
        ),
        'id_carrier' => 
        array (
          'type' => 1,
          'validate' => 'isUnsignedId',
        ),
        'id_currency' => 
        array (
          'type' => 1,
          'validate' => 'isUnsignedId',
          'required' => true,
        ),
        'id_customer' => 
        array (
          'type' => 1,
          'validate' => 'isUnsignedId',
        ),
        'id_guest' => 
        array (
          'type' => 1,
          'validate' => 'isUnsignedId',
        ),
        'id_lang' => 
        array (
          'type' => 1,
          'validate' => 'isUnsignedId',
          'required' => true,
        ),
        'recyclable' => 
        array (
          'type' => 2,
          'validate' => 'isBool',
        ),
        'gift' => 
        array (
          'type' => 2,
          'validate' => 'isBool',
        ),
        'gift_message' => 
        array (
          'type' => 3,
          'validate' => 'isMessage',
        ),
        'mobile_theme' => 
        array (
          'type' => 2,
          'validate' => 'isBool',
        ),
        'delivery_option' => 
        array (
          'type' => 3,
        ),
        'secure_key' => 
        array (
          'type' => 3,
          'size' => 32,
        ),
        'allow_seperated_package' => 
        array (
          'type' => 2,
          'validate' => 'isBool',
        ),
        'date_add' => 
        array (
          'type' => 5,
          'validate' => 'isDate',
        ),
        'date_upd' => 
        array (
          'type' => 5,
          'validate' => 'isDate',
        ),
        'added_to_order' => 
        array (
          'type' => 3,
        ),
      ),
      'classname' => 'Cart',
    ),
     'update_fields' => NULL,
     'force_id' => false,
     'id_shop_group' => 1,
     'id_address_delivery' => 1052,
     'id_address_invoice' => 1052,
     'id_currency' => 1,
     'id_customer' => 666673,
     'id_guest' => 2952,
     'recyclable' => 0,
     'gift' => 0,
     'gift_message' => '',
     'mobile_theme' => 0,
     'date_add' => '2024-05-16 11:05:41',
     'secure_key' => 'dfa60599a75dabe329b3f5b034ec8be6',
     'id_carrier' => 7,
     'date_upd' => '2024-05-16 11:26:11',
     'checkedTos' => false,
     'pictures' => NULL,
     'textFields' => NULL,
     'delivery_option' => '{"1052":"7,"}',
     'allow_seperated_package' => 0,
     '_products' => 
    array (
      0 => 
      array (
        'id_product_attribute' => 69,
        'id_product' => 1040,
        'cart_quantity' => 1,
        'id_shop' => 1,
        'id_customization' => NULL,
        'name' => 'stalen koker 15 x 15 x 2mm',
        'is_virtual' => 0,
        'description_short' => '<p>gebeitst (lichte kleur), (hoogte x breedte x wanddikte), lengte 2 meter</p>',
        'available_now' => '',
        'available_later' => '',
        'id_category_default' => 321,
        'id_supplier' => 3,
        'id_manufacturer' => 0,
        'manufacturer_name' => NULL,
        'on_sale' => 0,
        'ecotax' => '0.000000',
        'additional_shipping_cost' => '0.000000',
        'available_for_order' => 1,
        'show_price' => 1,
        'price' => 7.4,
        'active' => 1,
        'unity' => '',
        'unit_price' => 0.0,
        'quantity_available' => 8600,
        'width' => '0.000000',
        'height' => '0.000000',
        'depth' => '0.000000',
        'out_of_stock' => 1,
        'weight' => 0.055,
        'available_date' => '0000-00-00',
        'date_add' => '2020-06-12 14:19:47',
        'date_upd' => '2023-11-01 15:36:07',
        'quantity' => 1,
        'link_rewrite' => 'stalen-koker-15-x-15-x-2mm',
        'category' => 'koker-vierkant',
        'unique_id' => '0000001040000000006910520',
        'id_address_delivery' => 1052,
        'advanced_stock_management' => 1,
        'supplier_reference' => '',
        'customization_quantity' => NULL,
        'price_attribute' => '0.000000',
        'ecotax_attr' => '0.000000',
        'reference' => 'L1',
        'weight_attribute' => 0.055,
        'ean13' => '',
        'isbn' => '',
        'upc' => '',
        'mpn' => '',
        'minimal_quantity' => 1,
        'wholesale_price' => '2.960000',
        'id_image' => '1040-2028',
        'legend' => 'stalen koker 15 x 15 x 2mm',
        'reduction_type' => 0,
        'is_gift' => false,
        'reduction' => 0.0,
        'reduction_without_tax' => 0.0,
        'price_without_reduction' => 8.954,
        'specific_prices' => false,
        'unit_price_ratio' => 0.0,
        'unit_price_tax_excluded' => 0.0,
        'unit_price_tax_included' => 0.0,
        'stock_quantity' => 8600,
        'price_without_reduction_without_tax' => 7.4,
        'price_with_reduction' => 8.954,
        'price_with_reduction_without_tax' => 7.4,
        'total' => 7.4,
        'total_wt' => 8.95,
        'price_wt' => 8.954,
        'reduction_applies' => false,
        'quantity_discount_applies' => false,
        'allow_oosp' => 1,
        'features' => 
        array (
          0 => 
          array (
            'id_feature' => 17,
            'id_product' => 1040,
            'id_feature_value' => 306,
          ),
          1 => 
          array (
            'id_feature' => 18,
            'id_product' => 1040,
            'id_feature_value' => 309,
          ),
          2 => 
          array (
            'id_feature' => 19,
            'id_product' => 1040,
            'id_feature_value' => 102,
          ),
          3 => 
          array (
            'id_feature' => 23,
            'id_product' => 1040,
            'id_feature_value' => 86,
          ),
          4 => 
          array (
            'id_feature' => 24,
            'id_product' => 1040,
            'id_feature_value' => 82,
          ),
          5 => 
          array (
            'id_feature' => 25,
            'id_product' => 1040,
            'id_feature_value' => 13194,
          ),
          6 => 
          array (
            'id_feature' => 26,
            'id_product' => 1040,
            'id_feature_value' => 87,
          ),
          7 => 
          array (
            'id_feature' => 27,
            'id_product' => 1040,
            'id_feature_value' => 80,
          ),
          8 => 
          array (
            'id_feature' => 28,
            'id_product' => 1040,
            'id_feature_value' => 13195,
          ),
          9 => 
          array (
            'id_feature' => 29,
            'id_product' => 1040,
            'id_feature_value' => 83,
          ),
          10 => 
          array (
            'id_feature' => 30,
            'id_product' => 1040,
            'id_feature_value' => 13196,
          ),
          11 => 
          array (
            'id_feature' => 32,
            'id_product' => 1040,
            'id_feature_value' => 1316,
          ),
          12 => 
          array (
            'id_feature' => 36,
            'id_product' => 1040,
            'id_feature_value' => 13197,
          ),
          13 => 
          array (
            'id_feature' => 36,
            'id_product' => 1040,
            'id_feature_value' => 13198,
          ),
          14 => 
          array (
            'id_feature' => 38,
            'id_product' => 1040,
            'id_feature_value' => 6567,
          ),
          15 => 
          array (
            'id_feature' => 39,
            'id_product' => 1040,
            'id_feature_value' => 13199,
          ),
          16 => 
          array (
            'id_feature' => 45,
            'id_product' => 1040,
            'id_feature_value' => 5851,
          ),
          17 => 
          array (
            'id_feature' => 46,
            'id_product' => 1040,
            'id_feature_value' => 13200,
          ),
          18 => 
          array (
            'id_feature' => 46,
            'id_product' => 1040,
            'id_feature_value' => 13201,
          ),
        ),
        'attributes' => 'Zagen: B',
        'attributes_small' => 'B',
        'rate' => 21.0,
        'tax_name' => 'BTW NL 21%',
      ),
    ),
     '_taxCalculationMethod' => 0,
     'configuration' => 
    PrestaShop\PrestaShop\Adapter\Configuration::__set_state(array(
       'parameters' => NULL,
       'shop' => NULL,
    )),
     'addressFactory' => 
    PrestaShop\PrestaShop\Adapter\AddressFactory::__set_state(array(
    )),
     'shouldSplitGiftProductsQuantity' => false,
     'shouldExcludeGiftsDiscount' => false,
     'added_to_order' => '',
  )),
  'altern' => 1,
)array (
  'object' => 
  CustomerThread::__set_state(array(
     'id' => '56',
     'id_lang' => 1,
     'lang_associated' => NULL,
     'id_shop' => 1,
     'id_shop_list' => 
    array (
    ),
     'get_shop_from_context' => true,
     'table' => 'customer_thread',
     'identifier' => 'id_customer_thread',
     'fieldsRequired' => 
    array (
      0 => 'id_lang',
      1 => 'id_contact',
      2 => 'token',
    ),
     'fieldsSize' => 
    array (
      'email' => 255,
    ),
     'fieldsValidate' => 
    array (
      'id_lang' => 'isUnsignedId',
      'id_contact' => 'isUnsignedId',
      'id_shop' => 'isUnsignedId',
      'id_customer' => 'isUnsignedId',
      'id_order' => 'isUnsignedId',
      'id_product' => 'isUnsignedId',
      'email' => 'isEmail',
      'token' => 'isGenericName',
      'date_add' => 'isDate',
      'date_upd' => 'isDate',
    ),
     'fieldsRequiredLang' => 
    array (
    ),
     'fieldsSizeLang' => 
    array (
    ),
     'fieldsValidateLang' => 
    array (
    ),
     'tables' => 
    array (
    ),
     'webserviceParameters' => 
    array (
      'fields' => 
      array (
        'id_lang' => 
        array (
          'xlink_resource' => 'languages',
        ),
        'id_shop' => 
        array (
          'xlink_resource' => 'shops',
        ),
        'id_customer' => 
        array (
          'xlink_resource' => 'customers',
        ),
        'id_order' => 
        array (
          'xlink_resource' => 'orders',
        ),
        'id_product' => 
        array (
          'xlink_resource' => 'products',
        ),
      ),
      'associations' => 
      array (
        'customer_messages' => 
        array (
          'resource' => 'customer_message',
          'id' => 
          array (
            'required' => true,
          ),
        ),
      ),
    ),
     'image_dir' => NULL,
     'image_format' => 'jpg',
     'translator' => NULL,
     'def' => 
    array (
      'table' => 'customer_thread',
      'primary' => 'id_customer_thread',
      'fields' => 
      array (
        'id_lang' => 
        array (
          'type' => 1,
          'validate' => 'isUnsignedId',
          'required' => true,
        ),
        'id_contact' => 
        array (
          'type' => 1,
          'validate' => 'isUnsignedId',
          'required' => true,
        ),
        'id_shop' => 
        array (
          'type' => 1,
          'validate' => 'isUnsignedId',
        ),
        'id_customer' => 
        array (
          'type' => 1,
          'validate' => 'isUnsignedId',
        ),
        'id_order' => 
        array (
          'type' => 1,
          'validate' => 'isUnsignedId',
        ),
        'id_product' => 
        array (
          'type' => 1,
          'validate' => 'isUnsignedId',
        ),
        'email' => 
        array (
          'type' => 3,
          'validate' => 'isEmail',
          'size' => 255,
        ),
        'token' => 
        array (
          'type' => 3,
          'validate' => 'isGenericName',
          'required' => true,
        ),
        'status' => 
        array (
          'type' => 3,
        ),
        'date_add' => 
        array (
          'type' => 5,
          'validate' => 'isDate',
        ),
        'date_upd' => 
        array (
          'type' => 5,
          'validate' => 'isDate',
        ),
      ),
      'classname' => 'CustomerThread',
    ),
     'update_fields' => NULL,
     'force_id' => false,
     'id_contact' => 0,
     'id_customer' => 666673,
     'id_order' => 727,
     'id_product' => NULL,
     'status' => 'open',
     'email' => 'pppppp@ppp.pp',
     'token' => 'yUHjqFGL1xvs',
     'date_add' => '2024-05-16 11:35:57',
     'date_upd' => '2024-05-16 11:35:57',
  )),
  'cookie' => 
  Cookie::__set_state(array(
     '_content' => 
    array (
      'date_add' => '2024-05-16 11:27:21',
      'id_lang' => '1',
      'price_vat_settings_incl' => 'true',
      'id_currency' => 1,
      'wk_webp_safari' => 0,
      'id_cart' => '15845',
      'id_customer' => '4',
      'customer_lastname' => 'Stoker',
      'customer_firstname' => 'jelmer',
      'passwd' => '$2y$10$27puIXuzbzn4xyX4RRAtV../pIpEdUUpbgOrpPNaVvzIwqrq5ArZi',
      'logged' => '1',
      'email' => 'jelmer@ijzershop.nl',
      'is_guest' => '',
      'id_guest' => '2952',
      'session_id' => '314',
      'session_token' => 'e5b1ee34f08f8d2ca221e37713cbbc0610a8b7b7',
      'checksum' => '56b38bf80533c6b2d285b58890ba911db8c8d4585b5f5ab169f2a17199563757',
      'selected_customer_secure_key' => 'd7f044ef1143c6e871384ddd60a34fad',
      'selected_customer_customer_firstname' => 'pppppp',
      'selected_customer_customer_lastname' => 'ppppp',
      'selected_customer_id_customer' => 666673,
      'selected_customer_email' => 'pppppp@ppp.pp',
      'on_credit_reference' => '',
      'on_credit_buyer' => '',
    ),
     '_name' => 'PrestaShop-7a6284c5161ca69f9f431d50b1a8802b',
     '_expire' => 1717580153,
     '_domain' => 'ijzershop8.local',
     '_sameSite' => 'Lax',
     '_path' => '/',
     'cipherTool' => 
    PhpEncryption::__set_state(array(
    )),
     '_modified' => true,
     '_allow_writing' => true,
     '_salt' => 'RYitkuu1',
     '_standalone' => false,
     '_secure' => true,
     'session' => 
    CustomerSession::__set_state(array(
       'id' => 314,
       'id_lang' => NULL,
       'lang_associated' => NULL,
       'id_shop' => NULL,
       'id_shop_list' => 
      array (
      ),
       'get_shop_from_context' => true,
       'table' => 'customer_session',
       'identifier' => 'id_customer_session',
       'fieldsRequired' => 
      array (
        0 => 'id_customer',
      ),
       'fieldsSize' => 
      array (
        'token' => 40,
      ),
       'fieldsValidate' => 
      array (
        'id_customer' => 'isUnsignedId',
        'token' => 'isSha1',
        'date_upd' => 'isDate',
        'date_add' => 'isDate',
      ),
       'fieldsRequiredLang' => 
      array (
      ),
       'fieldsSizeLang' => 
      array (
      ),
       'fieldsValidateLang' => 
      array (
      ),
       'tables' => 
      array (
      ),
       'webserviceParameters' => 
      array (
      ),
       'image_dir' => NULL,
       'image_format' => 'jpg',
       'translator' => NULL,
       'def' => 
      array (
        'table' => 'customer_session',
        'primary' => 'id_customer_session',
        'fields' => 
        array (
          'id_customer' => 
          array (
            'type' => 1,
            'validate' => 'isUnsignedId',
            'required' => true,
          ),
          'token' => 
          array (
            'type' => 3,
            'validate' => 'isSha1',
            'size' => 40,
            'copy_post' => false,
          ),
          'date_upd' => 
          array (
            'type' => 5,
            'validate' => 'isDate',
            'copy_post' => false,
          ),
          'date_add' => 
          array (
            'type' => 5,
            'validate' => 'isDate',
            'copy_post' => false,
          ),
        ),
        'classname' => 'CustomerSession',
      ),
       'update_fields' => NULL,
       'force_id' => false,
       'id_customer' => 4,
       'token' => 'e5b1ee34f08f8d2ca221e37713cbbc0610a8b7b7',
       'date_upd' => '2024-05-16 11:35:53',
       'date_add' => '2024-05-16 11:34:38',
    )),
  )),
  'cart' => 
  Cart::__set_state(array(
     'id' => 15845,
     'id_lang' => 1,
     'lang_associated' => 
    Language::__set_state(array(
       'id' => 1,
       'id_lang' => NULL,
       'lang_associated' => NULL,
       'id_shop' => 1,
       'id_shop_list' => 
      array (
      ),
       'get_shop_from_context' => true,
       'table' => 'lang',
       'identifier' => 'id_lang',
       'fieldsRequired' => 
      array (
        0 => 'name',
        1 => 'iso_code',
        2 => 'date_format_lite',
        3 => 'date_format_full',
      ),
       'fieldsSize' => 
      array (
        'name' => 32,
        'iso_code' => 2,
        'locale' => 5,
        'language_code' => 5,
        'date_format_lite' => 32,
        'date_format_full' => 32,
      ),
       'fieldsValidate' => 
      array (
        'name' => 'isGenericName',
        'iso_code' => 'isLanguageIsoCode',
        'locale' => 'isLocale',
        'language_code' => 'isLanguageCode',
        'active' => 'isBool',
        'is_rtl' => 'isBool',
        'date_format_lite' => 'isPhpDateFormat',
        'date_format_full' => 'isPhpDateFormat',
      ),
       'fieldsRequiredLang' => 
      array (
      ),
       'fieldsSizeLang' => 
      array (
      ),
       'fieldsValidateLang' => 
      array (
      ),
       'tables' => 
      array (
      ),
       'webserviceParameters' => 
      array (
        'objectNodeName' => 'language',
        'objectsNodeName' => 'languages',
      ),
       'image_dir' => NULL,
       'image_format' => 'jpg',
       'translator' => NULL,
       'def' => 
      array (
        'table' => 'lang',
        'primary' => 'id_lang',
        'fields' => 
        array (
          'name' => 
          array (
            'type' => 3,
            'validate' => 'isGenericName',
            'required' => true,
            'size' => 32,
          ),
          'iso_code' => 
          array (
            'type' => 3,
            'validate' => 'isLanguageIsoCode',
            'required' => true,
            'size' => 2,
          ),
          'locale' => 
          array (
            'type' => 3,
            'validate' => 'isLocale',
            'size' => 5,
          ),
          'language_code' => 
          array (
            'type' => 3,
            'validate' => 'isLanguageCode',
            'size' => 5,
          ),
          'active' => 
          array (
            'type' => 2,
            'validate' => 'isBool',
          ),
          'is_rtl' => 
          array (
            'type' => 2,
            'validate' => 'isBool',
          ),
          'date_format_lite' => 
          array (
            'type' => 3,
            'validate' => 'isPhpDateFormat',
            'required' => true,
            'size' => 32,
          ),
          'date_format_full' => 
          array (
            'type' => 3,
            'validate' => 'isPhpDateFormat',
            'required' => true,
            'size' => 32,
          ),
        ),
        'classname' => 'Language',
      ),
       'update_fields' => NULL,
       'force_id' => false,
       'name' => 'Nederlands (Dutch)',
       'iso_code' => 'nl',
       'locale' => 'nl-NL',
       'language_code' => 'nl-nl',
       'date_format_lite' => 'd-m-Y',
       'date_format_full' => 'd-m-Y H:i:s',
       'is_rtl' => 0,
       'active' => 1,
       'translationsFilesAndVars' => 
      array (
        'fields' => '_FIELDS',
        'errors' => '_ERRORS',
        'admin' => '_LANGADM',
        'pdf' => '_LANGPDF',
        'tabs' => 'tabs',
      ),
    )),
     'id_shop' => 1,
     'id_shop_list' => 
    array (
    ),
     'get_shop_from_context' => true,
     'table' => 'cart',
     'identifier' => 'id_cart',
     'fieldsRequired' => 
    array (
      0 => 'id_currency',
      1 => 'id_lang',
    ),
     'fieldsSize' => 
    array (
      'secure_key' => 32,
    ),
     'fieldsValidate' => 
    array (
      'id_shop_group' => 'isUnsignedId',
      'id_shop' => 'isUnsignedId',
      'id_address_delivery' => 'isUnsignedId',
      'id_address_invoice' => 'isUnsignedId',
      'id_carrier' => 'isUnsignedId',
      'id_currency' => 'isUnsignedId',
      'id_customer' => 'isUnsignedId',
      'id_guest' => 'isUnsignedId',
      'id_lang' => 'isUnsignedId',
      'recyclable' => 'isBool',
      'gift' => 'isBool',
      'gift_message' => 'isMessage',
      'mobile_theme' => 'isBool',
      'allow_seperated_package' => 'isBool',
      'date_add' => 'isDate',
      'date_upd' => 'isDate',
    ),
     'fieldsRequiredLang' => 
    array (
    ),
     'fieldsSizeLang' => 
    array (
    ),
     'fieldsValidateLang' => 
    array (
    ),
     'tables' => 
    array (
    ),
     'webserviceParameters' => 
    array (
      'fields' => 
      array (
        'id_address_delivery' => 
        array (
          'xlink_resource' => 'addresses',
        ),
        'id_address_invoice' => 
        array (
          'xlink_resource' => 'addresses',
        ),
        'id_currency' => 
        array (
          'xlink_resource' => 'currencies',
        ),
        'id_customer' => 
        array (
          'xlink_resource' => 'customers',
        ),
        'id_guest' => 
        array (
          'xlink_resource' => 'guests',
        ),
        'id_lang' => 
        array (
          'xlink_resource' => 'languages',
        ),
      ),
      'associations' => 
      array (
        'cart_rows' => 
        array (
          'resource' => 'cart_row',
          'virtual_entity' => true,
          'fields' => 
          array (
            'id_product' => 
            array (
              'required' => true,
              'xlink_resource' => 'products',
            ),
            'id_product_attribute' => 
            array (
              'required' => true,
              'xlink_resource' => 'combinations',
            ),
            'id_address_delivery' => 
            array (
              'required' => true,
              'xlink_resource' => 'addresses',
            ),
            'id_customization' => 
            array (
              'required' => false,
              'xlink_resource' => 'customizations',
            ),
            'quantity' => 
            array (
              'required' => true,
            ),
          ),
        ),
      ),
    ),
     'image_dir' => NULL,
     'image_format' => 'jpg',
     'translator' => NULL,
     'def' => 
    array (
      'table' => 'cart',
      'primary' => 'id_cart',
      'fields' => 
      array (
        'id_shop_group' => 
        array (
          'type' => 1,
          'validate' => 'isUnsignedId',
        ),
        'id_shop' => 
        array (
          'type' => 1,
          'validate' => 'isUnsignedId',
        ),
        'id_address_delivery' => 
        array (
          'type' => 1,
          'validate' => 'isUnsignedId',
        ),
        'id_address_invoice' => 
        array (
          'type' => 1,
          'validate' => 'isUnsignedId',
        ),
        'id_carrier' => 
        array (
          'type' => 1,
          'validate' => 'isUnsignedId',
        ),
        'id_currency' => 
        array (
          'type' => 1,
          'validate' => 'isUnsignedId',
          'required' => true,
        ),
        'id_customer' => 
        array (
          'type' => 1,
          'validate' => 'isUnsignedId',
        ),
        'id_guest' => 
        array (
          'type' => 1,
          'validate' => 'isUnsignedId',
        ),
        'id_lang' => 
        array (
          'type' => 1,
          'validate' => 'isUnsignedId',
          'required' => true,
        ),
        'recyclable' => 
        array (
          'type' => 2,
          'validate' => 'isBool',
        ),
        'gift' => 
        array (
          'type' => 2,
          'validate' => 'isBool',
        ),
        'gift_message' => 
        array (
          'type' => 3,
          'validate' => 'isMessage',
        ),
        'mobile_theme' => 
        array (
          'type' => 2,
          'validate' => 'isBool',
        ),
        'delivery_option' => 
        array (
          'type' => 3,
        ),
        'secure_key' => 
        array (
          'type' => 3,
          'size' => 32,
        ),
        'allow_seperated_package' => 
        array (
          'type' => 2,
          'validate' => 'isBool',
        ),
        'date_add' => 
        array (
          'type' => 5,
          'validate' => 'isDate',
        ),
        'date_upd' => 
        array (
          'type' => 5,
          'validate' => 'isDate',
        ),
        'added_to_order' => 
        array (
          'type' => 3,
        ),
      ),
      'classname' => 'Cart',
    ),
     'update_fields' => NULL,
     'force_id' => false,
     'id_shop_group' => 1,
     'id_address_delivery' => 1052,
     'id_address_invoice' => 1052,
     'id_currency' => 1,
     'id_customer' => 666673,
     'id_guest' => 2952,
     'recyclable' => 0,
     'gift' => 0,
     'gift_message' => '',
     'mobile_theme' => 0,
     'date_add' => '2024-05-16 11:27:26',
     'secure_key' => 'dfa60599a75dabe329b3f5b034ec8be6',
     'id_carrier' => 7,
     'date_upd' => '2024-05-16 11:34:59',
     'checkedTos' => false,
     'pictures' => NULL,
     'textFields' => NULL,
     'delivery_option' => '{"1052":"7,"}',
     'allow_seperated_package' => 0,
     '_products' => 
    array (
      0 => 
      array (
        'id_product_attribute' => 69,
        'id_product' => 1040,
        'cart_quantity' => 1,
        'id_shop' => 1,
        'id_customization' => NULL,
        'name' => 'stalen koker 15 x 15 x 2mm',
        'is_virtual' => 0,
        'description_short' => '<p>gebeitst (lichte kleur), (hoogte x breedte x wanddikte), lengte 2 meter</p>',
        'available_now' => '',
        'available_later' => '',
        'id_category_default' => 321,
        'id_supplier' => 3,
        'id_manufacturer' => 0,
        'manufacturer_name' => NULL,
        'on_sale' => 0,
        'ecotax' => '0.000000',
        'additional_shipping_cost' => '0.000000',
        'available_for_order' => 1,
        'show_price' => 1,
        'price' => 7.4,
        'active' => 1,
        'unity' => '',
        'unit_price' => 0.0,
        'quantity_available' => 8599,
        'width' => '0.000000',
        'height' => '0.000000',
        'depth' => '0.000000',
        'out_of_stock' => 1,
        'weight' => 0.055,
        'available_date' => '0000-00-00',
        'date_add' => '2020-06-12 14:19:47',
        'date_upd' => '2023-11-01 15:36:07',
        'quantity' => 1,
        'link_rewrite' => 'stalen-koker-15-x-15-x-2mm',
        'category' => 'koker-vierkant',
        'unique_id' => '0000001040000000006910520',
        'id_address_delivery' => 1052,
        'advanced_stock_management' => 1,
        'supplier_reference' => '',
        'customization_quantity' => NULL,
        'price_attribute' => '0.000000',
        'ecotax_attr' => '0.000000',
        'reference' => 'L1',
        'weight_attribute' => 0.055,
        'ean13' => '',
        'isbn' => '',
        'upc' => '',
        'mpn' => '',
        'minimal_quantity' => 1,
        'wholesale_price' => '2.960000',
        'id_image' => '1040-2028',
        'legend' => 'stalen koker 15 x 15 x 2mm',
        'reduction_type' => 0,
        'is_gift' => false,
        'reduction' => 0.0,
        'reduction_without_tax' => 0.0,
        'price_without_reduction' => 8.954,
        'specific_prices' => false,
        'unit_price_ratio' => 0.0,
        'unit_price_tax_excluded' => 0.0,
        'unit_price_tax_included' => 0.0,
        'stock_quantity' => 8599,
        'price_without_reduction_without_tax' => 7.4,
        'price_with_reduction' => 8.954,
        'price_with_reduction_without_tax' => 7.4,
        'total' => 7.4,
        'total_wt' => 8.95,
        'price_wt' => 8.954,
        'reduction_applies' => false,
        'quantity_discount_applies' => false,
        'allow_oosp' => 1,
        'features' => 
        array (
          0 => 
          array (
            'id_feature' => 17,
            'id_product' => 1040,
            'id_feature_value' => 306,
          ),
          1 => 
          array (
            'id_feature' => 18,
            'id_product' => 1040,
            'id_feature_value' => 309,
          ),
          2 => 
          array (
            'id_feature' => 19,
            'id_product' => 1040,
            'id_feature_value' => 102,
          ),
          3 => 
          array (
            'id_feature' => 23,
            'id_product' => 1040,
            'id_feature_value' => 86,
          ),
          4 => 
          array (
            'id_feature' => 24,
            'id_product' => 1040,
            'id_feature_value' => 82,
          ),
          5 => 
          array (
            'id_feature' => 25,
            'id_product' => 1040,
            'id_feature_value' => 13194,
          ),
          6 => 
          array (
            'id_feature' => 26,
            'id_product' => 1040,
            'id_feature_value' => 87,
          ),
          7 => 
          array (
            'id_feature' => 27,
            'id_product' => 1040,
            'id_feature_value' => 80,
          ),
          8 => 
          array (
            'id_feature' => 28,
            'id_product' => 1040,
            'id_feature_value' => 13195,
          ),
          9 => 
          array (
            'id_feature' => 29,
            'id_product' => 1040,
            'id_feature_value' => 83,
          ),
          10 => 
          array (
            'id_feature' => 30,
            'id_product' => 1040,
            'id_feature_value' => 13196,
          ),
          11 => 
          array (
            'id_feature' => 32,
            'id_product' => 1040,
            'id_feature_value' => 1316,
          ),
          12 => 
          array (
            'id_feature' => 36,
            'id_product' => 1040,
            'id_feature_value' => 13197,
          ),
          13 => 
          array (
            'id_feature' => 36,
            'id_product' => 1040,
            'id_feature_value' => 13198,
          ),
          14 => 
          array (
            'id_feature' => 38,
            'id_product' => 1040,
            'id_feature_value' => 6567,
          ),
          15 => 
          array (
            'id_feature' => 39,
            'id_product' => 1040,
            'id_feature_value' => 13199,
          ),
          16 => 
          array (
            'id_feature' => 45,
            'id_product' => 1040,
            'id_feature_value' => 5851,
          ),
          17 => 
          array (
            'id_feature' => 46,
            'id_product' => 1040,
            'id_feature_value' => 13200,
          ),
          18 => 
          array (
            'id_feature' => 46,
            'id_product' => 1040,
            'id_feature_value' => 13201,
          ),
        ),
        'attributes' => 'Zagen: B',
        'attributes_small' => 'B',
        'rate' => 21.0,
        'tax_name' => 'BTW NL 21%',
      ),
    ),
     '_taxCalculationMethod' => 0,
     'configuration' => 
    PrestaShop\PrestaShop\Adapter\Configuration::__set_state(array(
       'parameters' => NULL,
       'shop' => NULL,
    )),
     'addressFactory' => 
    PrestaShop\PrestaShop\Adapter\AddressFactory::__set_state(array(
    )),
     'shouldSplitGiftProductsQuantity' => false,
     'shouldExcludeGiftsDiscount' => false,
     'added_to_order' => '',
  )),
  'altern' => 1,
)array (
  'object' => 
  CustomerThread::__set_state(array(
     'id' => '57',
     'id_lang' => 1,
     'lang_associated' => NULL,
     'id_shop' => 1,
     'id_shop_list' => 
    array (
    ),
     'get_shop_from_context' => true,
     'table' => 'customer_thread',
     'identifier' => 'id_customer_thread',
     'fieldsRequired' => 
    array (
      0 => 'id_lang',
      1 => 'id_contact',
      2 => 'token',
    ),
     'fieldsSize' => 
    array (
      'email' => 255,
    ),
     'fieldsValidate' => 
    array (
      'id_lang' => 'isUnsignedId',
      'id_contact' => 'isUnsignedId',
      'id_shop' => 'isUnsignedId',
      'id_customer' => 'isUnsignedId',
      'id_order' => 'isUnsignedId',
      'id_product' => 'isUnsignedId',
      'email' => 'isEmail',
      'token' => 'isGenericName',
      'date_add' => 'isDate',
      'date_upd' => 'isDate',
    ),
     'fieldsRequiredLang' => 
    array (
    ),
     'fieldsSizeLang' => 
    array (
    ),
     'fieldsValidateLang' => 
    array (
    ),
     'tables' => 
    array (
    ),
     'webserviceParameters' => 
    array (
      'fields' => 
      array (
        'id_lang' => 
        array (
          'xlink_resource' => 'languages',
        ),
        'id_shop' => 
        array (
          'xlink_resource' => 'shops',
        ),
        'id_customer' => 
        array (
          'xlink_resource' => 'customers',
        ),
        'id_order' => 
        array (
          'xlink_resource' => 'orders',
        ),
        'id_product' => 
        array (
          'xlink_resource' => 'products',
        ),
      ),
      'associations' => 
      array (
        'customer_messages' => 
        array (
          'resource' => 'customer_message',
          'id' => 
          array (
            'required' => true,
          ),
        ),
      ),
    ),
     'image_dir' => NULL,
     'image_format' => 'jpg',
     'translator' => NULL,
     'def' => 
    array (
      'table' => 'customer_thread',
      'primary' => 'id_customer_thread',
      'fields' => 
      array (
        'id_lang' => 
        array (
          'type' => 1,
          'validate' => 'isUnsignedId',
          'required' => true,
        ),
        'id_contact' => 
        array (
          'type' => 1,
          'validate' => 'isUnsignedId',
          'required' => true,
        ),
        'id_shop' => 
        array (
          'type' => 1,
          'validate' => 'isUnsignedId',
        ),
        'id_customer' => 
        array (
          'type' => 1,
          'validate' => 'isUnsignedId',
        ),
        'id_order' => 
        array (
          'type' => 1,
          'validate' => 'isUnsignedId',
        ),
        'id_product' => 
        array (
          'type' => 1,
          'validate' => 'isUnsignedId',
        ),
        'email' => 
        array (
          'type' => 3,
          'validate' => 'isEmail',
          'size' => 255,
        ),
        'token' => 
        array (
          'type' => 3,
          'validate' => 'isGenericName',
          'required' => true,
        ),
        'status' => 
        array (
          'type' => 3,
        ),
        'date_add' => 
        array (
          'type' => 5,
          'validate' => 'isDate',
        ),
        'date_upd' => 
        array (
          'type' => 5,
          'validate' => 'isDate',
        ),
      ),
      'classname' => 'CustomerThread',
    ),
     'update_fields' => NULL,
     'force_id' => false,
     'id_contact' => 0,
     'id_customer' => 666673,
     'id_order' => 732,
     'id_product' => NULL,
     'status' => 'open',
     'email' => 'pppppp@ppp.pp',
     'token' => 'YMO4ZjXp03bC',
     'date_add' => '2024-05-17 08:29:25',
     'date_upd' => '2024-05-17 08:29:25',
  )),
  'cookie' => 
  Cookie::__set_state(array(
     '_content' => 
    array (
      'date_add' => '2024-05-17 08:10:17',
      'id_lang' => '1',
      'price_vat_settings_incl' => 'true',
      'id_currency' => 1,
      'wk_webp_safari' => 0,
      'id_customer' => '4',
      'customer_lastname' => 'Stoker',
      'customer_firstname' => 'jelmer',
      'passwd' => '$2y$10$27puIXuzbzn4xyX4RRAtV../pIpEdUUpbgOrpPNaVvzIwqrq5ArZi',
      'logged' => '1',
      'email' => 'jelmer@ijzershop.nl',
      'is_guest' => '',
      'id_guest' => '2952',
      'session_id' => '318',
      'session_token' => '18b8df5ef48f969dac385b683ab391356c758668',
      'last_visited_category' => '321',
      'id_cart' => '15858',
      'checksum' => '8a16a2bfae63c6d57fcee46b1920b8b70455724bd2287c191cfde95e4200cb66',
      'selected_customer_secure_key' => 'd7f044ef1143c6e871384ddd60a34fad',
      'selected_customer_customer_firstname' => 'pppppp',
      'selected_customer_customer_lastname' => 'ppppp',
      'selected_customer_id_customer' => 666673,
      'selected_customer_email' => 'pppppp@ppp.pp',
      'on_credit_reference' => '',
      'on_credit_buyer' => '',
    ),
     '_name' => 'PrestaShop-7a6284c5161ca69f9f431d50b1a8802b',
     '_expire' => 1717655361,
     '_domain' => 'ijzershop8.local',
     '_sameSite' => 'Lax',
     '_path' => '/',
     'cipherTool' => 
    PhpEncryption::__set_state(array(
    )),
     '_modified' => true,
     '_allow_writing' => true,
     '_salt' => 'RYitkuu1',
     '_standalone' => false,
     '_secure' => true,
     'session' => 
    CustomerSession::__set_state(array(
       'id' => 318,
       'id_lang' => NULL,
       'lang_associated' => NULL,
       'id_shop' => NULL,
       'id_shop_list' => 
      array (
      ),
       'get_shop_from_context' => true,
       'table' => 'customer_session',
       'identifier' => 'id_customer_session',
       'fieldsRequired' => 
      array (
        0 => 'id_customer',
      ),
       'fieldsSize' => 
      array (
        'token' => 40,
      ),
       'fieldsValidate' => 
      array (
        'id_customer' => 'isUnsignedId',
        'token' => 'isSha1',
        'date_upd' => 'isDate',
        'date_add' => 'isDate',
      ),
       'fieldsRequiredLang' => 
      array (
      ),
       'fieldsSizeLang' => 
      array (
      ),
       'fieldsValidateLang' => 
      array (
      ),
       'tables' => 
      array (
      ),
       'webserviceParameters' => 
      array (
      ),
       'image_dir' => NULL,
       'image_format' => 'jpg',
       'translator' => NULL,
       'def' => 
      array (
        'table' => 'customer_session',
        'primary' => 'id_customer_session',
        'fields' => 
        array (
          'id_customer' => 
          array (
            'type' => 1,
            'validate' => 'isUnsignedId',
            'required' => true,
          ),
          'token' => 
          array (
            'type' => 3,
            'validate' => 'isSha1',
            'size' => 40,
            'copy_post' => false,
          ),
          'date_upd' => 
          array (
            'type' => 5,
            'validate' => 'isDate',
            'copy_post' => false,
          ),
          'date_add' => 
          array (
            'type' => 5,
            'validate' => 'isDate',
            'copy_post' => false,
          ),
        ),
        'classname' => 'CustomerSession',
      ),
       'update_fields' => NULL,
       'force_id' => false,
       'id_customer' => 4,
       'token' => '18b8df5ef48f969dac385b683ab391356c758668',
       'date_upd' => '2024-05-17 08:29:21',
       'date_add' => '2024-05-17 08:18:28',
    )),
  )),
  'cart' => 
  Cart::__set_state(array(
     'id' => 15858,
     'id_lang' => 1,
     'lang_associated' => 
    Language::__set_state(array(
       'id' => 1,
       'id_lang' => NULL,
       'lang_associated' => NULL,
       'id_shop' => 1,
       'id_shop_list' => 
      array (
      ),
       'get_shop_from_context' => true,
       'table' => 'lang',
       'identifier' => 'id_lang',
       'fieldsRequired' => 
      array (
        0 => 'name',
        1 => 'iso_code',
        2 => 'date_format_lite',
        3 => 'date_format_full',
      ),
       'fieldsSize' => 
      array (
        'name' => 32,
        'iso_code' => 2,
        'locale' => 5,
        'language_code' => 5,
        'date_format_lite' => 32,
        'date_format_full' => 32,
      ),
       'fieldsValidate' => 
      array (
        'name' => 'isGenericName',
        'iso_code' => 'isLanguageIsoCode',
        'locale' => 'isLocale',
        'language_code' => 'isLanguageCode',
        'active' => 'isBool',
        'is_rtl' => 'isBool',
        'date_format_lite' => 'isPhpDateFormat',
        'date_format_full' => 'isPhpDateFormat',
      ),
       'fieldsRequiredLang' => 
      array (
      ),
       'fieldsSizeLang' => 
      array (
      ),
       'fieldsValidateLang' => 
      array (
      ),
       'tables' => 
      array (
      ),
       'webserviceParameters' => 
      array (
        'objectNodeName' => 'language',
        'objectsNodeName' => 'languages',
      ),
       'image_dir' => NULL,
       'image_format' => 'jpg',
       'translator' => NULL,
       'def' => 
      array (
        'table' => 'lang',
        'primary' => 'id_lang',
        'fields' => 
        array (
          'name' => 
          array (
            'type' => 3,
            'validate' => 'isGenericName',
            'required' => true,
            'size' => 32,
          ),
          'iso_code' => 
          array (
            'type' => 3,
            'validate' => 'isLanguageIsoCode',
            'required' => true,
            'size' => 2,
          ),
          'locale' => 
          array (
            'type' => 3,
            'validate' => 'isLocale',
            'size' => 5,
          ),
          'language_code' => 
          array (
            'type' => 3,
            'validate' => 'isLanguageCode',
            'size' => 5,
          ),
          'active' => 
          array (
            'type' => 2,
            'validate' => 'isBool',
          ),
          'is_rtl' => 
          array (
            'type' => 2,
            'validate' => 'isBool',
          ),
          'date_format_lite' => 
          array (
            'type' => 3,
            'validate' => 'isPhpDateFormat',
            'required' => true,
            'size' => 32,
          ),
          'date_format_full' => 
          array (
            'type' => 3,
            'validate' => 'isPhpDateFormat',
            'required' => true,
            'size' => 32,
          ),
        ),
        'classname' => 'Language',
      ),
       'update_fields' => NULL,
       'force_id' => false,
       'name' => 'Nederlands (Dutch)',
       'iso_code' => 'nl',
       'locale' => 'nl-NL',
       'language_code' => 'nl-nl',
       'date_format_lite' => 'd-m-Y',
       'date_format_full' => 'd-m-Y H:i:s',
       'is_rtl' => 0,
       'active' => 1,
       'translationsFilesAndVars' => 
      array (
        'fields' => '_FIELDS',
        'errors' => '_ERRORS',
        'admin' => '_LANGADM',
        'pdf' => '_LANGPDF',
        'tabs' => 'tabs',
      ),
    )),
     'id_shop' => 1,
     'id_shop_list' => 
    array (
    ),
     'get_shop_from_context' => true,
     'table' => 'cart',
     'identifier' => 'id_cart',
     'fieldsRequired' => 
    array (
      0 => 'id_currency',
      1 => 'id_lang',
    ),
     'fieldsSize' => 
    array (
      'secure_key' => 32,
    ),
     'fieldsValidate' => 
    array (
      'id_shop_group' => 'isUnsignedId',
      'id_shop' => 'isUnsignedId',
      'id_address_delivery' => 'isUnsignedId',
      'id_address_invoice' => 'isUnsignedId',
      'id_carrier' => 'isUnsignedId',
      'id_currency' => 'isUnsignedId',
      'id_customer' => 'isUnsignedId',
      'id_guest' => 'isUnsignedId',
      'id_lang' => 'isUnsignedId',
      'recyclable' => 'isBool',
      'gift' => 'isBool',
      'gift_message' => 'isMessage',
      'mobile_theme' => 'isBool',
      'allow_seperated_package' => 'isBool',
      'date_add' => 'isDate',
      'date_upd' => 'isDate',
    ),
     'fieldsRequiredLang' => 
    array (
    ),
     'fieldsSizeLang' => 
    array (
    ),
     'fieldsValidateLang' => 
    array (
    ),
     'tables' => 
    array (
    ),
     'webserviceParameters' => 
    array (
      'fields' => 
      array (
        'id_address_delivery' => 
        array (
          'xlink_resource' => 'addresses',
        ),
        'id_address_invoice' => 
        array (
          'xlink_resource' => 'addresses',
        ),
        'id_currency' => 
        array (
          'xlink_resource' => 'currencies',
        ),
        'id_customer' => 
        array (
          'xlink_resource' => 'customers',
        ),
        'id_guest' => 
        array (
          'xlink_resource' => 'guests',
        ),
        'id_lang' => 
        array (
          'xlink_resource' => 'languages',
        ),
      ),
      'associations' => 
      array (
        'cart_rows' => 
        array (
          'resource' => 'cart_row',
          'virtual_entity' => true,
          'fields' => 
          array (
            'id_product' => 
            array (
              'required' => true,
              'xlink_resource' => 'products',
            ),
            'id_product_attribute' => 
            array (
              'required' => true,
              'xlink_resource' => 'combinations',
            ),
            'id_address_delivery' => 
            array (
              'required' => true,
              'xlink_resource' => 'addresses',
            ),
            'id_customization' => 
            array (
              'required' => false,
              'xlink_resource' => 'customizations',
            ),
            'quantity' => 
            array (
              'required' => true,
            ),
          ),
        ),
      ),
    ),
     'image_dir' => NULL,
     'image_format' => 'jpg',
     'translator' => NULL,
     'def' => 
    array (
      'table' => 'cart',
      'primary' => 'id_cart',
      'fields' => 
      array (
        'id_shop_group' => 
        array (
          'type' => 1,
          'validate' => 'isUnsignedId',
        ),
        'id_shop' => 
        array (
          'type' => 1,
          'validate' => 'isUnsignedId',
        ),
        'id_address_delivery' => 
        array (
          'type' => 1,
          'validate' => 'isUnsignedId',
        ),
        'id_address_invoice' => 
        array (
          'type' => 1,
          'validate' => 'isUnsignedId',
        ),
        'id_carrier' => 
        array (
          'type' => 1,
          'validate' => 'isUnsignedId',
        ),
        'id_currency' => 
        array (
          'type' => 1,
          'validate' => 'isUnsignedId',
          'required' => true,
        ),
        'id_customer' => 
        array (
          'type' => 1,
          'validate' => 'isUnsignedId',
        ),
        'id_guest' => 
        array (
          'type' => 1,
          'validate' => 'isUnsignedId',
        ),
        'id_lang' => 
        array (
          'type' => 1,
          'validate' => 'isUnsignedId',
          'required' => true,
        ),
        'recyclable' => 
        array (
          'type' => 2,
          'validate' => 'isBool',
        ),
        'gift' => 
        array (
          'type' => 2,
          'validate' => 'isBool',
        ),
        'gift_message' => 
        array (
          'type' => 3,
          'validate' => 'isMessage',
        ),
        'mobile_theme' => 
        array (
          'type' => 2,
          'validate' => 'isBool',
        ),
        'delivery_option' => 
        array (
          'type' => 3,
        ),
        'secure_key' => 
        array (
          'type' => 3,
          'size' => 32,
        ),
        'allow_seperated_package' => 
        array (
          'type' => 2,
          'validate' => 'isBool',
        ),
        'date_add' => 
        array (
          'type' => 5,
          'validate' => 'isDate',
        ),
        'date_upd' => 
        array (
          'type' => 5,
          'validate' => 'isDate',
        ),
        'added_to_order' => 
        array (
          'type' => 3,
        ),
      ),
      'classname' => 'Cart',
    ),
     'update_fields' => NULL,
     'force_id' => false,
     'id_shop_group' => 1,
     'id_address_delivery' => 1052,
     'id_address_invoice' => 1052,
     'id_currency' => 1,
     'id_customer' => 666673,
     'id_guest' => 2952,
     'recyclable' => 0,
     'gift' => 0,
     'gift_message' => '',
     'mobile_theme' => 0,
     'date_add' => '2024-05-17 08:28:24',
     'secure_key' => 'dfa60599a75dabe329b3f5b034ec8be6',
     'id_carrier' => 7,
     'date_upd' => '2024-05-17 08:28:49',
     'checkedTos' => false,
     'pictures' => NULL,
     'textFields' => NULL,
     'delivery_option' => '{"1052":"7,"}',
     'allow_seperated_package' => 0,
     '_products' => 
    array (
      0 => 
      array (
        'id_product_attribute' => 69,
        'id_product' => 1040,
        'cart_quantity' => 1,
        'id_shop' => 1,
        'id_customization' => NULL,
        'name' => 'stalen koker 15 x 15 x 2mm',
        'is_virtual' => 0,
        'description_short' => '<p>gebeitst (lichte kleur), (hoogte x breedte x wanddikte), lengte 2 meter</p>',
        'available_now' => '',
        'available_later' => '',
        'id_category_default' => 321,
        'id_supplier' => 3,
        'id_manufacturer' => 0,
        'manufacturer_name' => NULL,
        'on_sale' => 0,
        'ecotax' => '0.000000',
        'additional_shipping_cost' => '0.000000',
        'available_for_order' => 1,
        'show_price' => 1,
        'price' => 7.4,
        'active' => 1,
        'unity' => '',
        'unit_price' => 0.0,
        'quantity_available' => 8597,
        'width' => '0.000000',
        'height' => '0.000000',
        'depth' => '0.000000',
        'out_of_stock' => 1,
        'weight' => 0.055,
        'available_date' => '0000-00-00',
        'date_add' => '2020-06-12 14:19:47',
        'date_upd' => '2023-11-01 15:36:07',
        'quantity' => 1,
        'link_rewrite' => 'stalen-koker-15-x-15-x-2mm',
        'category' => 'koker-vierkant',
        'unique_id' => '0000001040000000006910520',
        'id_address_delivery' => 1052,
        'advanced_stock_management' => 1,
        'supplier_reference' => '',
        'customization_quantity' => NULL,
        'price_attribute' => '0.000000',
        'ecotax_attr' => '0.000000',
        'reference' => 'L1',
        'weight_attribute' => 0.055,
        'ean13' => '',
        'isbn' => '',
        'upc' => '',
        'mpn' => '',
        'minimal_quantity' => 1,
        'wholesale_price' => '2.960000',
        'id_image' => '1040-2028',
        'legend' => 'stalen koker 15 x 15 x 2mm',
        'reduction_type' => 0,
        'is_gift' => false,
        'reduction' => 0.0,
        'reduction_without_tax' => 0.0,
        'price_without_reduction' => 8.954,
        'specific_prices' => false,
        'unit_price_ratio' => 0.0,
        'unit_price_tax_excluded' => 0.0,
        'unit_price_tax_included' => 0.0,
        'stock_quantity' => 8597,
        'price_without_reduction_without_tax' => 7.4,
        'price_with_reduction' => 8.954,
        'price_with_reduction_without_tax' => 7.4,
        'total' => 7.4,
        'total_wt' => 8.95,
        'price_wt' => 8.954,
        'reduction_applies' => false,
        'quantity_discount_applies' => false,
        'allow_oosp' => 1,
        'features' => 
        array (
          0 => 
          array (
            'id_feature' => 17,
            'id_product' => 1040,
            'id_feature_value' => 306,
          ),
          1 => 
          array (
            'id_feature' => 18,
            'id_product' => 1040,
            'id_feature_value' => 309,
          ),
          2 => 
          array (
            'id_feature' => 19,
            'id_product' => 1040,
            'id_feature_value' => 102,
          ),
          3 => 
          array (
            'id_feature' => 23,
            'id_product' => 1040,
            'id_feature_value' => 86,
          ),
          4 => 
          array (
            'id_feature' => 24,
            'id_product' => 1040,
            'id_feature_value' => 82,
          ),
          5 => 
          array (
            'id_feature' => 25,
            'id_product' => 1040,
            'id_feature_value' => 13194,
          ),
          6 => 
          array (
            'id_feature' => 26,
            'id_product' => 1040,
            'id_feature_value' => 87,
          ),
          7 => 
          array (
            'id_feature' => 27,
            'id_product' => 1040,
            'id_feature_value' => 80,
          ),
          8 => 
          array (
            'id_feature' => 28,
            'id_product' => 1040,
            'id_feature_value' => 13195,
          ),
          9 => 
          array (
            'id_feature' => 29,
            'id_product' => 1040,
            'id_feature_value' => 83,
          ),
          10 => 
          array (
            'id_feature' => 30,
            'id_product' => 1040,
            'id_feature_value' => 13196,
          ),
          11 => 
          array (
            'id_feature' => 32,
            'id_product' => 1040,
            'id_feature_value' => 1316,
          ),
          12 => 
          array (
            'id_feature' => 36,
            'id_product' => 1040,
            'id_feature_value' => 13197,
          ),
          13 => 
          array (
            'id_feature' => 36,
            'id_product' => 1040,
            'id_feature_value' => 13198,
          ),
          14 => 
          array (
            'id_feature' => 38,
            'id_product' => 1040,
            'id_feature_value' => 6567,
          ),
          15 => 
          array (
            'id_feature' => 39,
            'id_product' => 1040,
            'id_feature_value' => 13199,
          ),
          16 => 
          array (
            'id_feature' => 45,
            'id_product' => 1040,
            'id_feature_value' => 5851,
          ),
          17 => 
          array (
            'id_feature' => 46,
            'id_product' => 1040,
            'id_feature_value' => 13200,
          ),
          18 => 
          array (
            'id_feature' => 46,
            'id_product' => 1040,
            'id_feature_value' => 13201,
          ),
        ),
        'attributes' => 'Zagen: B',
        'attributes_small' => 'B',
        'rate' => 21.0,
        'tax_name' => 'BTW NL 21%',
      ),
    ),
     '_taxCalculationMethod' => 0,
     'configuration' => 
    PrestaShop\PrestaShop\Adapter\Configuration::__set_state(array(
       'parameters' => NULL,
       'shop' => NULL,
    )),
     'addressFactory' => 
    PrestaShop\PrestaShop\Adapter\AddressFactory::__set_state(array(
    )),
     'shouldSplitGiftProductsQuantity' => false,
     'shouldExcludeGiftsDiscount' => false,
     'added_to_order' => '',
  )),
  'altern' => 1,
)array (
  'object' => 
  CustomerThread::__set_state(array(
     'id' => '58',
     'id_lang' => 1,
     'lang_associated' => NULL,
     'id_shop' => 1,
     'id_shop_list' => 
    array (
    ),
     'get_shop_from_context' => true,
     'table' => 'customer_thread',
     'identifier' => 'id_customer_thread',
     'fieldsRequired' => 
    array (
      0 => 'id_lang',
      1 => 'id_contact',
      2 => 'token',
    ),
     'fieldsSize' => 
    array (
      'email' => 255,
    ),
     'fieldsValidate' => 
    array (
      'id_lang' => 'isUnsignedId',
      'id_contact' => 'isUnsignedId',
      'id_shop' => 'isUnsignedId',
      'id_customer' => 'isUnsignedId',
      'id_order' => 'isUnsignedId',
      'id_product' => 'isUnsignedId',
      'email' => 'isEmail',
      'token' => 'isGenericName',
      'date_add' => 'isDate',
      'date_upd' => 'isDate',
    ),
     'fieldsRequiredLang' => 
    array (
    ),
     'fieldsSizeLang' => 
    array (
    ),
     'fieldsValidateLang' => 
    array (
    ),
     'tables' => 
    array (
    ),
     'webserviceParameters' => 
    array (
      'fields' => 
      array (
        'id_lang' => 
        array (
          'xlink_resource' => 'languages',
        ),
        'id_shop' => 
        array (
          'xlink_resource' => 'shops',
        ),
        'id_customer' => 
        array (
          'xlink_resource' => 'customers',
        ),
        'id_order' => 
        array (
          'xlink_resource' => 'orders',
        ),
        'id_product' => 
        array (
          'xlink_resource' => 'products',
        ),
      ),
      'associations' => 
      array (
        'customer_messages' => 
        array (
          'resource' => 'customer_message',
          'id' => 
          array (
            'required' => true,
          ),
        ),
      ),
    ),
     'image_dir' => NULL,
     'image_format' => 'jpg',
     'translator' => NULL,
     'def' => 
    array (
      'table' => 'customer_thread',
      'primary' => 'id_customer_thread',
      'fields' => 
      array (
        'id_lang' => 
        array (
          'type' => 1,
          'validate' => 'isUnsignedId',
          'required' => true,
        ),
        'id_contact' => 
        array (
          'type' => 1,
          'validate' => 'isUnsignedId',
          'required' => true,
        ),
        'id_shop' => 
        array (
          'type' => 1,
          'validate' => 'isUnsignedId',
        ),
        'id_customer' => 
        array (
          'type' => 1,
          'validate' => 'isUnsignedId',
        ),
        'id_order' => 
        array (
          'type' => 1,
          'validate' => 'isUnsignedId',
        ),
        'id_product' => 
        array (
          'type' => 1,
          'validate' => 'isUnsignedId',
        ),
        'email' => 
        array (
          'type' => 3,
          'validate' => 'isEmail',
          'size' => 255,
        ),
        'token' => 
        array (
          'type' => 3,
          'validate' => 'isGenericName',
          'required' => true,
        ),
        'status' => 
        array (
          'type' => 3,
        ),
        'date_add' => 
        array (
          'type' => 5,
          'validate' => 'isDate',
        ),
        'date_upd' => 
        array (
          'type' => 5,
          'validate' => 'isDate',
        ),
      ),
      'classname' => 'CustomerThread',
    ),
     'update_fields' => NULL,
     'force_id' => false,
     'id_contact' => 0,
     'id_customer' => 666673,
     'id_order' => 734,
     'id_product' => NULL,
     'status' => 'open',
     'email' => 'pppppp@ppp.pp',
     'token' => 'syKVMvkWKji2',
     'date_add' => '2024-05-17 10:57:54',
     'date_upd' => '2024-05-17 10:57:54',
  )),
  'cookie' => 
  Cookie::__set_state(array(
     '_content' => 
    array (
      'date_add' => '2024-05-17 10:54:54',
      'id_lang' => '1',
      'price_vat_settings_incl' => 'true',
      'id_currency' => 1,
      'wk_webp_safari' => 0,
      'id_cart' => '15864',
      'id_customer' => '4',
      'customer_lastname' => 'Stoker',
      'customer_firstname' => 'jelmer',
      'passwd' => '$2y$10$27puIXuzbzn4xyX4RRAtV../pIpEdUUpbgOrpPNaVvzIwqrq5ArZi',
      'logged' => '1',
      'email' => 'jelmer@ijzershop.nl',
      'is_guest' => '',
      'id_guest' => '2952',
      'session_id' => '320',
      'session_token' => '382f946a54169798e46f36cb35260f06e2a8886c',
      'checksum' => '2811898d17c9fbf431e04fd939e1a0c8621f9038284bacf308274042b796e82c',
      'selected_customer_secure_key' => 'd7f044ef1143c6e871384ddd60a34fad',
      'selected_customer_customer_firstname' => 'pppppp',
      'selected_customer_customer_lastname' => 'ppppp',
      'selected_customer_id_customer' => 666673,
      'selected_customer_email' => 'pppppp@ppp.pp',
      'on_credit_reference' => '',
      'on_credit_buyer' => '',
    ),
     '_name' => 'PrestaShop-7a6284c5161ca69f9f431d50b1a8802b',
     '_expire' => 1717664267,
     '_domain' => 'ijzershop8.local',
     '_sameSite' => 'Lax',
     '_path' => '/',
     'cipherTool' => 
    PhpEncryption::__set_state(array(
    )),
     '_modified' => true,
     '_allow_writing' => true,
     '_salt' => 'RYitkuu1',
     '_standalone' => false,
     '_secure' => true,
     'session' => 
    CustomerSession::__set_state(array(
       'id' => 320,
       'id_lang' => NULL,
       'lang_associated' => NULL,
       'id_shop' => NULL,
       'id_shop_list' => 
      array (
      ),
       'get_shop_from_context' => true,
       'table' => 'customer_session',
       'identifier' => 'id_customer_session',
       'fieldsRequired' => 
      array (
        0 => 'id_customer',
      ),
       'fieldsSize' => 
      array (
        'token' => 40,
      ),
       'fieldsValidate' => 
      array (
        'id_customer' => 'isUnsignedId',
        'token' => 'isSha1',
        'date_upd' => 'isDate',
        'date_add' => 'isDate',
      ),
       'fieldsRequiredLang' => 
      array (
      ),
       'fieldsSizeLang' => 
      array (
      ),
       'fieldsValidateLang' => 
      array (
      ),
       'tables' => 
      array (
      ),
       'webserviceParameters' => 
      array (
      ),
       'image_dir' => NULL,
       'image_format' => 'jpg',
       'translator' => NULL,
       'def' => 
      array (
        'table' => 'customer_session',
        'primary' => 'id_customer_session',
        'fields' => 
        array (
          'id_customer' => 
          array (
            'type' => 1,
            'validate' => 'isUnsignedId',
            'required' => true,
          ),
          'token' => 
          array (
            'type' => 3,
            'validate' => 'isSha1',
            'size' => 40,
            'copy_post' => false,
          ),
          'date_upd' => 
          array (
            'type' => 5,
            'validate' => 'isDate',
            'copy_post' => false,
          ),
          'date_add' => 
          array (
            'type' => 5,
            'validate' => 'isDate',
            'copy_post' => false,
          ),
        ),
        'classname' => 'CustomerSession',
      ),
       'update_fields' => NULL,
       'force_id' => false,
       'id_customer' => 4,
       'token' => '382f946a54169798e46f36cb35260f06e2a8886c',
       'date_upd' => '2024-05-17 10:57:47',
       'date_add' => '2024-05-17 10:56:31',
    )),
  )),
  'cart' => 
  Cart::__set_state(array(
     'id' => 15864,
     'id_lang' => 1,
     'lang_associated' => 
    Language::__set_state(array(
       'id' => 1,
       'id_lang' => NULL,
       'lang_associated' => NULL,
       'id_shop' => 1,
       'id_shop_list' => 
      array (
      ),
       'get_shop_from_context' => true,
       'table' => 'lang',
       'identifier' => 'id_lang',
       'fieldsRequired' => 
      array (
        0 => 'name',
        1 => 'iso_code',
        2 => 'date_format_lite',
        3 => 'date_format_full',
      ),
       'fieldsSize' => 
      array (
        'name' => 32,
        'iso_code' => 2,
        'locale' => 5,
        'language_code' => 5,
        'date_format_lite' => 32,
        'date_format_full' => 32,
      ),
       'fieldsValidate' => 
      array (
        'name' => 'isGenericName',
        'iso_code' => 'isLanguageIsoCode',
        'locale' => 'isLocale',
        'language_code' => 'isLanguageCode',
        'active' => 'isBool',
        'is_rtl' => 'isBool',
        'date_format_lite' => 'isPhpDateFormat',
        'date_format_full' => 'isPhpDateFormat',
      ),
       'fieldsRequiredLang' => 
      array (
      ),
       'fieldsSizeLang' => 
      array (
      ),
       'fieldsValidateLang' => 
      array (
      ),
       'tables' => 
      array (
      ),
       'webserviceParameters' => 
      array (
        'objectNodeName' => 'language',
        'objectsNodeName' => 'languages',
      ),
       'image_dir' => NULL,
       'image_format' => 'jpg',
       'translator' => NULL,
       'def' => 
      array (
        'table' => 'lang',
        'primary' => 'id_lang',
        'fields' => 
        array (
          'name' => 
          array (
            'type' => 3,
            'validate' => 'isGenericName',
            'required' => true,
            'size' => 32,
          ),
          'iso_code' => 
          array (
            'type' => 3,
            'validate' => 'isLanguageIsoCode',
            'required' => true,
            'size' => 2,
          ),
          'locale' => 
          array (
            'type' => 3,
            'validate' => 'isLocale',
            'size' => 5,
          ),
          'language_code' => 
          array (
            'type' => 3,
            'validate' => 'isLanguageCode',
            'size' => 5,
          ),
          'active' => 
          array (
            'type' => 2,
            'validate' => 'isBool',
          ),
          'is_rtl' => 
          array (
            'type' => 2,
            'validate' => 'isBool',
          ),
          'date_format_lite' => 
          array (
            'type' => 3,
            'validate' => 'isPhpDateFormat',
            'required' => true,
            'size' => 32,
          ),
          'date_format_full' => 
          array (
            'type' => 3,
            'validate' => 'isPhpDateFormat',
            'required' => true,
            'size' => 32,
          ),
        ),
        'classname' => 'Language',
      ),
       'update_fields' => NULL,
       'force_id' => false,
       'name' => 'Nederlands (Dutch)',
       'iso_code' => 'nl',
       'locale' => 'nl-NL',
       'language_code' => 'nl-nl',
       'date_format_lite' => 'd-m-Y',
       'date_format_full' => 'd-m-Y H:i:s',
       'is_rtl' => 0,
       'active' => 1,
       'translationsFilesAndVars' => 
      array (
        'fields' => '_FIELDS',
        'errors' => '_ERRORS',
        'admin' => '_LANGADM',
        'pdf' => '_LANGPDF',
        'tabs' => 'tabs',
      ),
    )),
     'id_shop' => 1,
     'id_shop_list' => 
    array (
    ),
     'get_shop_from_context' => true,
     'table' => 'cart',
     'identifier' => 'id_cart',
     'fieldsRequired' => 
    array (
      0 => 'id_currency',
      1 => 'id_lang',
    ),
     'fieldsSize' => 
    array (
      'secure_key' => 32,
    ),
     'fieldsValidate' => 
    array (
      'id_shop_group' => 'isUnsignedId',
      'id_shop' => 'isUnsignedId',
      'id_address_delivery' => 'isUnsignedId',
      'id_address_invoice' => 'isUnsignedId',
      'id_carrier' => 'isUnsignedId',
      'id_currency' => 'isUnsignedId',
      'id_customer' => 'isUnsignedId',
      'id_guest' => 'isUnsignedId',
      'id_lang' => 'isUnsignedId',
      'recyclable' => 'isBool',
      'gift' => 'isBool',
      'gift_message' => 'isMessage',
      'mobile_theme' => 'isBool',
      'allow_seperated_package' => 'isBool',
      'date_add' => 'isDate',
      'date_upd' => 'isDate',
    ),
     'fieldsRequiredLang' => 
    array (
    ),
     'fieldsSizeLang' => 
    array (
    ),
     'fieldsValidateLang' => 
    array (
    ),
     'tables' => 
    array (
    ),
     'webserviceParameters' => 
    array (
      'fields' => 
      array (
        'id_address_delivery' => 
        array (
          'xlink_resource' => 'addresses',
        ),
        'id_address_invoice' => 
        array (
          'xlink_resource' => 'addresses',
        ),
        'id_currency' => 
        array (
          'xlink_resource' => 'currencies',
        ),
        'id_customer' => 
        array (
          'xlink_resource' => 'customers',
        ),
        'id_guest' => 
        array (
          'xlink_resource' => 'guests',
        ),
        'id_lang' => 
        array (
          'xlink_resource' => 'languages',
        ),
      ),
      'associations' => 
      array (
        'cart_rows' => 
        array (
          'resource' => 'cart_row',
          'virtual_entity' => true,
          'fields' => 
          array (
            'id_product' => 
            array (
              'required' => true,
              'xlink_resource' => 'products',
            ),
            'id_product_attribute' => 
            array (
              'required' => true,
              'xlink_resource' => 'combinations',
            ),
            'id_address_delivery' => 
            array (
              'required' => true,
              'xlink_resource' => 'addresses',
            ),
            'id_customization' => 
            array (
              'required' => false,
              'xlink_resource' => 'customizations',
            ),
            'quantity' => 
            array (
              'required' => true,
            ),
          ),
        ),
      ),
    ),
     'image_dir' => NULL,
     'image_format' => 'jpg',
     'translator' => NULL,
     'def' => 
    array (
      'table' => 'cart',
      'primary' => 'id_cart',
      'fields' => 
      array (
        'id_shop_group' => 
        array (
          'type' => 1,
          'validate' => 'isUnsignedId',
        ),
        'id_shop' => 
        array (
          'type' => 1,
          'validate' => 'isUnsignedId',
        ),
        'id_address_delivery' => 
        array (
          'type' => 1,
          'validate' => 'isUnsignedId',
        ),
        'id_address_invoice' => 
        array (
          'type' => 1,
          'validate' => 'isUnsignedId',
        ),
        'id_carrier' => 
        array (
          'type' => 1,
          'validate' => 'isUnsignedId',
        ),
        'id_currency' => 
        array (
          'type' => 1,
          'validate' => 'isUnsignedId',
          'required' => true,
        ),
        'id_customer' => 
        array (
          'type' => 1,
          'validate' => 'isUnsignedId',
        ),
        'id_guest' => 
        array (
          'type' => 1,
          'validate' => 'isUnsignedId',
        ),
        'id_lang' => 
        array (
          'type' => 1,
          'validate' => 'isUnsignedId',
          'required' => true,
        ),
        'recyclable' => 
        array (
          'type' => 2,
          'validate' => 'isBool',
        ),
        'gift' => 
        array (
          'type' => 2,
          'validate' => 'isBool',
        ),
        'gift_message' => 
        array (
          'type' => 3,
          'validate' => 'isMessage',
        ),
        'mobile_theme' => 
        array (
          'type' => 2,
          'validate' => 'isBool',
        ),
        'delivery_option' => 
        array (
          'type' => 3,
        ),
        'secure_key' => 
        array (
          'type' => 3,
          'size' => 32,
        ),
        'allow_seperated_package' => 
        array (
          'type' => 2,
          'validate' => 'isBool',
        ),
        'date_add' => 
        array (
          'type' => 5,
          'validate' => 'isDate',
        ),
        'date_upd' => 
        array (
          'type' => 5,
          'validate' => 'isDate',
        ),
        'added_to_order' => 
        array (
          'type' => 3,
        ),
      ),
      'classname' => 'Cart',
    ),
     'update_fields' => NULL,
     'force_id' => false,
     'id_shop_group' => 1,
     'id_address_delivery' => 1052,
     'id_address_invoice' => 1052,
     'id_currency' => 1,
     'id_customer' => 666673,
     'id_guest' => 2952,
     'recyclable' => 0,
     'gift' => 0,
     'gift_message' => '',
     'mobile_theme' => 0,
     'date_add' => '2024-05-17 10:55:18',
     'secure_key' => 'dfa60599a75dabe329b3f5b034ec8be6',
     'id_carrier' => 7,
     'date_upd' => '2024-05-17 10:57:20',
     'checkedTos' => false,
     'pictures' => NULL,
     'textFields' => NULL,
     'delivery_option' => '{"1052":"7,"}',
     'allow_seperated_package' => 0,
     '_products' => 
    array (
      0 => 
      array (
        'id_product_attribute' => 69,
        'id_product' => 1040,
        'cart_quantity' => 1,
        'id_shop' => 1,
        'id_customization' => NULL,
        'name' => 'stalen koker 15 x 15 x 2mm',
        'is_virtual' => 0,
        'description_short' => '<p>gebeitst (lichte kleur), (hoogte x breedte x wanddikte), lengte 2 meter</p>',
        'available_now' => '',
        'available_later' => '',
        'id_category_default' => 321,
        'id_supplier' => 3,
        'id_manufacturer' => 0,
        'manufacturer_name' => NULL,
        'on_sale' => 0,
        'ecotax' => '0.000000',
        'additional_shipping_cost' => '0.000000',
        'available_for_order' => 1,
        'show_price' => 1,
        'price' => 7.4,
        'active' => 1,
        'unity' => '',
        'unit_price' => 0.0,
        'quantity_available' => 8595,
        'width' => '0.000000',
        'height' => '0.000000',
        'depth' => '0.000000',
        'out_of_stock' => 1,
        'weight' => 0.055,
        'available_date' => '0000-00-00',
        'date_add' => '2020-06-12 14:19:47',
        'date_upd' => '2023-11-01 15:36:07',
        'quantity' => 1,
        'link_rewrite' => 'stalen-koker-15-x-15-x-2mm',
        'category' => 'koker-vierkant',
        'unique_id' => '0000001040000000006910520',
        'id_address_delivery' => 1052,
        'advanced_stock_management' => 1,
        'supplier_reference' => '',
        'customization_quantity' => NULL,
        'price_attribute' => '0.000000',
        'ecotax_attr' => '0.000000',
        'reference' => 'L1',
        'weight_attribute' => 0.055,
        'ean13' => '',
        'isbn' => '',
        'upc' => '',
        'mpn' => '',
        'minimal_quantity' => 1,
        'wholesale_price' => '2.960000',
        'id_image' => '1040-2028',
        'legend' => 'stalen koker 15 x 15 x 2mm',
        'reduction_type' => 0,
        'is_gift' => false,
        'reduction' => 0.0,
        'reduction_without_tax' => 0.0,
        'price_without_reduction' => 8.954,
        'specific_prices' => false,
        'unit_price_ratio' => 0.0,
        'unit_price_tax_excluded' => 0.0,
        'unit_price_tax_included' => 0.0,
        'stock_quantity' => 8595,
        'price_without_reduction_without_tax' => 7.4,
        'price_with_reduction' => 8.954,
        'price_with_reduction_without_tax' => 7.4,
        'total' => 7.4,
        'total_wt' => 8.95,
        'price_wt' => 8.954,
        'reduction_applies' => false,
        'quantity_discount_applies' => false,
        'allow_oosp' => 1,
        'features' => 
        array (
          0 => 
          array (
            'id_feature' => 17,
            'id_product' => 1040,
            'id_feature_value' => 306,
          ),
          1 => 
          array (
            'id_feature' => 18,
            'id_product' => 1040,
            'id_feature_value' => 309,
          ),
          2 => 
          array (
            'id_feature' => 19,
            'id_product' => 1040,
            'id_feature_value' => 102,
          ),
          3 => 
          array (
            'id_feature' => 23,
            'id_product' => 1040,
            'id_feature_value' => 86,
          ),
          4 => 
          array (
            'id_feature' => 24,
            'id_product' => 1040,
            'id_feature_value' => 82,
          ),
          5 => 
          array (
            'id_feature' => 25,
            'id_product' => 1040,
            'id_feature_value' => 13194,
          ),
          6 => 
          array (
            'id_feature' => 26,
            'id_product' => 1040,
            'id_feature_value' => 87,
          ),
          7 => 
          array (
            'id_feature' => 27,
            'id_product' => 1040,
            'id_feature_value' => 80,
          ),
          8 => 
          array (
            'id_feature' => 28,
            'id_product' => 1040,
            'id_feature_value' => 13195,
          ),
          9 => 
          array (
            'id_feature' => 29,
            'id_product' => 1040,
            'id_feature_value' => 83,
          ),
          10 => 
          array (
            'id_feature' => 30,
            'id_product' => 1040,
            'id_feature_value' => 13196,
          ),
          11 => 
          array (
            'id_feature' => 32,
            'id_product' => 1040,
            'id_feature_value' => 1316,
          ),
          12 => 
          array (
            'id_feature' => 36,
            'id_product' => 1040,
            'id_feature_value' => 13197,
          ),
          13 => 
          array (
            'id_feature' => 36,
            'id_product' => 1040,
            'id_feature_value' => 13198,
          ),
          14 => 
          array (
            'id_feature' => 38,
            'id_product' => 1040,
            'id_feature_value' => 6567,
          ),
          15 => 
          array (
            'id_feature' => 39,
            'id_product' => 1040,
            'id_feature_value' => 13199,
          ),
          16 => 
          array (
            'id_feature' => 45,
            'id_product' => 1040,
            'id_feature_value' => 5851,
          ),
          17 => 
          array (
            'id_feature' => 46,
            'id_product' => 1040,
            'id_feature_value' => 13200,
          ),
          18 => 
          array (
            'id_feature' => 46,
            'id_product' => 1040,
            'id_feature_value' => 13201,
          ),
        ),
        'attributes' => 'Zagen: B',
        'attributes_small' => 'B',
        'rate' => 21.0,
        'tax_name' => 'BTW NL 21%',
      ),
    ),
     '_taxCalculationMethod' => 0,
     'configuration' => 
    PrestaShop\PrestaShop\Adapter\Configuration::__set_state(array(
       'parameters' => NULL,
       'shop' => NULL,
    )),
     'addressFactory' => 
    PrestaShop\PrestaShop\Adapter\AddressFactory::__set_state(array(
    )),
     'shouldSplitGiftProductsQuantity' => false,
     'shouldExcludeGiftsDiscount' => false,
     'added_to_order' => '',
  )),
  'altern' => 1,
)array (
  'object' => 
  CustomerThread::__set_state(array(
     'id' => '59',
     'id_lang' => 1,
     'lang_associated' => NULL,
     'id_shop' => 1,
     'id_shop_list' => 
    array (
    ),
     'get_shop_from_context' => true,
     'table' => 'customer_thread',
     'identifier' => 'id_customer_thread',
     'fieldsRequired' => 
    array (
      0 => 'id_lang',
      1 => 'id_contact',
      2 => 'token',
    ),
     'fieldsSize' => 
    array (
      'email' => 255,
    ),
     'fieldsValidate' => 
    array (
      'id_lang' => 'isUnsignedId',
      'id_contact' => 'isUnsignedId',
      'id_shop' => 'isUnsignedId',
      'id_customer' => 'isUnsignedId',
      'id_order' => 'isUnsignedId',
      'id_product' => 'isUnsignedId',
      'email' => 'isEmail',
      'token' => 'isGenericName',
      'date_add' => 'isDate',
      'date_upd' => 'isDate',
    ),
     'fieldsRequiredLang' => 
    array (
    ),
     'fieldsSizeLang' => 
    array (
    ),
     'fieldsValidateLang' => 
    array (
    ),
     'tables' => 
    array (
    ),
     'webserviceParameters' => 
    array (
      'fields' => 
      array (
        'id_lang' => 
        array (
          'xlink_resource' => 'languages',
        ),
        'id_shop' => 
        array (
          'xlink_resource' => 'shops',
        ),
        'id_customer' => 
        array (
          'xlink_resource' => 'customers',
        ),
        'id_order' => 
        array (
          'xlink_resource' => 'orders',
        ),
        'id_product' => 
        array (
          'xlink_resource' => 'products',
        ),
      ),
      'associations' => 
      array (
        'customer_messages' => 
        array (
          'resource' => 'customer_message',
          'id' => 
          array (
            'required' => true,
          ),
        ),
      ),
    ),
     'image_dir' => NULL,
     'image_format' => 'jpg',
     'translator' => NULL,
     'def' => 
    array (
      'table' => 'customer_thread',
      'primary' => 'id_customer_thread',
      'fields' => 
      array (
        'id_lang' => 
        array (
          'type' => 1,
          'validate' => 'isUnsignedId',
          'required' => true,
        ),
        'id_contact' => 
        array (
          'type' => 1,
          'validate' => 'isUnsignedId',
          'required' => true,
        ),
        'id_shop' => 
        array (
          'type' => 1,
          'validate' => 'isUnsignedId',
        ),
        'id_customer' => 
        array (
          'type' => 1,
          'validate' => 'isUnsignedId',
        ),
        'id_order' => 
        array (
          'type' => 1,
          'validate' => 'isUnsignedId',
        ),
        'id_product' => 
        array (
          'type' => 1,
          'validate' => 'isUnsignedId',
        ),
        'email' => 
        array (
          'type' => 3,
          'validate' => 'isEmail',
          'size' => 255,
        ),
        'token' => 
        array (
          'type' => 3,
          'validate' => 'isGenericName',
          'required' => true,
        ),
        'status' => 
        array (
          'type' => 3,
        ),
        'date_add' => 
        array (
          'type' => 5,
          'validate' => 'isDate',
        ),
        'date_upd' => 
        array (
          'type' => 5,
          'validate' => 'isDate',
        ),
      ),
      'classname' => 'CustomerThread',
    ),
     'update_fields' => NULL,
     'force_id' => false,
     'id_contact' => 0,
     'id_customer' => 666673,
     'id_order' => 735,
     'id_product' => NULL,
     'status' => 'open',
     'email' => 'pppppp@ppp.pp',
     'token' => 'x8T2seKK0GBT',
     'date_add' => '2024-05-17 11:01:51',
     'date_upd' => '2024-05-17 11:01:51',
  )),
  'cookie' => 
  Cookie::__set_state(array(
     '_content' => 
    array (
      'date_add' => '2024-05-17 10:54:54',
      'id_lang' => '1',
      'price_vat_settings_incl' => 'true',
      'id_currency' => 1,
      'wk_webp_safari' => 0,
      'id_customer' => '4',
      'customer_lastname' => 'Stoker',
      'customer_firstname' => 'jelmer',
      'passwd' => '$2y$10$27puIXuzbzn4xyX4RRAtV../pIpEdUUpbgOrpPNaVvzIwqrq5ArZi',
      'logged' => '1',
      'email' => 'jelmer@ijzershop.nl',
      'is_guest' => '',
      'id_guest' => '2952',
      'session_id' => '320',
      'session_token' => '382f946a54169798e46f36cb35260f06e2a8886c',
      'selected_customer_secure_key' => 'd7f044ef1143c6e871384ddd60a34fad',
      'selected_customer_customer_firstname' => 'pppppp',
      'selected_customer_customer_lastname' => 'ppppp',
      'selected_customer_id_customer' => 666673,
      'selected_customer_email' => 'pppppp@ppp.pp',
      'on_credit_reference' => '',
      'on_credit_buyer' => '',
      'check_cgv' => '',
      'last_visited_category' => '330',
      'id_cart' => '15868',
      'checksum' => '8779a5d6a71ce52e4f98884a9b88ed6f752873ac155c21562ecc6efe552320c9',
    ),
     '_name' => 'PrestaShop-7a6284c5161ca69f9f431d50b1a8802b',
     '_expire' => 1717664507,
     '_domain' => 'ijzershop8.local',
     '_sameSite' => 'Lax',
     '_path' => '/',
     'cipherTool' => 
    PhpEncryption::__set_state(array(
    )),
     '_modified' => true,
     '_allow_writing' => true,
     '_salt' => 'RYitkuu1',
     '_standalone' => false,
     '_secure' => true,
     'session' => 
    CustomerSession::__set_state(array(
       'id' => 320,
       'id_lang' => NULL,
       'lang_associated' => NULL,
       'id_shop' => NULL,
       'id_shop_list' => 
      array (
      ),
       'get_shop_from_context' => true,
       'table' => 'customer_session',
       'identifier' => 'id_customer_session',
       'fieldsRequired' => 
      array (
        0 => 'id_customer',
      ),
       'fieldsSize' => 
      array (
        'token' => 40,
      ),
       'fieldsValidate' => 
      array (
        'id_customer' => 'isUnsignedId',
        'token' => 'isSha1',
        'date_upd' => 'isDate',
        'date_add' => 'isDate',
      ),
       'fieldsRequiredLang' => 
      array (
      ),
       'fieldsSizeLang' => 
      array (
      ),
       'fieldsValidateLang' => 
      array (
      ),
       'tables' => 
      array (
      ),
       'webserviceParameters' => 
      array (
      ),
       'image_dir' => NULL,
       'image_format' => 'jpg',
       'translator' => NULL,
       'def' => 
      array (
        'table' => 'customer_session',
        'primary' => 'id_customer_session',
        'fields' => 
        array (
          'id_customer' => 
          array (
            'type' => 1,
            'validate' => 'isUnsignedId',
            'required' => true,
          ),
          'token' => 
          array (
            'type' => 3,
            'validate' => 'isSha1',
            'size' => 40,
            'copy_post' => false,
          ),
          'date_upd' => 
          array (
            'type' => 5,
            'validate' => 'isDate',
            'copy_post' => false,
          ),
          'date_add' => 
          array (
            'type' => 5,
            'validate' => 'isDate',
            'copy_post' => false,
          ),
        ),
        'classname' => 'CustomerSession',
      ),
       'update_fields' => NULL,
       'force_id' => false,
       'id_customer' => 4,
       'token' => '382f946a54169798e46f36cb35260f06e2a8886c',
       'date_upd' => '2024-05-17 11:01:47',
       'date_add' => '2024-05-17 10:56:31',
    )),
  )),
  'cart' => 
  Cart::__set_state(array(
     'id' => 15868,
     'id_lang' => 1,
     'lang_associated' => 
    Language::__set_state(array(
       'id' => 1,
       'id_lang' => NULL,
       'lang_associated' => NULL,
       'id_shop' => 1,
       'id_shop_list' => 
      array (
      ),
       'get_shop_from_context' => true,
       'table' => 'lang',
       'identifier' => 'id_lang',
       'fieldsRequired' => 
      array (
        0 => 'name',
        1 => 'iso_code',
        2 => 'date_format_lite',
        3 => 'date_format_full',
      ),
       'fieldsSize' => 
      array (
        'name' => 32,
        'iso_code' => 2,
        'locale' => 5,
        'language_code' => 5,
        'date_format_lite' => 32,
        'date_format_full' => 32,
      ),
       'fieldsValidate' => 
      array (
        'name' => 'isGenericName',
        'iso_code' => 'isLanguageIsoCode',
        'locale' => 'isLocale',
        'language_code' => 'isLanguageCode',
        'active' => 'isBool',
        'is_rtl' => 'isBool',
        'date_format_lite' => 'isPhpDateFormat',
        'date_format_full' => 'isPhpDateFormat',
      ),
       'fieldsRequiredLang' => 
      array (
      ),
       'fieldsSizeLang' => 
      array (
      ),
       'fieldsValidateLang' => 
      array (
      ),
       'tables' => 
      array (
      ),
       'webserviceParameters' => 
      array (
        'objectNodeName' => 'language',
        'objectsNodeName' => 'languages',
      ),
       'image_dir' => NULL,
       'image_format' => 'jpg',
       'translator' => NULL,
       'def' => 
      array (
        'table' => 'lang',
        'primary' => 'id_lang',
        'fields' => 
        array (
          'name' => 
          array (
            'type' => 3,
            'validate' => 'isGenericName',
            'required' => true,
            'size' => 32,
          ),
          'iso_code' => 
          array (
            'type' => 3,
            'validate' => 'isLanguageIsoCode',
            'required' => true,
            'size' => 2,
          ),
          'locale' => 
          array (
            'type' => 3,
            'validate' => 'isLocale',
            'size' => 5,
          ),
          'language_code' => 
          array (
            'type' => 3,
            'validate' => 'isLanguageCode',
            'size' => 5,
          ),
          'active' => 
          array (
            'type' => 2,
            'validate' => 'isBool',
          ),
          'is_rtl' => 
          array (
            'type' => 2,
            'validate' => 'isBool',
          ),
          'date_format_lite' => 
          array (
            'type' => 3,
            'validate' => 'isPhpDateFormat',
            'required' => true,
            'size' => 32,
          ),
          'date_format_full' => 
          array (
            'type' => 3,
            'validate' => 'isPhpDateFormat',
            'required' => true,
            'size' => 32,
          ),
        ),
        'classname' => 'Language',
      ),
       'update_fields' => NULL,
       'force_id' => false,
       'name' => 'Nederlands (Dutch)',
       'iso_code' => 'nl',
       'locale' => 'nl-NL',
       'language_code' => 'nl-nl',
       'date_format_lite' => 'd-m-Y',
       'date_format_full' => 'd-m-Y H:i:s',
       'is_rtl' => 0,
       'active' => 1,
       'translationsFilesAndVars' => 
      array (
        'fields' => '_FIELDS',
        'errors' => '_ERRORS',
        'admin' => '_LANGADM',
        'pdf' => '_LANGPDF',
        'tabs' => 'tabs',
      ),
    )),
     'id_shop' => 1,
     'id_shop_list' => 
    array (
    ),
     'get_shop_from_context' => true,
     'table' => 'cart',
     'identifier' => 'id_cart',
     'fieldsRequired' => 
    array (
      0 => 'id_currency',
      1 => 'id_lang',
    ),
     'fieldsSize' => 
    array (
      'secure_key' => 32,
    ),
     'fieldsValidate' => 
    array (
      'id_shop_group' => 'isUnsignedId',
      'id_shop' => 'isUnsignedId',
      'id_address_delivery' => 'isUnsignedId',
      'id_address_invoice' => 'isUnsignedId',
      'id_carrier' => 'isUnsignedId',
      'id_currency' => 'isUnsignedId',
      'id_customer' => 'isUnsignedId',
      'id_guest' => 'isUnsignedId',
      'id_lang' => 'isUnsignedId',
      'recyclable' => 'isBool',
      'gift' => 'isBool',
      'gift_message' => 'isMessage',
      'mobile_theme' => 'isBool',
      'allow_seperated_package' => 'isBool',
      'date_add' => 'isDate',
      'date_upd' => 'isDate',
    ),
     'fieldsRequiredLang' => 
    array (
    ),
     'fieldsSizeLang' => 
    array (
    ),
     'fieldsValidateLang' => 
    array (
    ),
     'tables' => 
    array (
    ),
     'webserviceParameters' => 
    array (
      'fields' => 
      array (
        'id_address_delivery' => 
        array (
          'xlink_resource' => 'addresses',
        ),
        'id_address_invoice' => 
        array (
          'xlink_resource' => 'addresses',
        ),
        'id_currency' => 
        array (
          'xlink_resource' => 'currencies',
        ),
        'id_customer' => 
        array (
          'xlink_resource' => 'customers',
        ),
        'id_guest' => 
        array (
          'xlink_resource' => 'guests',
        ),
        'id_lang' => 
        array (
          'xlink_resource' => 'languages',
        ),
      ),
      'associations' => 
      array (
        'cart_rows' => 
        array (
          'resource' => 'cart_row',
          'virtual_entity' => true,
          'fields' => 
          array (
            'id_product' => 
            array (
              'required' => true,
              'xlink_resource' => 'products',
            ),
            'id_product_attribute' => 
            array (
              'required' => true,
              'xlink_resource' => 'combinations',
            ),
            'id_address_delivery' => 
            array (
              'required' => true,
              'xlink_resource' => 'addresses',
            ),
            'id_customization' => 
            array (
              'required' => false,
              'xlink_resource' => 'customizations',
            ),
            'quantity' => 
            array (
              'required' => true,
            ),
          ),
        ),
      ),
    ),
     'image_dir' => NULL,
     'image_format' => 'jpg',
     'translator' => NULL,
     'def' => 
    array (
      'table' => 'cart',
      'primary' => 'id_cart',
      'fields' => 
      array (
        'id_shop_group' => 
        array (
          'type' => 1,
          'validate' => 'isUnsignedId',
        ),
        'id_shop' => 
        array (
          'type' => 1,
          'validate' => 'isUnsignedId',
        ),
        'id_address_delivery' => 
        array (
          'type' => 1,
          'validate' => 'isUnsignedId',
        ),
        'id_address_invoice' => 
        array (
          'type' => 1,
          'validate' => 'isUnsignedId',
        ),
        'id_carrier' => 
        array (
          'type' => 1,
          'validate' => 'isUnsignedId',
        ),
        'id_currency' => 
        array (
          'type' => 1,
          'validate' => 'isUnsignedId',
          'required' => true,
        ),
        'id_customer' => 
        array (
          'type' => 1,
          'validate' => 'isUnsignedId',
        ),
        'id_guest' => 
        array (
          'type' => 1,
          'validate' => 'isUnsignedId',
        ),
        'id_lang' => 
        array (
          'type' => 1,
          'validate' => 'isUnsignedId',
          'required' => true,
        ),
        'recyclable' => 
        array (
          'type' => 2,
          'validate' => 'isBool',
        ),
        'gift' => 
        array (
          'type' => 2,
          'validate' => 'isBool',
        ),
        'gift_message' => 
        array (
          'type' => 3,
          'validate' => 'isMessage',
        ),
        'mobile_theme' => 
        array (
          'type' => 2,
          'validate' => 'isBool',
        ),
        'delivery_option' => 
        array (
          'type' => 3,
        ),
        'secure_key' => 
        array (
          'type' => 3,
          'size' => 32,
        ),
        'allow_seperated_package' => 
        array (
          'type' => 2,
          'validate' => 'isBool',
        ),
        'date_add' => 
        array (
          'type' => 5,
          'validate' => 'isDate',
        ),
        'date_upd' => 
        array (
          'type' => 5,
          'validate' => 'isDate',
        ),
        'added_to_order' => 
        array (
          'type' => 3,
        ),
      ),
      'classname' => 'Cart',
    ),
     'update_fields' => NULL,
     'force_id' => false,
     'id_shop_group' => 1,
     'id_address_delivery' => 1052,
     'id_address_invoice' => 1052,
     'id_currency' => 1,
     'id_customer' => 666673,
     'id_guest' => 2952,
     'recyclable' => 0,
     'gift' => 0,
     'gift_message' => '',
     'mobile_theme' => 0,
     'date_add' => '2024-05-17 10:59:28',
     'secure_key' => 'dfa60599a75dabe329b3f5b034ec8be6',
     'id_carrier' => 7,
     'date_upd' => '2024-05-17 11:01:33',
     'checkedTos' => false,
     'pictures' => NULL,
     'textFields' => NULL,
     'delivery_option' => '{"1052":"7,"}',
     'allow_seperated_package' => 0,
     '_products' => 
    array (
      0 => 
      array (
        'id_product_attribute' => 2470,
        'id_product' => 1392,
        'cart_quantity' => 1,
        'id_shop' => 1,
        'id_customization' => NULL,
        'name' => 'Verzinkte stalen  strip 50 x 4mm',
        'is_virtual' => 0,
        'description_short' => '<p>(breedte x dikte), lengte 2 meter, verzinkt</p>',
        'available_now' => '',
        'available_later' => '',
        'id_category_default' => 330,
        'id_supplier' => 0,
        'id_manufacturer' => 0,
        'manufacturer_name' => NULL,
        'on_sale' => 0,
        'ecotax' => '0.000000',
        'additional_shipping_cost' => '0.000000',
        'available_for_order' => 1,
        'show_price' => 1,
        'price' => 28.98,
        'active' => 1,
        'unity' => '',
        'unit_price' => 0.0,
        'quantity_available' => 999999999,
        'width' => '0.000000',
        'height' => '0.000000',
        'depth' => '0.000000',
        'out_of_stock' => 2,
        'weight' => 4.2,
        'available_date' => '0000-00-00',
        'date_add' => '2020-06-12 14:20:21',
        'date_upd' => '2022-03-02 08:26:43',
        'quantity' => 1,
        'link_rewrite' => 'verzinkte-strip-50-x-4mm',
        'category' => 'strip',
        'unique_id' => '0000001392000000247010520',
        'id_address_delivery' => 1052,
        'advanced_stock_management' => 0,
        'supplier_reference' => NULL,
        'customization_quantity' => NULL,
        'price_attribute' => '0.000000',
        'ecotax_attr' => '0.000000',
        'reference' => 'A23V',
        'weight_attribute' => 4.2,
        'ean13' => '',
        'isbn' => '',
        'upc' => '',
        'mpn' => '',
        'minimal_quantity' => 1,
        'wholesale_price' => '12.600000',
        'id_image' => '1392-1453',
        'legend' => 'verzinkte strip 50 x 5mm',
        'reduction_type' => 0,
        'is_gift' => false,
        'reduction' => 0.0,
        'reduction_without_tax' => 0.0,
        'price_without_reduction' => 35.0658,
        'specific_prices' => 
        array (
        ),
        'unit_price_ratio' => 0.0,
        'unit_price_tax_excluded' => 0.0,
        'unit_price_tax_included' => 0.0,
        'stock_quantity' => 999999999,
        'price_without_reduction_without_tax' => 28.98,
        'price_with_reduction' => 35.0658,
        'price_with_reduction_without_tax' => 28.98,
        'total' => 28.98,
        'total_wt' => 35.07,
        'price_wt' => 35.0658,
        'reduction_applies' => false,
        'quantity_discount_applies' => false,
        'allow_oosp' => 1,
        'features' => 
        array (
          0 => 
          array (
            'id_feature' => 4,
            'id_product' => 1392,
            'id_feature_value' => 13,
          ),
          1 => 
          array (
            'id_feature' => 9,
            'id_product' => 1392,
            'id_feature_value' => 208,
          ),
          2 => 
          array (
            'id_feature' => 17,
            'id_product' => 1392,
            'id_feature_value' => 24,
          ),
          3 => 
          array (
            'id_feature' => 19,
            'id_product' => 1392,
            'id_feature_value' => 36,
          ),
          4 => 
          array (
            'id_feature' => 23,
            'id_product' => 1392,
            'id_feature_value' => 1408,
          ),
          5 => 
          array (
            'id_feature' => 24,
            'id_product' => 1392,
            'id_feature_value' => 1403,
          ),
          6 => 
          array (
            'id_feature' => 25,
            'id_product' => 1392,
            'id_feature_value' => 1407,
          ),
          7 => 
          array (
            'id_feature' => 26,
            'id_product' => 1392,
            'id_feature_value' => 1409,
          ),
          8 => 
          array (
            'id_feature' => 27,
            'id_product' => 1392,
            'id_feature_value' => 80,
          ),
          9 => 
          array (
            'id_feature' => 28,
            'id_product' => 1392,
            'id_feature_value' => 81,
          ),
          10 => 
          array (
            'id_feature' => 29,
            'id_product' => 1392,
            'id_feature_value' => 1404,
          ),
          11 => 
          array (
            'id_feature' => 30,
            'id_product' => 1392,
            'id_feature_value' => 1406,
          ),
          12 => 
          array (
            'id_feature' => 31,
            'id_product' => 1392,
            'id_feature_value' => 296,
          ),
          13 => 
          array (
            'id_feature' => 32,
            'id_product' => 1392,
            'id_feature_value' => 1316,
          ),
          14 => 
          array (
            'id_feature' => 45,
            'id_product' => 1392,
            'id_feature_value' => 6157,
          ),
          15 => 
          array (
            'id_feature' => 46,
            'id_product' => 1392,
            'id_feature_value' => 7424,
          ),
        ),
        'attributes' => 'Zagen: A',
        'attributes_small' => 'A',
        'rate' => 21.0,
        'tax_name' => 'BTW NL 21%',
      ),
    ),
     '_taxCalculationMethod' => 0,
     'configuration' => 
    PrestaShop\PrestaShop\Adapter\Configuration::__set_state(array(
       'parameters' => NULL,
       'shop' => NULL,
    )),
     'addressFactory' => 
    PrestaShop\PrestaShop\Adapter\AddressFactory::__set_state(array(
    )),
     'shouldSplitGiftProductsQuantity' => false,
     'shouldExcludeGiftsDiscount' => false,
     'added_to_order' => '',
  )),
  'altern' => 1,
)